time,geography,geography_name,grade,n_enrolled,pct_no_record,pct_pbe,pct_me,pct_re,pct_utd_mmr,pct_utd_polio,pct_utd_dtap,pct_utd_hepb,pct_utd_chickenpox,pct_utd_tdap,pct_utd_mcv4
12-31-2019,38001,Adams County,11,14.00,0.00,0.00,0.00,0.00,100.00,100.00,NA,100.00,100.00,100.00,100.00
12-31-2019,38001,Adams County,7,24.00,0.00,0.00,0.00,0.00,100.00,100.00,NA,100.00,100.00,100.00,100.00
12-31-2019,38001,Adams County,Kindergarten,32.00,0.00,3.12,0.00,0.00,96.88,96.88,96.88,96.88,96.88,NA,NA
12-31-2020,38001,Adams County,11,20.00,15.00,0.00,0.00,0.00,90.00,90.00,NA,90.00,90.00,90.00,90.00
12-31-2020,38001,Adams County,7,30.00,13.33,0.00,0.00,0.00,86.67,83.33,NA,86.67,86.67,83.33,83.33
12-31-2020,38001,Adams County,Kindergarten,22.00,0.00,0.00,4.55,0.00,100.00,95.45,95.45,100.00,95.45,NA,NA
12-31-2021,38001,Adams County,11,23.00,8.70,0.00,0.00,0.00,91.30,91.30,NA,91.30,91.30,91.30,91.30
12-31-2021,38001,Adams County,7,20.00,5.00,0.00,5.00,0.00,90.00,90.00,NA,90.00,90.00,90.00,90.00
12-31-2021,38001,Adams County,Kindergarten,16.00,0.00,0.00,0.00,0.00,87.50,87.50,87.50,87.50,87.50,NA,NA
12-31-2023,38001,Adams County,11,20.00,0.00,0.00,0.00,0.00,100.00,100.00,NA,100.00,100.00,100.00,100.00
12-31-2023,38001,Adams County,7,20.00,0.00,0.00,0.00,0.00,100.00,100.00,NA,100.00,100.00,100.00,100.00
12-31-2023,38001,Adams County,Kindergarten,25.00,0.00,0.00,0.00,0.00,100.00,100.00,100.00,100.00,100.00,NA,NA
12-31-2025,38001,Adams County,11,19.00,5.26,0.00,0.00,5.26,94.74,94.74,NA,94.74,94.74,94.74,94.74
12-31-2025,38001,Adams County,7,18.00,22.22,11.11,0.00,5.56,83.33,83.33,NA,88.89,83.33,77.78,77.78
12-31-2025,38001,Adams County,Kindergarten,24.00,0.00,0.00,0.00,0.00,87.50,87.50,87.50,87.50,87.50,NA,NA
12-31-2019,38003,Barnes County,11,109.00,0.00,2.75,0.00,0.92,97.25,97.25,NA,99.08,96.33,93.58,92.66
12-31-2019,38003,Barnes County,7,107.00,0.93,3.74,0.00,0.00,94.39,95.33,NA,97.20,96.26,96.26,95.33
12-31-2019,38003,Barnes County,Kindergarten,115.00,0.00,3.48,0.00,0.00,93.91,93.91,93.04,97.39,93.91,NA,NA
12-31-2020,38003,Barnes County,11,131.00,0.00,1.53,0.00,0.00,97.71,98.47,NA,99.24,98.47,96.95,96.18
12-31-2020,38003,Barnes County,7,117.00,0.85,1.71,0.00,1.71,95.73,95.73,NA,94.87,94.87,95.73,94.87
12-31-2020,38003,Barnes County,Kindergarten,124.00,0.00,2.42,0.00,0.81,95.16,95.16,95.16,95.97,95.16,NA,NA
12-31-2021,38003,Barnes County,11,102.00,0.00,1.96,0.00,1.96,95.10,95.10,NA,94.12,95.10,95.10,95.10
12-31-2021,38003,Barnes County,7,119.00,0.84,1.68,0.00,0.00,97.48,97.48,NA,97.48,97.48,94.12,94.12
12-31-2021,38003,Barnes County,Kindergarten,116.00,0.00,3.45,0.86,0.00,94.83,94.83,94.83,95.69,93.97,NA,NA
12-31-2022,38003,Barnes County,11,134.00,0.00,1.49,0.00,0.00,98.51,98.51,NA,98.51,98.51,97.76,97.01
12-31-2022,38003,Barnes County,7,90.00,1.11,6.67,1.11,0.00,91.11,92.22,NA,93.33,91.11,92.22,92.22
12-31-2022,38003,Barnes County,Kindergarten,122.00,0.82,3.28,0.00,0.00,95.90,95.90,95.90,96.72,95.90,NA,NA
12-31-2023,38003,Barnes County,11,98.00,3.06,3.06,0.00,0.00,96.94,96.94,NA,97.96,96.94,96.94,94.90
12-31-2023,38003,Barnes County,7,107.00,2.80,1.87,0.00,0.00,98.13,97.20,NA,98.13,98.13,96.26,95.33
12-31-2023,38003,Barnes County,Kindergarten,93.00,0.00,1.08,0.00,0.00,96.77,97.85,97.85,98.92,96.77,NA,NA
12-31-2024,38003,Barnes County,11,18.00,0.00,0.00,0.00,0.00,100.00,100.00,NA,100.00,100.00,94.44,100.00
12-31-2024,38003,Barnes County,7,19.00,0.00,0.00,0.00,0.00,100.00,94.74,NA,94.74,100.00,89.47,89.47
12-31-2024,38003,Barnes County,Kindergarten,105.00,0.00,4.76,0.95,0.00,95.24,95.24,95.24,96.19,95.24,NA,NA
12-31-2025,38003,Barnes County,11,109.00,0.00,1.90,0.00,0.00,96.19,96.19,NA,96.19,96.19,92.38,90.48
12-31-2025,38003,Barnes County,7,71.00,1.41,4.23,0.00,2.82,91.55,92.96,NA,92.96,94.37,87.32,87.32
12-31-2025,38003,Barnes County,Kindergarten,88.00,1.14,1.14,0.00,0.00,92.05,92.05,92.05,93.18,92.05,NA,NA
12-31-2019,38005,Benson County,11,79.00,0.00,1.27,0.00,0.00,98.73,98.73,NA,98.73,98.73,98.73,81.01
12-31-2019,38005,Benson County,7,129.00,0.00,1.55,0.00,0.00,98.45,98.45,NA,96.90,98.45,90.70,91.47
12-31-2019,38005,Benson County,Kindergarten,143.00,0.00,0.00,0.00,0.00,97.90,97.90,97.90,98.60,97.90,NA,NA
12-31-2020,38005,Benson County,11,78.00,0.00,2.74,0.00,0.00,97.26,97.26,NA,97.26,98.63,94.52,94.52
12-31-2020,38005,Benson County,7,107.00,2.80,0.00,0.00,0.00,99.07,99.07,NA,99.07,99.07,96.26,96.26
12-31-2020,38005,Benson County,Kindergarten,173.00,0.00,0.00,0.00,0.00,98.27,98.84,98.27,97.69,98.84,NA,NA
12-31-2021,38005,Benson County,11,97.00,0.00,2.06,0.00,0.00,97.94,97.94,NA,97.94,96.91,97.94,74.23
12-31-2021,38005,Benson County,7,119.00,0.00,0.84,0.00,0.00,99.16,99.16,NA,99.16,99.16,85.71,85.71
12-31-2021,38005,Benson County,Kindergarten,132.00,0.00,0.00,0.00,0.00,98.48,98.48,97.73,100.00,98.48,NA,NA
12-31-2022,38005,Benson County,11,69.00,1.45,2.90,0.00,0.00,97.10,95.65,NA,97.10,95.65,95.65,92.75
12-31-2022,38005,Benson County,7,109.00,0.00,1.87,0.00,0.93,96.26,97.20,NA,97.20,97.20,94.39,94.39
12-31-2022,38005,Benson County,Kindergarten,74.00,1.41,1.41,0.00,0.00,94.37,94.37,94.37,97.18,94.37,NA,NA
12-31-2023,38005,Benson County,11,96.00,1.04,1.04,0.00,0.00,98.96,98.96,NA,98.96,98.96,98.96,91.67
12-31-2023,38005,Benson County,7,75.00,0.00,0.00,0.00,0.00,100.00,100.00,NA,100.00,100.00,100.00,100.00
12-31-2023,38005,Benson County,Kindergarten,137.00,0.00,0.00,0.00,0.00,99.27,97.08,96.35,99.27,99.27,NA,NA
12-31-2024,38005,Benson County,11,46.00,0.00,2.17,0.00,0.00,97.83,97.83,NA,97.83,97.83,97.83,86.96
12-31-2024,38005,Benson County,7,100.00,0.01,1.00,0.00,0.00,98.00,98.00,NA,98.00,98.00,98.00,97.00
12-31-2024,38005,Benson County,Kindergarten,118.00,0.00,3.39,0.00,0.00,94.92,94.92,94.92,96.61,94.07,NA,NA
12-31-2025,38005,Benson County,11,70.00,0.00,0.00,0.00,0.00,100.00,100.00,NA,100.00,100.00,100.00,94.29
12-31-2025,38005,Benson County,7,135.00,0.00,0.00,0.00,0.00,99.26,99.26,NA,54.81,99.26,99.26,97.78
12-31-2025,38005,Benson County,Kindergarten,108.00,0.00,0.00,0.00,0.00,100.00,100.00,100.00,100.00,100.00,NA,NA
12-31-2019,38007,Billings County,7,6.00,0.00,16.67,0.00,0.00,83.33,83.33,NA,83.33,83.33,83.33,83.33
12-31-2020,38007,Billings County,Kindergarten,7.00,0.00,0.00,0.00,0.00,100.00,100.00,100.00,100.00,100.00,NA,NA
12-31-2023,38007,Billings County,Kindergarten,10.00,0.00,0.00,0.00,0.00,80.00,70.00,70.00,80.00,70.00,NA,NA
12-31-2024,38007,Billings County,Kindergarten,6.00,0.00,16.67,0.00,0.00,83.33,83.33,83.33,83.33,83.33,NA,NA
12-31-2025,38007,Billings County,7,16.00,0.00,12.50,0.00,0.00,87.50,87.50,NA,100.00,87.50,87.50,87.50
12-31-2025,38007,Billings County,Kindergarten,9.00,0.00,33.33,0.00,0.00,50.00,50.00,50.00,50.00,50.00,NA,NA
12-31-2019,38009,Bottineau County,11,56.00,1.79,0.00,0.00,0.00,98.21,96.43,NA,98.21,96.43,96.43,66.07
12-31-2019,38009,Bottineau County,7,67.00,0.00,0.00,0.00,0.00,100.00,85.07,NA,100.00,97.01,95.52,95.52
12-31-2019,38009,Bottineau County,Kindergarten,74.00,0.00,2.70,2.70,0.00,94.59,97.30,95.95,98.65,93.24,NA,NA
12-31-2020,38009,Bottineau County,11,64.00,1.56,0.00,0.00,0.00,98.44,98.44,NA,98.44,98.44,98.44,87.50
12-31-2020,38009,Bottineau County,7,66.00,4.55,1.52,0.00,0.00,98.48,98.48,NA,100.00,98.48,93.94,96.97
12-31-2020,38009,Bottineau County,Kindergarten,72.00,0.00,2.78,0.00,0.00,98.61,98.61,97.22,98.61,97.22,NA,NA
12-31-2021,38009,Bottineau County,11,63.00,0.00,3.17,0.00,0.00,88.89,88.89,NA,88.89,88.89,88.89,77.78
12-31-2021,38009,Bottineau County,7,61.00,0.00,0.00,0.00,0.00,100.00,98.21,NA,100.00,100.00,100.00,100.00
12-31-2021,38009,Bottineau County,Kindergarten,73.00,0.00,6.85,0.00,2.74,90.41,90.41,90.41,93.15,87.67,NA,NA
12-31-2022,38009,Bottineau County,11,53.00,0.00,0.00,1.92,0.00,86.54,86.54,NA,86.54,86.54,84.62,86.54
12-31-2022,38009,Bottineau County,7,91.00,0.00,4.40,1.10,0.00,15.38,82.42,NA,16.48,79.12,72.53,71.43
12-31-2022,38009,Bottineau County,Kindergarten,65.00,0.00,6.15,0.00,1.54,76.92,76.92,76.92,80.00,76.92,NA,NA
12-31-2023,38009,Bottineau County,11,66.00,0.00,0.00,0.00,0.00,81.82,80.30,NA,80.30,80.30,81.82,71.21
12-31-2023,38009,Bottineau County,7,46.00,0.00,0.00,0.00,0.00,100.00,100.00,NA,100.00,100.00,100.00,100.00
12-31-2023,38009,Bottineau County,Kindergarten,55.00,0.00,0.00,0.00,10.91,74.55,76.36,74.55,76.36,72.73,NA,NA
12-31-2024,38009,Bottineau County,11,23.00,4.35,8.70,0.00,0.00,86.96,86.96,NA,86.96,86.96,86.96,86.96
12-31-2024,38009,Bottineau County,7,14.00,0.07,0.00,0.00,0.00,92.86,92.86,NA,92.86,92.86,92.86,92.86
12-31-2024,38009,Bottineau County,Kindergarten,73.00,0.00,10.96,0.00,0.00,87.67,87.67,87.67,90.41,89.04,NA,NA
12-31-2025,38009,Bottineau County,11,62.00,5.17,1.72,0.00,0.00,96.55,96.55,NA,96.55,96.55,94.83,87.93
12-31-2025,38009,Bottineau County,7,17.00,11.76,0.00,0.00,11.76,88.24,88.24,NA,88.24,88.24,88.24,88.24
12-31-2025,38009,Bottineau County,Kindergarten,61.00,0.00,5.17,0.00,3.45,91.38,91.38,91.38,91.38,91.38,NA,NA
12-31-2019,38011,Bowman County,11,40.00,0.00,0.00,0.00,0.00,100.00,100.00,NA,100.00,92.50,97.50,92.50
12-31-2019,38011,Bowman County,7,53.00,0.00,3.77,0.00,0.00,96.23,98.11,NA,94.34,94.34,62.26,54.72
12-31-2019,38011,Bowman County,Kindergarten,48.00,0.00,0.00,2.08,0.00,97.92,100.00,100.00,100.00,97.92,NA,NA
12-31-2020,38011,Bowman County,11,46.00,2.17,0.00,0.00,0.00,97.83,97.83,NA,97.83,95.65,47.83,41.30
12-31-2020,38011,Bowman County,7,50.00,78.00,0.00,0.00,0.00,98.00,98.00,NA,96.00,98.00,48.00,46.00
12-31-2020,38011,Bowman County,Kindergarten,43.00,0.00,0.00,0.00,0.00,100.00,100.00,100.00,100.00,100.00,NA,NA
12-31-2021,38011,Bowman County,11,43.00,0.00,0.00,0.00,2.33,97.67,95.35,NA,97.67,95.35,62.79,95.35
12-31-2021,38011,Bowman County,7,52.00,0.00,5.77,0.00,0.00,94.23,96.15,NA,96.15,94.23,44.23,34.62
12-31-2021,38011,Bowman County,Kindergarten,53.00,0.00,1.89,0.00,0.00,98.11,98.11,98.11,96.23,98.11,NA,NA
12-31-2022,38011,Bowman County,11,35.00,0.00,0.00,0.00,2.86,97.14,97.14,NA,97.14,94.29,65.71,68.57
12-31-2022,38011,Bowman County,7,47.00,2.13,4.26,0.00,0.00,95.74,95.74,NA,97.87,93.62,17.02,17.02
12-31-2022,38011,Bowman County,Kindergarten,39.00,0.00,5.88,0.00,2.94,50.00,50.00,50.00,55.88,50.00,NA,NA
12-31-2023,38011,Bowman County,11,55.00,1.82,3.64,0.00,1.82,92.73,92.73,NA,92.73,94.55,60.00,52.73
12-31-2023,38011,Bowman County,7,47.00,2.13,2.13,0.00,0.00,93.62,93.62,NA,95.74,87.23,10.64,10.64
12-31-2023,38011,Bowman County,Kindergarten,41.00,0.00,0.00,0.00,0.00,100.00,97.56,97.56,100.00,100.00,NA,NA
12-31-2024,38011,Bowman County,11,9.00,0.00,0.00,0.00,0.00,100.00,100.00,NA,100.00,100.00,100.00,100.00
12-31-2024,38011,Bowman County,7,12.00,0.00,0.00,0.00,0.00,100.00,100.00,NA,100.00,100.00,100.00,100.00
12-31-2024,38011,Bowman County,Kindergarten,33.00,3.03,3.03,0.00,0.00,93.94,96.97,93.94,96.97,93.94,NA,NA
12-31-2025,38011,Bowman County,11,57.00,0.00,1.75,0.00,0.00,98.25,96.49,NA,98.25,98.25,47.37,38.60
12-31-2025,38011,Bowman County,7,148.00,3.38,1.35,0.00,3.38,93.92,93.92,NA,93.92,93.92,72.30,68.92
12-31-2025,38011,Bowman County,Kindergarten,47.00,0.00,6.52,0.00,6.52,89.13,91.30,89.13,97.83,89.13,NA,NA
12-31-2019,38013,Burke County,11,24.00,0.00,8.33,0.00,0.00,91.67,91.67,NA,95.83,87.50,83.33,70.83
12-31-2019,38013,Burke County,7,17.00,0.00,5.88,0.00,5.88,94.12,94.12,NA,88.24,94.12,82.35,82.35
12-31-2019,38013,Burke County,Kindergarten,36.00,3.23,0.00,0.00,3.23,87.10,93.55,93.55,93.55,90.32,NA,NA
12-31-2020,38013,Burke County,11,31.00,3.23,6.45,0.00,6.45,87.10,87.10,NA,83.87,83.87,83.87,77.42
12-31-2020,38013,Burke County,7,37.00,2.70,5.41,0.00,2.70,91.89,91.89,NA,94.59,89.19,83.78,83.78
12-31-2020,38013,Burke County,Kindergarten,26.00,3.85,3.85,0.00,0.00,92.31,92.31,92.31,88.46,92.31,NA,NA
12-31-2021,38013,Burke County,11,20.00,0.00,0.00,0.00,6.67,93.33,93.33,NA,93.33,93.33,86.67,40.00
12-31-2021,38013,Burke County,7,28.00,0.00,3.57,0.00,7.14,89.29,89.29,NA,92.86,89.29,78.57,78.57
12-31-2021,38013,Burke County,Kindergarten,34.00,5.88,0.00,0.00,0.00,88.24,88.24,88.24,91.18,88.24,NA,NA
12-31-2022,38013,Burke County,11,32.00,0.00,3.12,0.00,0.00,93.75,93.75,NA,93.75,93.75,87.50,81.25
12-31-2022,38013,Burke County,7,32.00,0.00,7.41,0.00,7.41,85.19,85.19,NA,88.89,85.19,70.37,70.37
12-31-2022,38013,Burke County,Kindergarten,33.00,0.00,0.00,0.00,6.90,79.31,82.76,82.76,93.10,79.31,NA,NA
12-31-2023,38013,Burke County,11,17.00,5.88,5.88,0.00,5.88,82.35,82.35,NA,88.24,82.35,82.35,82.35
12-31-2023,38013,Burke County,7,15.00,0.00,6.67,0.00,0.00,93.33,93.33,NA,93.33,93.33,86.67,86.67
12-31-2023,38013,Burke County,Kindergarten,33.00,3.03,3.03,3.03,3.03,84.85,84.85,84.85,87.88,84.85,NA,NA
12-31-2024,38013,Burke County,11,38.00,0.00,2.63,0.00,2.63,86.84,86.84,NA,89.47,86.84,86.84,86.84
12-31-2024,38013,Burke County,7,36.00,0.03,2.78,0.00,2.78,91.67,91.67,NA,91.67,91.67,86.11,86.11
12-31-2024,38013,Burke County,Kindergarten,33.00,6.06,0.00,0.00,3.03,81.82,81.82,81.82,87.88,81.82,NA,NA
12-31-2025,38013,Burke County,11,29.00,4.00,4.00,0.00,4.00,92.00,88.00,NA,92.00,88.00,92.00,72.00
12-31-2025,38013,Burke County,7,62.00,9.68,3.23,1.61,0.00,90.32,90.32,NA,90.32,90.32,90.32,90.32
12-31-2025,38013,Burke County,Kindergarten,30.00,3.70,3.70,0.00,3.70,81.48,81.48,77.78,85.19,81.48,NA,NA
12-31-2019,38015,Burleigh County,11,1080.00,0.28,1.30,0.00,0.19,98.15,98.24,NA,98.43,97.87,97.22,89.81
12-31-2019,38015,Burleigh County,7,1220.00,0.08,1.15,0.08,0.66,97.94,98.02,NA,98.19,97.53,96.71,96.38
12-31-2019,38015,Burleigh County,Kindergarten,1217.00,0.17,4.70,0.50,1.57,91.67,92.16,91.84,92.74,91.77,NA,NA
12-31-2020,38015,Burleigh County,11,1105.00,0.00,1.18,0.09,0.45,98.19,98.19,NA,98.28,97.56,96.92,96.02
12-31-2020,38015,Burleigh County,7,1273.00,0.24,2.04,0.63,0.63,96.54,97.17,NA,98.19,96.62,95.76,95.21
12-31-2020,38015,Burleigh County,Kindergarten,1275.00,0.16,3.70,0.39,0.63,95.43,94.80,94.41,96.46,94.80,NA,NA
12-31-2021,38015,Burleigh County,11,1087.00,0.00,1.10,0.28,0.83,97.79,97.42,NA,98.07,96.96,96.60,92.82
12-31-2021,38015,Burleigh County,7,1258.00,0.87,2.46,0.16,0.40,96.10,96.10,NA,96.82,95.79,92.85,92.77
12-31-2021,38015,Burleigh County,Kindergarten,1289.00,1.40,4.03,0.39,1.32,91.85,91.93,91.78,94.18,91.47,NA,NA
12-31-2022,38015,Burleigh County,11,1227.00,3.10,2.28,0.00,0.41,89.08,89.16,NA,90.22,88.67,88.18,82.48
12-31-2022,38015,Burleigh County,7,1223.00,1.16,2.15,0.17,0.58,97.02,96.86,NA,97.11,95.62,93.72,92.89
12-31-2022,38015,Burleigh County,Kindergarten,1315.00,0.00,3.62,0.15,2.00,94.07,94.15,93.84,96.61,93.46,NA,NA
12-31-2023,38015,Burleigh County,11,1164.00,0.95,1.72,0.09,0.60,97.59,97.51,NA,98.02,96.91,96.91,90.89
12-31-2023,38015,Burleigh County,7,1208.00,0.41,3.15,0.25,0.66,95.61,95.70,NA,96.52,95.28,92.22,91.89
12-31-2023,38015,Burleigh County,Kindergarten,1247.00,0.72,3.85,0.08,1.76,91.82,91.42,91.98,93.34,91.02,NA,NA
12-31-2024,38015,Burleigh County,11,55.00,0.00,0.00,1.82,0.00,98.18,100.00,NA,98.18,94.55,94.55,72.73
12-31-2024,38015,Burleigh County,7,42.00,0.00,2.38,0.00,2.38,95.24,95.24,NA,95.24,95.24,83.33,80.95
12-31-2024,38015,Burleigh County,Kindergarten,1191.00,0.17,5.29,0.34,3.07,90.35,90.61,90.01,94.11,90.09,NA,NA
12-31-2025,38015,Burleigh County,11,1260.00,0.40,2.39,0.24,0.64,96.73,96.57,NA,97.21,96.57,94.90,88.45
12-31-2025,38015,Burleigh County,7,984.00,1.12,2.74,0.00,0.91,95.83,95.93,NA,96.65,95.83,88.31,88.01
12-31-2025,38015,Burleigh County,Kindergarten,1120.00,0.63,7.12,0.27,2.61,88.56,88.29,88.29,93.06,87.57,NA,NA
12-31-2019,38017,Cass County,11,1757.00,0.11,0.63,0.00,0.11,99.15,98.98,NA,99.03,99.43,98.86,94.25
12-31-2019,38017,Cass County,7,2080.00,0.14,1.25,0.10,0.19,98.27,98.22,NA,98.03,98.08,95.72,95.38
12-31-2019,38017,Cass County,Kindergarten,2331.00,0.30,1.93,0.13,0.30,95.71,94.65,95.34,97.05,95.11,NA,NA
12-31-2020,38017,Cass County,11,1798.00,0.00,1.06,0.00,0.11,98.61,98.72,NA,98.50,98.50,98.11,92.71
12-31-2020,38017,Cass County,7,2157.00,0.56,1.34,0.19,0.46,97.54,97.50,NA,97.91,97.59,95.73,95.60
12-31-2020,38017,Cass County,Kindergarten,2386.00,0.21,1.84,0.25,0.21,96.94,96.90,96.69,97.36,96.94,NA,NA
12-31-2021,38017,Cass County,11,1889.00,0.11,1.43,0.05,0.37,97.41,97.41,NA,97.78,97.09,97.25,84.07
12-31-2021,38017,Cass County,7,2202.00,0.18,1.41,0.00,0.46,97.95,97.76,NA,98.22,97.81,91.61,91.20
12-31-2021,38017,Cass County,Kindergarten,2245.00,1.11,1.65,0.18,1.16,93.81,93.27,93.18,96.17,93.85,NA,NA
12-31-2022,38017,Cass County,11,1872.00,0.48,0.64,0.05,0.54,97.96,97.59,NA,97.70,97.70,96.57,82.97
12-31-2022,38017,Cass County,7,2170.00,1.25,1.71,0.00,0.32,97.41,97.18,NA,97.55,96.67,88.84,88.29
12-31-2022,38017,Cass County,Kindergarten,2451.00,2.01,2.71,0.37,0.66,92.65,92.24,91.96,94.50,92.12,NA,NA
12-31-2023,38017,Cass County,11,2078.00,1.11,1.30,0.10,0.29,97.83,97.98,NA,97.74,96.73,96.87,90.18
12-31-2023,38017,Cass County,7,2211.00,1.76,1.81,0.05,0.41,96.74,96.61,NA,96.83,96.29,92.40,92.27
12-31-2023,38017,Cass County,Kindergarten,2436.00,1.19,1.68,0.21,1.35,94.62,94.42,94.17,96.06,94.33,NA,NA
12-31-2024,38017,Cass County,11,172.00,0.00,1.16,0.00,0.00,98.84,98.84,NA,98.84,98.84,98.84,95.35
12-31-2024,38017,Cass County,7,191.00,0.02,3.66,0.00,1.05,93.72,93.72,NA,93.19,93.19,89.53,89.01
12-31-2024,38017,Cass County,Kindergarten,2206.00,1.00,3.72,0.27,1.63,92.70,92.02,91.16,94.11,92.43,NA,NA
12-31-2025,38017,Cass County,11,2175.00,1.38,1.33,0.05,0.18,98.30,97.84,NA,98.67,98.16,97.01,85.70
12-31-2025,38017,Cass County,7,1777.00,2.14,2.87,0.00,1.24,95.61,95.27,NA,95.67,95.10,88.80,88.63
12-31-2025,38017,Cass County,Kindergarten,2349.00,0.81,2.48,0.34,2.14,92.91,92.52,92.10,95.30,92.70,NA,NA
12-31-2019,38019,Cavalier County,11,49.00,0.00,0.00,0.00,0.00,100.00,100.00,NA,100.00,100.00,100.00,97.96
12-31-2019,38019,Cavalier County,7,40.00,0.00,2.50,0.00,0.00,97.50,97.50,NA,97.50,97.50,97.50,97.50
12-31-2019,38019,Cavalier County,Kindergarten,43.00,0.00,0.00,0.00,0.00,100.00,100.00,100.00,100.00,100.00,NA,NA
12-31-2020,38019,Cavalier County,11,42.00,7.14,0.00,0.00,0.00,100.00,100.00,NA,100.00,97.62,95.24,95.24
12-31-2020,38019,Cavalier County,7,30.00,10.00,0.00,0.00,0.00,100.00,100.00,NA,100.00,96.67,93.33,96.67
12-31-2020,38019,Cavalier County,Kindergarten,57.00,0.00,0.00,1.75,1.75,96.49,96.49,96.49,98.25,96.49,NA,NA
12-31-2021,38019,Cavalier County,11,25.00,0.00,0.00,0.00,0.00,100.00,100.00,NA,100.00,100.00,100.00,100.00
12-31-2021,38019,Cavalier County,7,44.00,0.00,0.00,0.00,2.27,97.73,97.73,NA,100.00,97.73,97.73,97.73
12-31-2021,38019,Cavalier County,Kindergarten,55.00,0.00,0.00,0.00,0.00,100.00,100.00,96.36,98.18,98.18,NA,NA
12-31-2022,38019,Cavalier County,11,33.00,6.06,0.00,0.00,0.00,100.00,100.00,NA,100.00,100.00,93.94,100.00
12-31-2022,38019,Cavalier County,7,28.00,4.17,0.00,0.00,0.00,100.00,100.00,NA,100.00,100.00,95.83,95.83
12-31-2022,38019,Cavalier County,Kindergarten,44.00,0.00,0.00,0.00,0.00,100.00,100.00,100.00,100.00,100.00,NA,NA
12-31-2023,38019,Cavalier County,11,37.00,0.00,0.00,0.00,0.00,100.00,100.00,NA,100.00,100.00,94.59,97.30
12-31-2023,38019,Cavalier County,7,26.00,0.00,0.00,0.00,0.00,100.00,96.15,NA,96.15,100.00,92.31,92.31
12-31-2023,38019,Cavalier County,Kindergarten,70.00,0.00,1.43,0.00,1.43,97.14,97.14,97.14,97.14,97.14,NA,NA
12-31-2024,38019,Cavalier County,7,10.00,0.00,0.00,0.00,0.00,100.00,100.00,NA,100.00,100.00,90.00,90.00
12-31-2024,38019,Cavalier County,Kindergarten,60.00,0.00,0.00,0.00,3.33,96.67,95.00,95.00,98.33,95.00,NA,NA
12-31-2025,38019,Cavalier County,11,45.00,2.22,0.00,0.00,2.22,97.78,97.78,NA,100.00,97.78,97.78,91.11
12-31-2025,38019,Cavalier County,7,20.00,10.00,5.00,0.00,0.00,80.00,80.00,NA,80.00,80.00,75.00,75.00
12-31-2025,38019,Cavalier County,Kindergarten,46.00,0.00,0.00,0.00,2.38,97.62,100.00,100.00,100.00,100.00,NA,NA
12-31-2019,38021,Dickey County,11,63.00,0.00,1.59,0.00,0.00,98.41,98.41,NA,98.41,98.41,98.41,88.89
12-31-2019,38021,Dickey County,7,77.00,0.00,5.19,0.00,0.00,94.81,93.51,NA,87.01,94.81,92.21,92.21
12-31-2019,38021,Dickey County,Kindergarten,59.00,0.00,5.08,0.00,0.00,94.92,94.92,94.92,94.92,93.22,NA,NA
12-31-2020,38021,Dickey County,11,56.00,0.00,3.57,0.00,0.00,96.43,96.43,NA,98.21,98.21,96.43,82.14
12-31-2020,38021,Dickey County,7,65.00,0.00,0.00,0.00,0.00,98.46,98.46,NA,98.46,98.46,95.38,95.38
12-31-2020,38021,Dickey County,Kindergarten,71.00,0.00,2.82,0.00,0.00,98.59,98.59,98.59,97.18,98.59,NA,NA
12-31-2021,38021,Dickey County,11,50.00,0.00,2.00,0.00,0.00,98.00,98.00,NA,98.00,98.00,98.00,96.00
12-31-2021,38021,Dickey County,7,69.00,0.00,7.25,0.00,0.00,92.75,92.75,NA,92.75,91.30,92.75,91.30
12-31-2021,38021,Dickey County,Kindergarten,57.00,0.00,1.75,0.00,0.00,92.98,92.98,92.98,94.74,92.98,NA,NA
12-31-2022,38021,Dickey County,11,72.00,0.00,1.39,0.00,0.00,98.61,98.61,NA,98.61,98.61,97.22,86.11
12-31-2022,38021,Dickey County,7,75.00,0.00,1.41,0.00,0.00,98.59,98.59,NA,98.59,97.18,91.55,90.14
12-31-2022,38021,Dickey County,Kindergarten,60.00,3.64,3.64,0.00,0.00,90.91,90.91,90.91,90.91,90.91,NA,NA
12-31-2023,38021,Dickey County,11,65.00,1.54,4.62,0.00,0.00,93.85,93.85,NA,93.85,93.85,93.85,84.62
12-31-2023,38021,Dickey County,7,61.00,0.00,1.64,0.00,0.00,96.72,96.72,NA,96.72,96.72,95.08,95.08
12-31-2023,38021,Dickey County,Kindergarten,47.00,0.00,10.64,0.00,0.00,85.11,85.11,85.11,85.11,85.11,NA,NA
12-31-2024,38021,Dickey County,11,22.00,4.55,0.00,0.00,0.00,95.45,95.45,NA,95.45,95.45,95.45,86.36
12-31-2024,38021,Dickey County,7,31.00,0.00,0.00,0.00,0.00,96.77,100.00,NA,100.00,100.00,67.74,64.52
12-31-2024,38021,Dickey County,Kindergarten,53.00,0.00,3.77,0.00,0.00,84.91,83.02,79.25,96.23,84.91,NA,NA
12-31-2025,38021,Dickey County,11,61.00,0.00,4.92,0.00,0.00,95.08,95.08,NA,95.08,93.44,95.08,80.33
12-31-2025,38021,Dickey County,7,71.00,2.82,2.82,0.00,0.00,97.18,97.18,NA,97.18,97.18,88.73,88.73
12-31-2025,38021,Dickey County,Kindergarten,46.00,0.00,14.63,0.00,0.00,80.49,80.49,80.49,87.80,80.49,NA,NA
12-31-2019,38023,Divide County,11,27.00,3.70,3.70,0.00,0.00,92.59,92.59,NA,92.59,92.59,92.59,85.19
12-31-2019,38023,Divide County,7,34.00,0.00,2.94,0.00,2.94,94.12,94.12,NA,91.18,94.12,94.12,94.12
12-31-2019,38023,Divide County,Kindergarten,31.00,0.00,0.00,0.00,0.00,100.00,100.00,100.00,100.00,100.00,NA,NA
12-31-2020,38023,Divide County,11,30.00,3.33,0.00,0.00,3.33,93.33,96.67,NA,96.67,96.67,93.33,93.33
12-31-2020,38023,Divide County,7,25.00,0.00,0.00,0.00,0.00,100.00,100.00,NA,100.00,100.00,100.00,100.00
12-31-2020,38023,Divide County,Kindergarten,31.00,0.00,0.00,0.00,0.00,100.00,100.00,100.00,100.00,100.00,NA,NA
12-31-2021,38023,Divide County,11,30.00,0.00,0.00,0.00,0.00,100.00,100.00,NA,100.00,100.00,100.00,83.33
12-31-2021,38023,Divide County,7,37.00,0.00,0.00,0.00,0.00,100.00,100.00,NA,100.00,100.00,91.89,91.89
12-31-2021,38023,Divide County,Kindergarten,30.00,0.00,3.33,0.00,3.33,93.33,93.33,93.33,93.33,93.33,NA,NA
12-31-2022,38023,Divide County,11,32.00,0.00,0.00,0.00,0.00,100.00,100.00,NA,100.00,100.00,100.00,100.00
12-31-2022,38023,Divide County,7,32.00,0.00,0.00,0.00,0.00,100.00,100.00,NA,100.00,100.00,100.00,100.00
12-31-2022,38023,Divide County,Kindergarten,36.00,0.00,2.78,0.00,8.33,88.89,88.89,88.89,88.89,88.89,NA,NA
12-31-2023,38023,Divide County,11,24.00,0.00,0.00,0.00,0.00,100.00,100.00,NA,100.00,100.00,100.00,66.67
12-31-2023,38023,Divide County,7,21.00,0.00,0.00,0.00,0.00,100.00,100.00,NA,100.00,100.00,85.71,85.71
12-31-2023,38023,Divide County,Kindergarten,37.00,0.00,2.70,0.00,2.70,94.59,94.59,94.59,97.30,94.59,NA,NA
12-31-2024,38023,Divide County,Kindergarten,28.00,0.00,3.57,0.00,0.00,92.86,92.86,92.86,100.00,92.86,NA,NA
12-31-2025,38023,Divide County,11,34.00,6.67,6.67,0.00,0.00,93.33,93.33,NA,93.33,93.33,93.33,93.33
12-31-2025,38023,Divide County,7,320.00,0.00,0.31,0.00,0.00,99.06,99.06,NA,98.75,99.06,95.00,95.00
12-31-2025,38023,Divide County,Kindergarten,34.00,0.00,8.82,0.00,0.00,91.18,91.18,91.18,91.18,91.18,NA,NA
12-31-2019,38025,Dunn County,11,36.00,0.00,0.00,0.00,0.00,100.00,100.00,NA,100.00,100.00,97.22,61.11
12-31-2019,38025,Dunn County,7,43.00,0.00,2.33,0.00,0.00,88.37,88.37,NA,86.05,88.37,88.37,88.37
12-31-2019,38025,Dunn County,Kindergarten,52.00,7.69,15.38,0.00,1.92,69.23,69.23,69.23,73.08,69.23,NA,NA
12-31-2020,38025,Dunn County,11,34.00,2.94,0.00,0.00,0.00,94.12,94.12,NA,94.12,94.12,97.06,55.88
12-31-2020,38025,Dunn County,7,50.00,0.00,2.00,0.00,0.00,96.00,98.00,NA,98.00,98.00,72.00,70.00
12-31-2020,38025,Dunn County,Kindergarten,47.00,4.26,6.38,0.00,0.00,78.72,80.85,80.85,80.85,78.72,NA,NA
12-31-2021,38025,Dunn County,11,43.00,4.65,0.00,0.00,0.00,95.35,95.35,NA,95.35,95.35,93.02,44.19
12-31-2021,38025,Dunn County,7,58.00,1.89,9.43,0.00,0.00,88.68,88.68,NA,88.68,88.68,62.26,62.26
12-31-2021,38025,Dunn County,Kindergarten,61.00,0.00,6.56,1.64,0.00,81.97,81.97,81.97,81.97,81.97,NA,NA
12-31-2022,38025,Dunn County,11,42.00,7.14,2.38,0.00,0.00,90.48,90.48,NA,90.48,90.48,85.71,42.86
12-31-2022,38025,Dunn County,7,49.00,0.00,0.00,0.00,2.08,95.83,95.83,NA,97.92,97.92,85.42,85.42
12-31-2022,38025,Dunn County,Kindergarten,59.00,3.85,3.85,0.00,0.00,90.38,90.38,90.38,88.46,90.38,NA,NA
12-31-2023,38025,Dunn County,11,38.00,5.26,0.00,0.00,0.00,94.74,94.74,NA,94.74,89.47,86.84,55.26
12-31-2023,38025,Dunn County,7,45.00,8.89,8.89,0.00,0.00,82.22,82.22,NA,84.44,80.00,71.11,64.44
12-31-2023,38025,Dunn County,Kindergarten,62.00,9.68,3.23,0.00,4.84,67.74,69.35,69.35,79.03,67.74,NA,NA
12-31-2024,38025,Dunn County,Kindergarten,51.00,5.88,0.00,0.00,1.96,86.27,88.24,84.31,90.20,86.27,NA,NA
12-31-2025,38025,Dunn County,11,44.00,0.00,4.55,0.00,2.27,88.64,88.64,NA,93.18,86.36,88.64,70.45
12-31-2025,38025,Dunn County,7,189.00,1.06,0.53,0.00,0.00,95.24,95.24,NA,95.24,95.24,95.24,95.24
12-31-2025,38025,Dunn County,Kindergarten,48.00,6.25,2.08,0.00,2.08,81.25,81.25,81.25,91.67,81.25,NA,NA
12-31-2019,38027,Eddy County,11,21.00,0.00,0.00,0.00,0.00,100.00,100.00,NA,100.00,100.00,100.00,100.00
12-31-2019,38027,Eddy County,7,20.00,0.00,0.00,0.00,0.00,100.00,100.00,NA,100.00,100.00,95.00,95.00
12-31-2019,38027,Eddy County,Kindergarten,19.00,0.00,0.00,0.00,0.00,100.00,100.00,100.00,100.00,100.00,NA,NA
12-31-2020,38027,Eddy County,11,31.00,0.00,3.23,0.00,0.00,64.52,64.52,NA,64.52,64.52,64.52,64.52
12-31-2020,38027,Eddy County,7,25.00,0.00,0.00,0.00,0.00,100.00,100.00,NA,100.00,88.00,100.00,96.00
12-31-2020,38027,Eddy County,Kindergarten,32.00,3.12,0.00,0.00,0.00,96.88,96.88,96.88,96.88,96.88,NA,NA
12-31-2021,38027,Eddy County,11,25.00,0.00,0.00,0.00,0.00,100.00,100.00,NA,100.00,100.00,100.00,100.00
12-31-2021,38027,Eddy County,7,18.00,0.00,0.00,0.00,0.00,100.00,100.00,NA,100.00,100.00,100.00,100.00
12-31-2021,38027,Eddy County,Kindergarten,35.00,0.00,2.86,0.00,0.00,97.14,94.29,94.29,100.00,97.14,NA,NA
12-31-2022,38027,Eddy County,11,18.00,0.00,0.00,0.00,0.00,100.00,100.00,NA,100.00,100.00,100.00,100.00
12-31-2022,38027,Eddy County,7,30.00,0.00,0.00,0.00,0.00,100.00,100.00,NA,100.00,100.00,100.00,100.00
12-31-2022,38027,Eddy County,Kindergarten,37.00,0.00,5.41,0.00,0.00,97.30,97.30,97.30,97.30,94.59,NA,NA
12-31-2023,38027,Eddy County,11,20.00,0.00,0.00,0.00,0.00,100.00,100.00,NA,100.00,100.00,100.00,100.00
12-31-2023,38027,Eddy County,7,23.00,0.00,0.00,0.00,0.00,100.00,100.00,NA,100.00,95.65,100.00,100.00
12-31-2023,38027,Eddy County,Kindergarten,20.00,0.00,5.00,0.00,0.00,100.00,95.00,100.00,100.00,95.00,NA,NA
12-31-2024,38027,Eddy County,11,24.00,0.00,0.00,0.00,0.00,100.00,100.00,NA,100.00,100.00,100.00,91.67
12-31-2024,38027,Eddy County,7,21.00,0.00,0.00,0.00,0.00,100.00,100.00,NA,100.00,100.00,100.00,100.00
12-31-2024,38027,Eddy County,Kindergarten,29.00,0.00,3.45,0.00,0.00,96.55,96.55,96.55,96.55,96.55,NA,NA
12-31-2025,38027,Eddy County,11,18.00,0.00,0.00,0.00,0.00,100.00,100.00,NA,100.00,100.00,100.00,100.00
12-31-2025,38027,Eddy County,7,16.00,0.00,12.50,0.00,0.00,87.50,87.50,NA,87.50,87.50,62.50,62.50
12-31-2025,38027,Eddy County,Kindergarten,29.00,0.00,6.90,0.00,0.00,93.10,93.10,93.10,93.10,93.10,NA,NA
12-31-2019,38029,Emmons County,11,59.00,1.69,0.00,0.00,0.00,98.31,96.61,NA,98.31,98.31,98.31,91.53
12-31-2019,38029,Emmons County,7,34.00,0.00,0.00,0.00,0.00,97.06,97.06,NA,100.00,97.06,97.06,88.24
12-31-2019,38029,Emmons County,Kindergarten,12.00,8.33,0.00,0.00,0.00,83.33,83.33,75.00,91.67,75.00,NA,NA
12-31-2020,38029,Emmons County,11,54.00,0.00,0.00,0.00,0.00,100.00,98.15,NA,100.00,100.00,100.00,81.48
12-31-2020,38029,Emmons County,7,48.00,0.00,0.00,0.00,0.00,100.00,100.00,NA,100.00,100.00,95.83,95.83
12-31-2020,38029,Emmons County,Kindergarten,31.00,0.00,0.00,0.00,0.00,90.32,93.55,93.55,93.55,93.55,NA,NA
12-31-2021,38029,Emmons County,11,34.00,2.94,0.00,0.00,0.00,97.06,97.06,NA,97.06,97.06,79.41,52.94
12-31-2021,38029,Emmons County,7,37.00,8.11,0.00,0.00,2.70,86.49,89.19,NA,89.19,86.49,86.49,86.49
12-31-2021,38029,Emmons County,Kindergarten,42.00,2.38,0.00,0.00,0.00,90.48,92.86,95.24,95.24,92.86,NA,NA
12-31-2022,38029,Emmons County,11,44.00,0.00,0.00,0.00,0.00,100.00,100.00,NA,100.00,100.00,97.73,79.55
12-31-2022,38029,Emmons County,7,27.00,0.00,0.00,0.00,0.00,100.00,100.00,NA,100.00,96.30,92.59,92.59
12-31-2022,38029,Emmons County,Kindergarten,20.00,0.00,5.88,0.00,0.00,94.12,94.12,94.12,100.00,94.12,NA,NA
12-31-2023,38029,Emmons County,11,44.00,4.55,0.00,0.00,0.00,95.45,95.45,NA,95.45,95.45,95.45,77.27
12-31-2023,38029,Emmons County,Kindergarten,38.00,0.00,2.63,0.00,2.63,92.11,94.74,94.74,94.74,94.74,NA,NA
12-31-2024,38029,Emmons County,11,45.00,0.00,2.22,0.00,0.00,97.78,97.78,NA,97.78,97.78,97.78,97.78
12-31-2024,38029,Emmons County,7,37.00,0.00,2.70,0.00,0.00,97.30,97.30,NA,97.30,97.30,94.59,94.59
12-31-2024,38029,Emmons County,Kindergarten,22.00,0.00,0.00,4.55,0.00,86.36,95.45,95.45,95.45,86.36,NA,NA
12-31-2025,38029,Emmons County,11,34.00,0.00,3.45,0.00,3.45,89.66,93.10,NA,93.10,89.66,93.10,68.97
12-31-2025,38029,Emmons County,7,16.00,0.00,6.25,0.00,0.00,93.75,93.75,NA,93.75,93.75,93.75,93.75
12-31-2025,38029,Emmons County,Kindergarten,29.00,0.00,6.90,3.45,0.00,86.21,82.76,86.21,89.66,86.21,NA,NA
12-31-2019,38031,Foster County,7,39.00,2.56,0.00,0.00,0.00,97.44,97.44,NA,97.44,97.44,92.31,92.31
12-31-2019,38031,Foster County,Kindergarten,40.00,0.00,2.50,0.00,0.00,97.50,95.00,95.00,95.00,97.50,NA,NA
12-31-2020,38031,Foster County,11,40.00,2.50,0.00,2.50,2.50,92.50,95.00,NA,95.00,95.00,95.00,95.00
12-31-2020,38031,Foster County,7,41.00,0.00,0.00,0.00,0.00,100.00,97.56,NA,100.00,97.56,100.00,97.56
12-31-2020,38031,Foster County,Kindergarten,46.00,0.00,0.00,0.00,2.17,97.83,97.83,97.83,100.00,97.83,NA,NA
12-31-2021,38031,Foster County,11,35.00,0.00,0.00,0.00,0.00,100.00,100.00,NA,100.00,100.00,100.00,94.29
12-31-2021,38031,Foster County,7,49.00,0.00,0.00,0.00,0.00,100.00,100.00,NA,100.00,100.00,95.92,93.88
12-31-2021,38031,Foster County,Kindergarten,51.00,0.00,1.96,0.00,1.96,96.08,98.04,98.04,100.00,96.08,NA,NA
12-31-2022,38031,Foster County,11,47.00,0.00,0.00,0.00,0.00,100.00,100.00,NA,100.00,100.00,97.78,93.33
12-31-2022,38031,Foster County,7,32.00,100.00,0.00,0.00,0.00,100.00,100.00,NA,100.00,100.00,100.00,100.00
12-31-2022,38031,Foster County,Kindergarten,38.00,0.00,2.63,0.00,0.00,97.37,97.37,97.37,97.37,97.37,NA,NA
12-31-2023,38031,Foster County,11,39.00,0.00,0.00,0.00,0.00,100.00,100.00,NA,100.00,100.00,100.00,100.00
12-31-2023,38031,Foster County,7,46.00,0.00,4.35,0.00,0.00,95.65,95.65,NA,95.65,95.65,95.65,95.65
12-31-2023,38031,Foster County,Kindergarten,46.00,0.00,0.00,0.00,0.00,100.00,100.00,100.00,100.00,100.00,NA,NA
12-31-2024,38031,Foster County,Kindergarten,44.00,0.00,2.27,0.00,2.27,97.73,95.45,97.73,97.73,97.73,NA,NA
12-31-2025,38031,Foster County,11,52.00,0.00,1.92,0.00,0.00,98.08,98.08,NA,98.08,98.08,92.31,92.31
12-31-2025,38031,Foster County,7,274.00,1.09,1.09,0.00,1.46,95.99,94.53,NA,95.26,94.89,87.59,88.32
12-31-2025,38031,Foster County,Kindergarten,51.00,0.00,6.00,2.00,0.00,92.00,92.00,92.00,92.00,92.00,NA,NA
12-31-2019,38033,Golden Valley County,11,23.00,0.00,4.35,0.00,0.00,95.65,91.30,NA,91.30,91.30,95.65,39.13
12-31-2019,38033,Golden Valley County,7,19.00,0.00,0.00,0.00,0.00,100.00,100.00,NA,100.00,100.00,89.47,89.47
12-31-2019,38033,Golden Valley County,Kindergarten,17.00,0.00,17.65,0.00,0.00,94.12,88.24,82.35,88.24,94.12,NA,NA
12-31-2020,38033,Golden Valley County,11,22.00,0.00,0.00,0.00,0.00,100.00,100.00,NA,100.00,100.00,95.45,95.45
12-31-2020,38033,Golden Valley County,7,13.00,0.00,0.00,7.69,0.00,92.31,100.00,NA,100.00,100.00,100.00,100.00
12-31-2020,38033,Golden Valley County,Kindergarten,22.00,0.00,5.88,0.00,0.00,94.12,94.12,94.12,94.12,94.12,NA,NA
12-31-2021,38033,Golden Valley County,11,23.00,0.00,4.35,0.00,0.00,95.65,95.65,NA,95.65,95.65,95.65,65.22
12-31-2021,38033,Golden Valley County,7,19.00,0.00,0.00,0.00,0.00,100.00,94.74,NA,94.74,94.74,84.21,84.21
12-31-2021,38033,Golden Valley County,Kindergarten,24.00,0.00,8.33,0.00,0.00,91.67,91.67,91.67,95.83,91.67,NA,NA
12-31-2022,38033,Golden Valley County,11,27.00,0.00,0.00,0.00,0.00,100.00,96.00,NA,96.00,96.00,100.00,76.00
12-31-2022,38033,Golden Valley County,7,26.00,0.00,7.69,0.00,0.00,92.31,100.00,NA,100.00,96.15,61.54,57.69
12-31-2022,38033,Golden Valley County,Kindergarten,21.00,0.00,0.00,0.00,0.00,100.00,100.00,100.00,100.00,100.00,NA,NA
12-31-2023,38033,Golden Valley County,11,25.00,0.00,0.00,0.00,0.00,100.00,100.00,NA,100.00,100.00,96.00,48.00
12-31-2023,38033,Golden Valley County,7,17.00,0.00,0.00,0.00,0.00,100.00,100.00,NA,100.00,100.00,88.24,88.24
12-31-2023,38033,Golden Valley County,Kindergarten,15.00,0.00,0.00,0.00,0.00,100.00,100.00,100.00,100.00,100.00,NA,NA
12-31-2024,38033,Golden Valley County,Kindergarten,19.00,0.00,10.53,0.00,0.00,89.47,89.47,89.47,89.47,89.47,NA,NA
12-31-2025,38033,Golden Valley County,11,6.00,33.33,0.00,0.00,33.33,66.67,66.67,NA,66.67,66.67,66.67,66.67
12-31-2025,38033,Golden Valley County,7,13.00,23.08,15.38,0.00,0.00,69.23,69.23,NA,69.23,69.23,69.23,69.23
12-31-2025,38033,Golden Valley County,Kindergarten,25.00,0.00,4.00,0.00,4.00,92.00,92.00,92.00,96.00,92.00,NA,NA
12-31-2019,38035,Grand Forks County,11,587.00,1.70,0.51,0.00,0.17,98.64,98.64,NA,98.64,98.81,98.64,94.55
12-31-2019,38035,Grand Forks County,7,725.00,1.79,0.83,0.00,0.41,98.76,98.62,NA,98.76,98.62,97.93,97.52
12-31-2019,38035,Grand Forks County,Kindergarten,784.00,0.13,1.80,0.00,1.28,95.38,96.41,96.02,97.18,95.38,NA,NA
12-31-2020,38035,Grand Forks County,11,636.00,1.42,0.63,0.00,0.31,98.74,98.58,NA,98.90,98.74,98.11,92.30
12-31-2020,38035,Grand Forks County,7,741.00,2.02,0.67,0.13,0.40,98.79,98.38,NA,99.06,98.38,96.90,96.90
12-31-2020,38035,Grand Forks County,Kindergarten,823.00,0.24,2.92,0.00,0.85,94.65,94.53,94.53,95.02,94.78,NA,NA
12-31-2021,38035,Grand Forks County,11,637.00,1.73,1.73,0.16,0.00,92.31,92.31,NA,92.15,92.31,92.15,91.52
12-31-2021,38035,Grand Forks County,7,728.00,1.10,1.51,0.00,0.41,96.98,96.43,NA,96.84,96.57,93.27,93.13
12-31-2021,38035,Grand Forks County,Kindergarten,816.00,1.10,2.21,0.25,0.49,94.49,94.98,94.85,95.34,94.73,NA,NA
12-31-2022,38035,Grand Forks County,11,652.00,2.62,0.92,0.31,0.15,96.77,96.77,NA,96.92,96.92,96.92,90.46
12-31-2022,38035,Grand Forks County,7,728.00,2.21,0.83,0.00,0.55,98.62,98.34,NA,98.21,97.52,96.69,95.86
12-31-2022,38035,Grand Forks County,Kindergarten,847.00,0.24,1.90,0.12,0.71,95.72,96.20,95.72,96.91,95.36,NA,NA
12-31-2023,38035,Grand Forks County,11,651.00,5.38,0.61,0.00,0.15,98.31,97.85,NA,98.62,97.08,97.70,90.63
12-31-2023,38035,Grand Forks County,7,730.00,0.41,1.23,0.00,0.27,97.26,97.81,NA,97.40,96.99,95.34,95.48
12-31-2023,38035,Grand Forks County,Kindergarten,854.00,0.82,2.22,0.23,0.59,95.67,96.02,95.55,96.37,95.43,NA,NA
12-31-2024,38035,Grand Forks County,11,87.00,0.00,3.45,0.00,0.00,96.55,96.55,NA,96.55,95.40,94.25,68.97
12-31-2024,38035,Grand Forks County,7,138.00,0.01,2.17,0.00,1.45,95.65,94.93,NA,95.65,95.65,88.41,88.41
12-31-2024,38035,Grand Forks County,Kindergarten,743.00,0.54,3.90,0.00,0.40,93.41,94.75,93.67,95.02,93.41,NA,NA
12-31-2025,38035,Grand Forks County,11,700.00,1.14,0.71,0.00,0.57,97.29,96.14,NA,96.86,97.00,96.29,80.57
12-31-2025,38035,Grand Forks County,7,640.00,0.94,5.31,0.47,2.34,90.62,90.16,NA,90.62,90.16,85.94,84.06
12-31-2025,38035,Grand Forks County,Kindergarten,774.00,0.65,2.21,0.13,1.17,92.47,93.25,92.86,94.94,92.34,NA,NA
12-31-2019,38037,Grant County,11,13.00,0.00,0.00,0.00,0.00,100.00,100.00,NA,100.00,100.00,100.00,100.00
12-31-2019,38037,Grant County,7,12.00,0.00,16.67,0.00,0.00,83.33,83.33,NA,75.00,8.33,83.33,83.33
12-31-2019,38037,Grant County,Kindergarten,23.00,4.35,8.70,0.00,0.00,86.96,86.96,91.30,91.30,86.96,NA,NA
12-31-2020,38037,Grant County,11,19.00,7.14,0.00,0.00,0.00,92.86,92.86,NA,92.86,92.86,92.86,92.86
12-31-2020,38037,Grant County,7,19.00,10.53,5.26,0.00,0.00,84.21,84.21,NA,89.47,84.21,84.21,78.95
12-31-2020,38037,Grant County,Kindergarten,24.00,20.83,16.67,0.00,0.00,83.33,83.33,83.33,91.67,79.17,NA,NA
12-31-2021,38037,Grant County,11,8.00,0.00,0.00,0.00,0.00,100.00,100.00,NA,100.00,100.00,100.00,87.50
12-31-2021,38037,Grant County,7,13.00,0.00,7.69,0.00,0.00,92.31,92.31,NA,92.31,92.31,92.31,92.31
12-31-2021,38037,Grant County,Kindergarten,18.00,0.00,0.00,0.00,0.00,100.00,100.00,100.00,100.00,100.00,NA,NA
12-31-2022,38037,Grant County,11,22.00,0.00,0.00,0.00,0.00,90.91,86.36,NA,90.91,90.91,95.45,72.73
12-31-2022,38037,Grant County,7,21.00,0.00,0.00,0.00,0.00,100.00,87.50,NA,93.75,100.00,87.50,87.50
12-31-2022,38037,Grant County,Kindergarten,18.00,5.56,5.56,0.00,0.00,77.78,83.33,83.33,83.33,77.78,NA,NA
12-31-2023,38037,Grant County,11,14.00,0.00,7.14,0.00,0.00,92.86,85.71,NA,85.71,92.86,85.71,71.43
12-31-2023,38037,Grant County,7,13.00,0.00,0.00,0.00,0.00,100.00,100.00,NA,100.00,100.00,92.31,92.31
12-31-2023,38037,Grant County,Kindergarten,36.00,0.00,13.89,0.00,0.00,83.33,83.33,83.33,94.44,83.33,NA,NA
12-31-2024,38037,Grant County,11,10.00,80.00,10.00,0.00,0.00,90.00,80.00,NA,80.00,90.00,90.00,80.00
12-31-2024,38037,Grant County,7,29.00,0.00,13.79,0.00,0.00,82.76,86.21,NA,86.21,82.76,68.97,68.97
12-31-2024,38037,Grant County,Kindergarten,31.00,3.23,16.13,0.00,0.00,74.19,74.19,74.19,80.65,74.19,NA,NA
12-31-2025,38037,Grant County,11,9.00,0.00,11.11,0.00,0.00,88.89,88.89,NA,88.89,77.78,77.78,66.67
12-31-2025,38037,Grant County,7,30.00,0.00,0.00,0.00,0.00,100.00,100.00,NA,100.00,100.00,100.00,100.00
12-31-2025,38037,Grant County,Kindergarten,22.00,4.55,13.64,0.00,0.00,59.09,72.73,72.73,81.82,59.09,NA,NA
12-31-2019,38039,Griggs County,11,30.00,0.00,3.33,0.00,0.00,93.33,93.33,NA,96.67,90.00,93.33,73.33
12-31-2019,38039,Griggs County,7,32.00,3.12,3.12,0.00,0.00,90.62,90.62,NA,93.75,90.62,96.88,90.62
12-31-2019,38039,Griggs County,Kindergarten,40.00,2.50,2.50,0.00,2.50,80.00,80.00,80.00,80.00,77.50,NA,NA
12-31-2020,38039,Griggs County,11,34.00,2.94,2.94,0.00,0.00,97.06,100.00,NA,100.00,97.06,91.18,79.41
12-31-2020,38039,Griggs County,7,40.00,5.00,0.00,0.00,0.00,97.50,100.00,NA,97.50,100.00,95.00,95.00
12-31-2020,38039,Griggs County,Kindergarten,27.00,14.81,0.00,0.00,0.00,85.19,88.89,88.89,100.00,85.19,NA,NA
12-31-2021,38039,Griggs County,11,23.00,0.00,4.35,0.00,0.00,95.65,95.65,NA,95.65,95.65,95.65,95.65
12-31-2021,38039,Griggs County,7,14.00,0.00,0.00,0.00,0.00,100.00,100.00,NA,100.00,100.00,85.71,85.71
12-31-2021,38039,Griggs County,Kindergarten,37.00,0.00,0.00,0.00,0.00,91.89,91.89,91.89,91.89,91.89,NA,NA
12-31-2022,38039,Griggs County,11,19.00,5.26,5.26,0.00,0.00,94.74,94.74,NA,94.74,94.74,89.47,78.95
12-31-2022,38039,Griggs County,7,27.00,3.70,3.70,0.00,0.00,92.59,92.59,NA,96.30,92.59,92.59,92.59
12-31-2022,38039,Griggs County,Kindergarten,38.00,2.63,5.26,0.00,0.00,86.84,86.84,86.84,89.47,86.84,NA,NA
12-31-2023,38039,Griggs County,11,18.00,16.67,11.11,0.00,0.00,83.33,83.33,NA,88.89,94.44,77.78,77.78
12-31-2023,38039,Griggs County,7,23.00,8.70,8.70,0.00,0.00,86.96,86.96,NA,86.96,86.96,78.26,78.26
12-31-2023,38039,Griggs County,Kindergarten,30.00,0.00,0.00,0.00,0.00,93.33,93.33,93.33,100.00,93.33,NA,NA
12-31-2024,38039,Griggs County,11,29.00,3.45,3.45,0.00,0.00,96.55,96.55,NA,96.55,96.55,96.55,93.10
12-31-2024,38039,Griggs County,7,18.00,0.06,5.56,0.00,0.00,94.44,94.44,NA,94.44,94.44,88.89,88.89
12-31-2024,38039,Griggs County,Kindergarten,24.00,4.17,4.17,0.00,4.17,87.50,87.50,87.50,87.50,87.50,NA,NA
12-31-2025,38039,Griggs County,11,17.00,0.00,5.88,0.00,0.00,94.12,94.12,NA,94.12,94.12,88.24,76.47
12-31-2025,38039,Griggs County,7,13.00,0.00,0.00,0.00,7.69,92.31,92.31,NA,92.31,92.31,76.92,76.92
12-31-2025,38039,Griggs County,Kindergarten,35.00,2.86,2.86,0.00,0.00,88.57,85.71,85.71,94.29,85.71,NA,NA
12-31-2019,38041,Hettinger County,11,34.00,0.00,2.94,0.00,0.00,97.06,97.06,NA,97.06,94.12,91.18,79.41
12-31-2019,38041,Hettinger County,7,35.00,0.00,5.71,0.00,0.00,94.29,94.29,NA,94.29,94.29,94.29,94.29
12-31-2019,38041,Hettinger County,Kindergarten,34.00,2.94,2.94,0.00,2.94,85.29,82.35,88.24,88.24,82.35,NA,NA
12-31-2020,38041,Hettinger County,11,11.00,0.00,0.00,0.00,0.00,100.00,100.00,NA,100.00,100.00,100.00,100.00
12-31-2020,38041,Hettinger County,7,17.00,0.00,5.88,0.00,0.00,94.12,94.12,NA,94.12,94.12,94.12,94.12
12-31-2020,38041,Hettinger County,Kindergarten,18.00,0.00,5.56,0.00,0.00,94.44,94.44,94.44,94.44,94.44,NA,NA
12-31-2021,38041,Hettinger County,11,44.00,0.00,4.55,0.00,0.00,95.45,95.45,NA,95.45,95.45,95.45,95.45
12-31-2021,38041,Hettinger County,7,47.00,0.00,2.13,0.00,0.00,97.87,97.87,NA,97.87,97.87,97.87,97.87
12-31-2021,38041,Hettinger County,Kindergarten,46.00,0.00,4.35,0.00,2.17,93.48,93.48,93.48,97.83,93.48,NA,NA
12-31-2022,38041,Hettinger County,11,34.00,11.76,2.94,0.00,2.94,88.24,88.24,NA,88.24,88.24,82.35,82.35
12-31-2022,38041,Hettinger County,7,27.00,0.00,3.70,0.00,0.00,96.30,96.30,NA,96.30,96.30,96.30,96.30
12-31-2022,38041,Hettinger County,Kindergarten,45.00,0.00,2.22,0.00,0.00,84.44,84.44,84.44,88.89,84.44,NA,NA
12-31-2023,38041,Hettinger County,11,34.00,0.00,0.00,0.00,0.00,100.00,100.00,NA,94.12,100.00,100.00,52.94
12-31-2023,38041,Hettinger County,7,44.00,4.55,2.27,0.00,0.00,95.45,97.73,NA,97.73,95.45,93.18,93.18
12-31-2023,38041,Hettinger County,Kindergarten,40.00,5.00,2.50,0.00,0.00,80.00,80.00,80.00,80.00,80.00,NA,NA
12-31-2024,38041,Hettinger County,11,18.00,0.00,0.00,0.00,0.00,100.00,100.00,NA,100.00,100.00,100.00,100.00
12-31-2024,38041,Hettinger County,7,11.00,0.00,0.00,0.00,0.00,100.00,100.00,NA,100.00,100.00,100.00,100.00
12-31-2024,38041,Hettinger County,Kindergarten,25.00,8.00,8.00,0.00,0.00,92.00,92.00,92.00,92.00,92.00,NA,NA
12-31-2025,38041,Hettinger County,11,45.00,2.22,2.22,0.00,0.00,95.56,93.33,NA,95.56,93.33,93.33,84.44
12-31-2025,38041,Hettinger County,Kindergarten,39.00,0.00,5.13,2.56,2.56,89.74,89.74,89.74,89.74,89.74,NA,NA
12-31-2019,38043,Kidder County,11,26.00,0.00,3.85,0.00,0.00,96.15,96.15,NA,96.15,96.15,96.15,92.31
12-31-2019,38043,Kidder County,7,23.00,0.00,8.70,0.00,0.00,91.30,91.30,NA,91.30,86.96,91.30,91.30
12-31-2019,38043,Kidder County,Kindergarten,28.00,0.00,3.57,0.00,0.00,96.43,96.43,96.43,96.43,96.43,NA,NA
12-31-2020,38043,Kidder County,11,26.00,0.00,3.85,0.00,0.00,96.15,96.15,NA,96.15,96.15,96.15,92.31
12-31-2020,38043,Kidder County,7,25.00,4.00,0.00,0.00,0.00,92.00,92.00,NA,96.00,92.00,92.00,88.00
12-31-2020,38043,Kidder County,Kindergarten,30.00,0.00,3.33,0.00,0.00,96.67,93.33,93.33,96.67,93.33,NA,NA
12-31-2021,38043,Kidder County,11,25.00,8.00,12.00,0.00,0.00,80.00,80.00,NA,80.00,80.00,80.00,80.00
12-31-2021,38043,Kidder County,7,35.00,0.00,2.86,0.00,0.00,97.14,97.14,NA,97.14,97.14,94.29,91.43
12-31-2021,38043,Kidder County,Kindergarten,34.00,5.88,0.00,0.00,0.00,91.18,91.18,91.18,94.12,91.18,NA,NA
12-31-2022,38043,Kidder County,11,29.00,11.11,7.41,0.00,0.00,92.59,92.59,NA,100.00,88.89,88.89,92.59
12-31-2022,38043,Kidder County,7,27.00,8.33,8.33,0.00,0.00,91.67,91.67,NA,95.83,91.67,95.83,95.83
12-31-2022,38043,Kidder County,Kindergarten,28.00,14.29,14.29,0.00,0.00,85.71,85.71,85.71,89.29,85.71,NA,NA
12-31-2023,38043,Kidder County,11,21.00,0.00,9.52,0.00,0.00,90.48,90.48,NA,95.24,90.48,90.48,90.48
12-31-2023,38043,Kidder County,7,25.00,0.00,4.00,0.00,0.00,96.00,96.00,NA,100.00,96.00,96.00,96.00
12-31-2023,38043,Kidder County,Kindergarten,30.00,0.00,0.00,0.00,20.00,80.00,80.00,80.00,80.00,80.00,NA,NA
12-31-2024,38043,Kidder County,11,16.00,0.00,0.00,0.00,0.00,100.00,100.00,NA,100.00,100.00,100.00,87.50
12-31-2024,38043,Kidder County,7,29.00,0.00,6.90,0.00,0.00,93.10,93.10,NA,93.10,93.10,89.66,89.66
12-31-2024,38043,Kidder County,Kindergarten,30.00,0.00,13.33,0.00,0.00,86.67,86.67,86.67,90.00,86.67,NA,NA
12-31-2025,38043,Kidder County,11,33.00,3.03,3.03,0.00,0.00,96.97,96.97,NA,100.00,96.97,96.97,90.91
12-31-2025,38043,Kidder County,Kindergarten,25.00,0.00,12.00,0.00,0.00,88.00,88.00,88.00,100.00,80.00,NA,NA
12-31-2019,38047,Logan County,11,24.00,0.00,4.17,0.00,0.00,95.83,95.83,NA,95.83,95.83,95.83,91.67
12-31-2019,38047,Logan County,7,24.00,0.00,4.17,0.00,0.00,95.83,95.83,NA,91.67,95.83,91.67,91.67
12-31-2019,38047,Logan County,Kindergarten,25.00,4.00,4.00,36.00,0.00,88.00,88.00,88.00,88.00,88.00,NA,NA
12-31-2020,38047,Logan County,11,22.00,0.00,13.64,0.00,0.00,86.36,86.36,NA,86.36,86.36,86.36,86.36
12-31-2020,38047,Logan County,7,18.00,0.00,5.56,0.00,0.00,94.44,94.44,NA,94.44,94.44,94.44,94.44
12-31-2020,38047,Logan County,Kindergarten,21.00,0.00,6.25,0.00,0.00,93.75,93.75,93.75,93.75,93.75,NA,NA
12-31-2021,38047,Logan County,11,28.00,0.00,4.35,0.00,8.70,86.96,86.96,NA,86.96,86.96,86.96,0.00
12-31-2021,38047,Logan County,7,19.00,0.00,5.26,0.00,0.00,94.74,94.74,NA,94.74,94.74,89.47,89.47
12-31-2021,38047,Logan County,Kindergarten,23.00,0.00,0.00,0.00,0.00,100.00,100.00,100.00,100.00,100.00,NA,NA
12-31-2022,38047,Logan County,11,28.00,7.14,0.00,0.00,7.14,89.29,89.29,NA,89.29,89.29,89.29,82.14
12-31-2022,38047,Logan County,7,30.00,0.00,3.33,0.00,0.00,96.67,96.67,NA,96.67,96.67,93.33,96.67
12-31-2022,38047,Logan County,Kindergarten,22.00,0.00,9.09,0.00,0.00,81.82,86.36,86.36,86.36,81.82,NA,NA
12-31-2023,38047,Logan County,11,24.00,0.00,4.17,0.00,0.00,95.83,95.83,NA,95.83,95.83,95.83,91.67
12-31-2023,38047,Logan County,7,23.00,0.00,4.35,0.00,0.00,95.65,95.65,NA,95.65,95.65,95.65,95.65
12-31-2023,38047,Logan County,Kindergarten,30.00,3.33,16.67,0.00,3.33,76.67,83.33,83.33,83.33,76.67,NA,NA
12-31-2024,38047,Logan County,11,17.00,0.00,5.88,0.00,0.00,94.12,94.12,NA,94.12,94.12,82.35,82.35
12-31-2024,38047,Logan County,7,36.00,0.00,2.78,0.00,0.00,97.22,97.22,NA,94.44,91.67,88.89,88.89
12-31-2024,38047,Logan County,Kindergarten,26.00,0.00,15.38,0.00,0.00,88.46,84.62,88.46,88.46,88.46,NA,NA
12-31-2025,38047,Logan County,11,24.00,0.00,16.67,0.00,0.00,83.33,83.33,NA,83.33,83.33,79.17,75.00
12-31-2025,38047,Logan County,Kindergarten,30.00,0.00,20.00,0.00,3.33,70.00,70.00,70.00,70.00,70.00,NA,NA
12-31-2019,38057,Mercer County,11,88.00,0.00,4.55,0.00,0.00,95.45,96.59,NA,98.86,94.32,93.18,92.05
12-31-2019,38057,Mercer County,7,111.00,0.90,0.90,0.00,0.00,99.10,99.10,NA,98.20,98.20,98.20,98.20
12-31-2019,38057,Mercer County,Kindergarten,104.00,0.00,5.77,0.00,0.00,94.23,94.23,95.19,93.27,93.27,NA,NA
12-31-2020,38057,Mercer County,11,97.00,0.00,2.06,0.00,0.00,97.94,97.94,NA,96.91,97.94,97.94,95.88
12-31-2020,38057,Mercer County,7,100.00,2.00,4.00,0.00,0.00,96.00,97.00,NA,97.00,94.00,92.00,92.00
12-31-2020,38057,Mercer County,Kindergarten,122.00,0.00,5.74,3.28,2.46,92.62,90.16,90.16,90.98,91.80,NA,NA
12-31-2021,38057,Mercer County,11,107.00,0.00,1.87,0.00,0.00,98.13,97.20,NA,99.07,97.20,98.13,93.46
12-31-2021,38057,Mercer County,7,46.00,0.00,0.00,0.00,0.00,100.00,100.00,NA,100.00,100.00,93.48,93.48
12-31-2021,38057,Mercer County,Kindergarten,108.00,0.00,4.63,0.00,1.85,93.52,93.52,93.52,94.44,93.52,NA,NA
12-31-2022,38057,Mercer County,11,93.00,0.00,2.27,0.00,0.00,97.73,97.73,NA,98.86,95.45,96.59,95.45
12-31-2022,38057,Mercer County,7,95.00,0.00,0.00,0.00,0.00,98.89,98.89,NA,98.89,96.67,96.67,95.56
12-31-2022,38057,Mercer County,Kindergarten,108.00,0.00,7.41,0.00,1.85,90.74,91.67,91.67,90.74,90.74,NA,NA
12-31-2023,38057,Mercer County,11,116.00,0.00,0.86,0.00,0.00,98.28,98.28,NA,98.28,98.28,95.69,82.76
12-31-2023,38057,Mercer County,7,125.00,36.80,7.20,0.00,4.00,88.00,88.00,NA,88.00,88.00,88.00,88.00
12-31-2023,38057,Mercer County,Kindergarten,100.00,0.00,4.00,2.00,1.00,93.00,93.00,93.00,93.00,93.00,NA,NA
12-31-2024,38057,Mercer County,Kindergarten,97.00,0.00,10.31,0.00,3.09,86.60,86.60,86.60,86.60,86.60,NA,NA
12-31-2025,38057,Mercer County,11,88.00,0.00,3.41,1.14,0.00,95.45,96.59,NA,97.73,92.05,96.59,84.09
12-31-2025,38057,Mercer County,7,89.00,1.12,3.37,1.12,2.25,93.26,92.13,NA,92.13,89.89,83.15,80.90
12-31-2025,38057,Mercer County,Kindergarten,111.00,0.00,1.83,0.00,15.60,82.57,82.57,82.57,82.57,82.57,NA,NA
12-31-2019,38059,Morton County,11,305.00,0.33,0.67,1.00,0.00,97.67,99.00,NA,98.67,97.67,96.33,82.67
12-31-2019,38059,Morton County,7,379.00,0.79,3.17,0.26,0.00,95.51,95.51,NA,95.51,95.25,87.07,86.81
12-31-2019,38059,Morton County,Kindergarten,476.00,0.63,5.25,0.42,1.47,91.39,90.97,90.76,92.65,91.18,NA,NA
12-31-2020,38059,Morton County,11,347.00,0.29,0.86,0.00,0.29,98.56,98.56,NA,98.56,98.85,97.98,92.80
12-31-2020,38059,Morton County,7,396.00,0.25,2.27,0.00,0.25,97.47,97.47,NA,97.47,97.47,95.20,95.20
12-31-2020,38059,Morton County,Kindergarten,448.00,0.00,4.97,0.23,1.35,91.87,91.87,92.10,93.68,91.42,NA,NA
12-31-2021,38059,Morton County,11,333.00,0.30,2.40,0.00,0.00,97.00,97.00,NA,97.60,97.30,97.30,83.18
12-31-2021,38059,Morton County,7,395.00,0.25,2.28,0.00,1.01,96.20,96.20,NA,96.46,95.70,92.41,92.15
12-31-2021,38059,Morton County,Kindergarten,473.00,0.00,5.71,0.85,0.42,91.75,92.18,91.33,93.66,91.33,NA,NA
12-31-2022,38059,Morton County,11,385.00,11.69,2.86,0.52,0.26,96.10,97.14,NA,96.88,95.84,95.32,75.84
12-31-2022,38059,Morton County,7,410.00,0.74,3.68,0.25,0.00,95.34,95.59,NA,96.32,94.12,86.27,85.29
12-31-2022,38059,Morton County,Kindergarten,480.00,14.68,3.62,0.00,0.85,92.13,92.55,92.34,94.89,91.49,NA,NA
12-31-2023,38059,Morton County,11,395.00,0.51,2.78,0.00,0.25,96.96,97.22,NA,97.47,96.46,95.19,74.43
12-31-2023,38059,Morton County,7,405.00,0.49,3.70,0.00,0.25,94.81,94.07,NA,95.31,94.32,88.64,82.47
12-31-2023,38059,Morton County,Kindergarten,481.00,1.25,5.61,0.21,2.08,90.44,90.64,89.81,93.76,89.81,NA,NA
12-31-2024,38059,Morton County,11,47.00,4.26,4.26,0.00,0.00,95.74,95.74,NA,95.74,95.74,80.85,68.09
12-31-2024,38059,Morton County,7,41.00,0.00,9.76,2.44,0.00,87.80,87.80,NA,87.80,87.80,85.37,85.37
12-31-2024,38059,Morton County,Kindergarten,389.00,1.54,6.94,0.51,1.80,87.66,90.23,88.69,92.03,87.15,NA,NA
12-31-2025,38059,Morton County,11,387.00,6.75,4.94,0.00,0.00,92.73,92.47,NA,92.99,92.73,90.39,87.27
12-31-2025,38059,Morton County,7,611.00,0.49,2.78,0.16,1.15,95.25,95.42,NA,94.93,94.76,81.67,85.43
12-31-2025,38059,Morton County,Kindergarten,431.00,2.10,6.54,0.00,2.10,88.08,89.25,88.79,91.59,87.62,NA,NA
12-31-2019,38061,Mountrail County,11,94.00,3.19,0.00,0.00,0.00,98.94,100.00,NA,98.94,97.87,84.04,89.36
12-31-2019,38061,Mountrail County,7,129.00,3.10,0.00,0.00,2.33,93.80,96.12,NA,96.90,95.35,79.07,79.84
12-31-2019,38061,Mountrail County,Kindergarten,223.00,5.83,0.00,0.00,0.00,92.83,92.83,91.48,97.76,92.83,NA,NA
12-31-2020,38061,Mountrail County,11,61.00,0.00,0.00,0.00,0.00,100.00,100.00,NA,100.00,100.00,98.36,70.49
12-31-2020,38061,Mountrail County,7,75.00,1.33,0.00,0.00,2.67,96.00,97.33,NA,97.33,98.67,78.67,80.00
12-31-2020,38061,Mountrail County,Kindergarten,187.00,1.60,1.07,0.00,0.00,96.79,97.33,96.79,97.86,96.79,NA,NA
12-31-2021,38061,Mountrail County,11,82.00,1.22,0.00,0.00,2.44,96.34,95.12,NA,95.12,92.68,92.68,59.76
12-31-2021,38061,Mountrail County,7,78.00,0.00,1.28,0.00,5.13,92.31,93.59,NA,92.31,92.31,83.33,84.62
12-31-2021,38061,Mountrail County,Kindergarten,98.00,3.06,0.00,0.00,0.00,87.76,86.73,86.73,88.78,87.76,NA,NA
12-31-2022,38061,Mountrail County,11,138.00,5.84,0.00,0.00,0.00,92.70,91.97,NA,92.70,90.51,79.56,78.83
12-31-2022,38061,Mountrail County,7,195.00,8.90,0.00,0.00,1.05,90.58,85.34,NA,89.53,90.05,69.63,71.73
12-31-2022,38061,Mountrail County,Kindergarten,138.00,7.30,0.73,0.00,0.73,82.48,83.21,78.83,90.51,84.67,NA,NA
12-31-2023,38061,Mountrail County,11,140.00,2.14,4.29,0.00,0.71,90.71,90.71,NA,90.00,90.00,87.14,63.57
12-31-2023,38061,Mountrail County,7,181.00,8.84,0.55,0.00,0.00,87.29,86.74,NA,87.85,84.53,64.64,64.64
12-31-2023,38061,Mountrail County,Kindergarten,248.00,4.84,0.00,0.81,1.21,86.69,85.48,85.48,89.11,87.10,NA,NA
12-31-2024,38061,Mountrail County,11,38.00,5.26,0.00,0.00,0.00,94.74,94.74,NA,94.74,94.74,92.11,55.26
12-31-2024,38061,Mountrail County,7,82.00,0.10,1.22,0.00,0.00,87.80,86.59,NA,87.80,87.80,62.20,60.98
12-31-2024,38061,Mountrail County,Kindergarten,109.00,5.50,0.00,0.00,0.92,86.24,86.24,86.24,90.83,86.24,NA,NA
12-31-2025,38061,Mountrail County,11,117.00,5.98,0.00,0.00,0.00,83.76,83.76,NA,83.76,83.76,82.91,68.38
12-31-2025,38061,Mountrail County,Kindergarten,172.00,0.00,0.00,0.00,0.00,87.21,86.05,83.72,93.02,86.05,NA,NA
12-31-2019,38063,Nelson County,11,41.00,0.00,0.00,0.00,0.00,100.00,100.00,NA,97.56,97.56,100.00,82.93
12-31-2019,38063,Nelson County,7,34.00,0.00,0.00,0.00,0.00,100.00,97.06,NA,97.06,100.00,100.00,100.00
12-31-2019,38063,Nelson County,Kindergarten,42.00,0.00,4.76,0.00,0.00,90.48,92.86,92.86,90.48,90.48,NA,NA
12-31-2020,38063,Nelson County,11,30.00,0.00,0.00,0.00,0.00,100.00,100.00,NA,100.00,100.00,96.67,63.33
12-31-2020,38063,Nelson County,7,37.00,0.00,0.00,0.00,0.00,100.00,100.00,NA,100.00,100.00,94.59,91.89
12-31-2020,38063,Nelson County,Kindergarten,44.00,0.00,4.55,0.00,0.00,100.00,97.73,97.73,100.00,97.73,NA,NA
12-31-2021,38063,Nelson County,11,36.00,2.78,0.00,0.00,0.00,97.22,97.22,NA,97.22,97.22,91.67,66.67
12-31-2021,38063,Nelson County,7,35.00,0.00,0.00,0.00,0.00,97.14,100.00,NA,100.00,100.00,85.71,85.71
12-31-2021,38063,Nelson County,Kindergarten,33.00,3.03,0.00,0.00,0.00,96.97,96.97,96.97,96.97,96.97,NA,NA
12-31-2022,38063,Nelson County,11,29.00,0.00,0.00,0.00,0.00,96.55,100.00,NA,100.00,100.00,100.00,100.00
12-31-2022,38063,Nelson County,7,25.00,4.00,0.00,0.00,0.00,96.00,96.00,NA,96.00,96.00,96.00,96.00
12-31-2022,38063,Nelson County,Kindergarten,30.00,10.00,3.33,0.00,0.00,86.67,86.67,86.67,90.00,86.67,NA,NA
12-31-2023,38063,Nelson County,11,37.00,2.70,2.70,0.00,0.00,97.30,97.30,NA,97.30,97.30,97.30,94.59
12-31-2023,38063,Nelson County,7,28.00,3.57,3.57,0.00,0.00,96.43,96.43,NA,100.00,96.43,89.29,89.29
12-31-2023,38063,Nelson County,Kindergarten,43.00,0.00,4.65,0.00,0.00,95.35,95.35,95.35,95.35,95.35,NA,NA
12-31-2024,38063,Nelson County,Kindergarten,22.00,0.00,4.55,0.00,0.00,95.45,95.45,95.45,100.00,95.45,NA,NA
12-31-2025,38063,Nelson County,11,33.00,0.00,0.00,0.00,0.00,100.00,100.00,NA,100.00,96.97,100.00,100.00
12-31-2025,38063,Nelson County,7,71.00,0.00,2.82,0.00,0.00,97.18,97.18,NA,97.18,97.18,92.96,92.96
12-31-2025,38063,Nelson County,Kindergarten,35.00,0.00,5.71,0.00,0.00,94.29,97.14,97.14,97.14,91.43,NA,NA
12-31-2019,38065,Oliver County,11,14.00,7.14,21.43,0.00,0.00,85.71,85.71,NA,85.71,85.71,85.71,85.71
12-31-2019,38065,Oliver County,7,29.00,0.00,13.79,0.00,0.00,86.21,86.21,NA,82.76,86.21,86.21,86.21
12-31-2020,38065,Oliver County,11,17.00,0.00,5.88,0.00,0.00,94.12,94.12,NA,94.12,94.12,88.24,64.71
12-31-2020,38065,Oliver County,7,19.00,0.00,5.26,0.00,0.00,94.74,94.74,NA,94.74,94.74,94.74,94.74
12-31-2020,38065,Oliver County,Kindergarten,20.00,0.00,5.00,0.00,0.00,90.00,95.00,95.00,95.00,95.00,NA,NA
12-31-2021,38065,Oliver County,11,11.00,0.00,9.09,0.00,0.00,90.91,100.00,NA,81.82,90.91,100.00,72.73
12-31-2021,38065,Oliver County,7,21.00,0.00,0.00,0.00,0.00,100.00,100.00,NA,100.00,100.00,80.95,80.95
12-31-2021,38065,Oliver County,Kindergarten,17.00,0.00,0.00,0.00,0.00,76.47,88.24,82.35,94.12,82.35,NA,NA
12-31-2022,38065,Oliver County,11,16.00,6.25,0.00,0.00,6.25,93.75,93.75,NA,93.75,93.75,93.75,93.75
12-31-2022,38065,Oliver County,7,28.00,3.57,3.57,0.00,3.57,92.86,92.86,NA,92.86,92.86,92.86,89.29
12-31-2022,38065,Oliver County,Kindergarten,25.00,0.00,0.00,0.00,0.00,100.00,100.00,100.00,100.00,100.00,NA,NA
12-31-2023,38065,Oliver County,11,21.00,0.00,14.29,0.00,4.76,80.95,80.95,NA,80.95,80.95,80.95,80.95
12-31-2023,38065,Oliver County,7,18.00,0.00,5.56,0.00,0.00,94.44,94.44,NA,94.44,94.44,94.44,94.44
12-31-2023,38065,Oliver County,Kindergarten,20.00,0.00,15.00,0.00,0.00,85.00,85.00,85.00,85.00,85.00,NA,NA
12-31-2024,38065,Oliver County,11,22.00,4.55,4.55,0.00,0.00,90.91,90.91,NA,90.91,90.91,90.91,90.91
12-31-2024,38065,Oliver County,7,11.00,0.00,18.18,0.00,0.00,81.82,81.82,NA,81.82,81.82,81.82,81.82
12-31-2024,38065,Oliver County,Kindergarten,22.00,0.00,0.00,0.00,9.09,90.91,90.91,90.91,90.91,90.91,NA,NA
12-31-2025,38065,Oliver County,11,19.00,10.53,0.00,0.00,5.26,84.21,84.21,NA,84.21,84.21,84.21,84.21
12-31-2025,38065,Oliver County,Kindergarten,14.00,0.00,0.00,0.00,7.14,92.86,92.86,92.86,92.86,92.86,NA,NA
12-31-2019,38067,Pembina County,11,66.00,1.64,3.28,0.00,1.64,93.44,96.72,NA,96.72,91.80,91.80,83.61
12-31-2019,38067,Pembina County,7,92.00,0.00,2.17,0.00,0.00,97.83,97.83,NA,98.91,97.83,95.65,95.65
12-31-2019,38067,Pembina County,Kindergarten,81.00,4.94,9.88,0.00,1.23,80.25,81.48,83.95,82.72,81.48,NA,NA
12-31-2020,38067,Pembina County,11,93.00,3.23,2.15,0.00,0.00,95.70,94.62,NA,94.62,95.70,94.62,87.10
12-31-2020,38067,Pembina County,7,82.00,0.00,2.44,0.00,0.00,97.56,97.56,NA,97.56,97.56,97.56,97.56
12-31-2020,38067,Pembina County,Kindergarten,81.00,1.23,4.94,1.23,1.23,91.36,91.36,91.36,88.89,91.36,NA,NA
12-31-2021,38067,Pembina County,11,54.00,0.00,0.00,0.00,0.00,100.00,100.00,NA,100.00,100.00,98.15,94.44
12-31-2021,38067,Pembina County,7,71.00,0.00,2.82,0.00,0.00,95.77,97.18,NA,97.18,95.77,94.37,92.96
12-31-2021,38067,Pembina County,Kindergarten,94.00,1.12,1.12,0.00,1.12,96.63,96.63,97.75,97.75,96.63,NA,NA
12-31-2022,38067,Pembina County,11,59.00,22.03,0.00,0.00,1.69,93.22,93.22,NA,93.22,93.22,93.22,89.83
12-31-2022,38067,Pembina County,7,78.00,0.00,5.13,0.00,0.00,93.59,92.31,NA,93.59,92.31,92.31,91.03
12-31-2022,38067,Pembina County,Kindergarten,77.00,0.00,1.30,0.00,0.00,97.40,98.70,98.70,97.40,96.10,NA,NA
12-31-2023,38067,Pembina County,11,63.00,0.00,0.00,0.00,0.00,100.00,100.00,NA,100.00,96.83,100.00,90.48
12-31-2023,38067,Pembina County,7,50.00,0.00,0.00,2.00,2.00,96.00,94.00,NA,98.00,96.00,96.00,96.00
12-31-2023,38067,Pembina County,Kindergarten,75.00,2.67,2.67,0.00,1.33,93.33,93.33,93.33,93.33,77.33,NA,NA
12-31-2024,38067,Pembina County,11,49.00,4.08,2.04,0.00,0.00,95.92,95.92,NA,95.92,95.92,95.92,89.80
12-31-2024,38067,Pembina County,7,51.00,0.02,0.00,0.00,0.00,100.00,100.00,NA,100.00,100.00,100.00,98.04
12-31-2024,38067,Pembina County,Kindergarten,79.00,1.27,2.53,1.27,1.27,93.67,93.67,92.41,93.67,93.67,NA,NA
12-31-2025,38067,Pembina County,11,79.00,0.00,2.53,0.00,0.00,97.47,96.20,NA,97.47,97.47,96.20,87.34
12-31-2025,38067,Pembina County,7,91.00,3.30,3.30,0.00,1.10,95.60,95.60,NA,96.70,95.60,91.21,89.01
12-31-2025,38067,Pembina County,Kindergarten,69.00,0.00,2.90,0.00,1.45,95.65,95.65,95.65,95.65,95.65,NA,NA
12-31-2019,38069,Pierce County,11,53.00,3.77,1.89,0.00,3.77,94.34,92.45,NA,92.45,94.34,94.34,88.68
12-31-2019,38069,Pierce County,7,41.00,0.00,2.44,0.00,2.44,95.12,95.12,NA,92.68,95.12,92.68,92.68
12-31-2019,38069,Pierce County,Kindergarten,52.00,2.13,0.00,0.00,0.00,95.74,97.87,97.87,97.87,97.87,NA,NA
12-31-2020,38069,Pierce County,11,39.00,0.00,5.13,0.00,0.00,94.87,92.31,NA,92.31,92.31,92.31,82.05
12-31-2020,38069,Pierce County,7,58.00,0.00,1.72,0.00,1.72,96.55,98.28,NA,98.28,96.55,93.10,93.10
12-31-2020,38069,Pierce County,Kindergarten,44.00,0.00,2.27,0.00,0.00,97.73,97.73,97.73,100.00,97.73,NA,NA
12-31-2021,38069,Pierce County,11,53.00,0.00,3.77,0.00,0.00,96.23,96.23,NA,98.11,92.45,92.45,75.47
12-31-2021,38069,Pierce County,7,48.00,0.00,4.17,0.00,4.17,91.67,93.75,NA,95.83,91.67,93.75,89.58
12-31-2021,38069,Pierce County,Kindergarten,51.00,0.00,3.92,0.00,0.00,96.08,96.08,96.08,100.00,96.08,NA,NA
12-31-2022,38069,Pierce County,11,52.00,0.00,1.92,0.00,1.92,96.15,94.23,NA,94.23,92.31,96.15,86.54
12-31-2022,38069,Pierce County,7,65.00,0.00,1.54,0.00,0.00,98.46,98.46,NA,98.46,98.46,96.92,96.92
12-31-2022,38069,Pierce County,Kindergarten,59.00,0.00,0.00,0.00,0.00,98.31,98.31,98.31,100.00,98.31,NA,NA
12-31-2023,38069,Pierce County,11,43.00,0.00,2.33,0.00,2.33,95.35,95.35,NA,95.35,95.35,95.35,93.02
12-31-2023,38069,Pierce County,7,46.00,0.00,6.52,0.00,2.17,91.30,91.30,NA,91.30,91.30,84.78,86.96
12-31-2023,38069,Pierce County,Kindergarten,30.00,3.33,3.33,0.00,3.33,90.00,90.00,90.00,90.00,90.00,NA,NA
12-31-2024,38069,Pierce County,Kindergarten,37.00,0.00,8.11,0.00,0.00,91.89,94.59,94.59,94.59,91.89,NA,NA
12-31-2025,38069,Pierce County,11,46.00,0.00,4.35,0.00,2.17,95.65,93.48,NA,89.13,93.48,93.48,78.26
12-31-2025,38069,Pierce County,7,201.00,0.50,2.99,0.00,0.50,96.52,96.02,NA,97.01,97.01,96.52,96.02
12-31-2025,38069,Pierce County,Kindergarten,48.00,0.00,4.17,0.00,2.08,91.67,91.67,91.67,95.83,91.67,NA,NA
12-31-2019,38071,Ramsey County,11,134.00,0.00,0.00,0.00,0.00,100.00,100.00,NA,100.00,100.00,100.00,98.51
12-31-2019,38071,Ramsey County,7,161.00,0.00,0.62,0.00,0.62,98.76,98.76,NA,97.52,98.14,98.14,98.14
12-31-2019,38071,Ramsey County,Kindergarten,164.00,0.00,0.61,0.00,0.00,99.39,99.39,99.39,100.00,99.39,NA,NA
12-31-2020,38071,Ramsey County,11,117.00,0.85,0.00,0.00,0.00,100.00,100.00,NA,100.00,100.00,100.00,97.44
12-31-2020,38071,Ramsey County,7,147.00,0.00,0.00,0.00,0.00,100.00,100.00,NA,100.00,100.00,98.64,97.96
12-31-2020,38071,Ramsey County,Kindergarten,166.00,0.00,0.60,0.00,0.00,99.40,99.40,99.40,99.40,99.40,NA,NA
12-31-2021,38071,Ramsey County,11,110.00,0.00,0.00,0.00,0.00,100.00,100.00,NA,100.00,100.00,100.00,90.00
12-31-2021,38071,Ramsey County,7,188.00,0.00,0.00,0.00,1.06,79.79,79.79,NA,79.79,79.79,77.13,77.13
12-31-2021,38071,Ramsey County,Kindergarten,162.00,0.00,0.00,0.00,0.00,100.00,100.00,100.00,100.00,100.00,NA,NA
12-31-2022,38071,Ramsey County,11,106.00,0.00,0.00,0.00,0.00,100.00,100.00,NA,100.00,100.00,100.00,72.73
12-31-2022,38071,Ramsey County,7,170.00,0.61,0.00,0.00,0.61,61.35,60.74,NA,61.35,61.35,60.74,60.74
12-31-2022,38071,Ramsey County,Kindergarten,274.00,0.00,1.21,0.00,0.00,99.60,98.79,98.79,99.19,99.60,NA,NA
12-31-2023,38071,Ramsey County,11,115.00,0.00,1.74,0.00,0.00,98.26,99.13,NA,98.26,98.26,97.39,96.52
12-31-2023,38071,Ramsey County,7,130.00,0.00,0.00,0.00,0.77,100.00,100.00,NA,100.00,100.00,96.92,96.92
12-31-2023,38071,Ramsey County,Kindergarten,166.00,0.00,1.20,0.00,0.00,98.80,98.80,98.80,98.80,98.80,NA,NA
12-31-2024,38071,Ramsey County,7,14.00,0.00,0.00,0.00,0.00,100.00,100.00,NA,100.00,100.00,100.00,100.00
12-31-2024,38071,Ramsey County,Kindergarten,163.00,0.00,1.23,0.61,0.00,98.16,98.16,98.16,98.16,98.16,NA,NA
12-31-2025,38071,Ramsey County,11,140.00,0.00,1.43,0.00,0.00,98.57,98.57,NA,98.57,98.57,97.86,82.14
12-31-2025,38071,Ramsey County,7,187.00,0.53,4.28,0.00,0.53,94.12,93.05,NA,94.65,93.05,90.91,90.91
12-31-2025,38071,Ramsey County,Kindergarten,171.00,0.00,1.82,0.00,0.00,98.18,98.18,98.18,98.18,98.18,NA,NA
12-31-2019,38073,Ransom County,11,62.00,0.00,1.61,0.00,0.00,98.39,98.39,NA,98.39,98.39,98.39,93.55
12-31-2019,38073,Ransom County,7,86.00,1.16,3.49,0.00,0.00,96.51,96.51,NA,95.35,96.51,93.02,91.86
12-31-2019,38073,Ransom County,Kindergarten,56.00,3.57,3.57,0.00,0.00,89.29,91.07,89.29,91.07,91.07,NA,NA
12-31-2020,38073,Ransom County,11,60.00,1.67,1.67,0.00,0.00,98.33,96.67,NA,96.67,96.67,96.67,96.67
12-31-2020,38073,Ransom County,7,81.00,0.00,2.47,0.00,0.00,97.53,97.53,NA,97.53,97.53,97.53,97.53
12-31-2020,38073,Ransom County,Kindergarten,78.00,0.00,1.28,0.00,0.00,97.44,97.44,97.44,98.72,98.72,NA,NA
12-31-2021,38073,Ransom County,11,70.00,0.00,0.00,0.00,0.00,100.00,100.00,NA,100.00,100.00,100.00,88.57
12-31-2021,38073,Ransom County,7,85.00,0.00,1.18,0.00,0.00,98.82,98.82,NA,98.82,98.82,98.82,98.82
12-31-2021,38073,Ransom County,Kindergarten,77.00,0.00,5.19,0.00,0.00,93.51,92.21,92.21,96.10,94.81,NA,NA
12-31-2022,38073,Ransom County,11,51.00,0.00,2.00,0.00,0.00,98.00,98.00,NA,98.00,98.00,98.00,94.00
12-31-2022,38073,Ransom County,7,76.00,0.00,3.95,0.00,1.32,94.74,94.74,NA,94.74,93.42,94.74,93.42
12-31-2022,38073,Ransom County,Kindergarten,59.00,3.51,1.75,0.00,1.75,94.74,92.98,92.98,92.98,94.74,NA,NA
12-31-2023,38073,Ransom County,11,81.00,3.70,1.23,0.00,0.00,66.67,66.67,NA,66.67,66.67,66.67,66.67
12-31-2023,38073,Ransom County,7,72.00,2.78,2.78,0.00,0.00,55.56,55.56,NA,55.56,55.56,54.17,54.17
12-31-2023,38073,Ransom County,Kindergarten,71.00,0.00,5.63,0.00,1.41,56.34,56.34,56.34,56.34,56.34,NA,NA
12-31-2024,38073,Ransom County,11,35.00,2.86,5.71,0.00,0.00,88.57,88.57,NA,88.57,88.57,88.57,88.57
12-31-2024,38073,Ransom County,7,23.00,0.00,0.00,0.00,0.00,100.00,100.00,NA,100.00,100.00,100.00,100.00
12-31-2024,38073,Ransom County,Kindergarten,47.00,0.00,2.13,2.13,2.13,95.74,95.74,95.74,95.74,95.74,NA,NA
12-31-2025,38073,Ransom County,11,74.00,0.00,2.74,0.00,0.00,97.26,97.26,NA,97.26,97.26,97.26,89.04
12-31-2025,38073,Ransom County,Kindergarten,60.00,0.00,1.67,0.00,3.33,95.00,96.67,95.00,96.67,95.00,NA,NA
12-31-2019,38075,Renville County,11,54.00,0.00,1.85,0.00,0.00,98.15,98.15,NA,98.15,98.15,96.30,88.89
12-31-2019,38075,Renville County,7,42.00,2.38,2.38,0.00,0.00,95.24,92.86,NA,95.24,95.24,92.86,92.86
12-31-2019,38075,Renville County,Kindergarten,38.00,0.00,0.00,0.00,0.00,97.37,97.37,97.37,100.00,97.37,NA,NA
12-31-2020,38075,Renville County,11,44.00,0.00,0.00,0.00,0.00,100.00,100.00,NA,100.00,97.73,100.00,93.18
12-31-2020,38075,Renville County,7,42.00,0.00,2.38,0.00,0.00,97.62,97.62,NA,97.62,97.62,90.48,90.48
12-31-2020,38075,Renville County,Kindergarten,50.00,0.00,2.00,0.00,0.00,96.00,94.00,92.00,96.00,96.00,NA,NA
12-31-2021,38075,Renville County,11,51.00,1.96,0.00,0.00,0.00,92.16,92.16,NA,92.16,94.12,94.12,82.35
12-31-2021,38075,Renville County,7,41.00,2.44,0.00,0.00,0.00,92.68,90.24,NA,92.68,92.68,90.24,90.24
12-31-2021,38075,Renville County,Kindergarten,35.00,5.71,5.71,0.00,0.00,85.71,85.71,85.71,85.71,85.71,NA,NA
12-31-2022,38075,Renville County,11,42.00,52.38,2.38,0.00,0.00,92.86,92.86,NA,92.86,92.86,92.86,78.57
12-31-2022,38075,Renville County,7,40.00,2.50,0.00,0.00,0.00,97.50,97.50,NA,97.50,97.50,92.50,92.50
12-31-2022,38075,Renville County,Kindergarten,49.00,0.00,4.08,0.00,0.00,85.71,87.76,87.76,95.92,85.71,NA,NA
12-31-2023,38075,Renville County,11,34.00,2.94,0.00,0.00,0.00,97.06,97.06,NA,97.06,97.06,97.06,91.18
12-31-2023,38075,Renville County,7,41.00,0.00,2.44,0.00,0.00,97.56,97.56,NA,97.56,97.56,82.93,82.93
12-31-2023,38075,Renville County,Kindergarten,39.00,0.00,7.69,0.00,0.00,89.74,89.74,89.74,92.31,87.18,NA,NA
12-31-2024,38075,Renville County,11,44.00,0.00,2.27,0.00,0.00,90.91,90.91,NA,90.91,90.91,90.91,77.27
12-31-2024,38075,Renville County,7,39.00,0.00,2.56,0.00,0.00,89.74,89.74,NA,89.74,89.74,82.05,89.74
12-31-2024,38075,Renville County,Kindergarten,40.00,0.00,5.00,0.00,0.00,87.50,85.00,85.00,95.00,85.00,NA,NA
12-31-2025,38075,Renville County,11,37.00,10.81,0.00,0.00,0.00,100.00,100.00,NA,100.00,100.00,100.00,81.08
12-31-2025,38075,Renville County,7,54.00,0.00,1.85,0.00,0.00,98.15,98.15,NA,96.30,98.15,87.04,87.04
12-31-2025,38075,Renville County,Kindergarten,36.00,2.78,0.00,0.00,0.00,91.67,88.89,88.89,97.22,91.67,NA,NA
12-31-2019,38077,Richland County,11,166.00,0.00,1.20,0.00,0.00,98.80,98.80,NA,98.80,98.80,98.19,96.99
12-31-2019,38077,Richland County,7,243.00,0.00,0.82,0.00,0.00,99.18,99.18,NA,97.94,99.18,96.71,96.71
12-31-2019,38077,Richland County,Kindergarten,157.00,0.00,3.95,0.00,0.00,96.05,94.08,94.08,97.37,94.74,NA,NA
12-31-2020,38077,Richland County,11,165.00,0.61,0.61,0.00,0.00,99.39,99.39,NA,99.39,99.39,99.39,96.97
12-31-2020,38077,Richland County,7,205.00,0.49,1.46,0.00,0.00,97.07,97.56,NA,97.56,97.07,95.12,94.15
12-31-2020,38077,Richland County,Kindergarten,184.00,0.00,1.63,0.00,0.00,97.28,97.83,97.83,98.91,97.28,NA,NA
12-31-2021,38077,Richland County,11,170.00,0.00,1.18,0.00,0.00,98.82,98.82,NA,98.82,99.41,98.82,97.65
12-31-2021,38077,Richland County,12,11.00,0.00,0.00,0.00,0.00,100.00,100.00,100.00,100.00,100.00,100.00,100.00
12-31-2021,38077,Richland County,7,186.00,0.00,1.08,0.54,0.00,97.85,98.39,NA,98.39,97.85,91.40,90.32
12-31-2021,38077,Richland County,Kindergarten,199.00,0.00,4.52,0.00,0.00,95.98,95.48,95.48,96.48,95.98,NA,NA
12-31-2022,38077,Richland County,11,187.00,0.00,0.54,0.54,0.00,98.92,99.46,NA,98.92,98.92,98.38,95.14
12-31-2022,38077,Richland County,7,163.00,0.00,1.24,0.00,0.62,98.14,95.03,NA,98.14,98.14,91.93,91.93
12-31-2022,38077,Richland County,Kindergarten,196.00,0.00,2.60,0.00,1.04,95.83,95.83,95.83,97.40,95.83,NA,NA
12-31-2023,38077,Richland County,11,172.00,0.58,1.16,0.00,0.00,98.84,98.84,NA,98.84,98.84,98.84,95.93
12-31-2023,38077,Richland County,7,147.00,0.68,1.36,0.00,0.68,92.52,92.52,NA,95.92,94.56,88.44,85.03
12-31-2023,38077,Richland County,Kindergarten,175.00,2.86,3.43,0.57,1.14,93.14,93.71,93.71,94.86,85.14,NA,NA
12-31-2024,38077,Richland County,11,31.00,16.13,3.23,0.00,0.00,96.77,96.77,NA,96.77,96.77,96.77,90.32
12-31-2024,38077,Richland County,7,42.00,0.10,7.14,0.00,0.00,92.86,92.86,NA,92.86,92.86,90.48,88.10
12-31-2024,38077,Richland County,Kindergarten,167.00,1.20,1.80,0.00,2.99,95.21,95.81,95.81,96.41,95.21,NA,NA
12-31-2025,38077,Richland County,11,163.00,0.00,1.27,0.00,0.00,98.73,98.73,NA,98.73,98.73,98.10,98.10
12-31-2025,38077,Richland County,7,200.00,0.00,1.50,0.50,1.00,97.00,98.00,NA,98.00,96.50,91.50,91.50
12-31-2025,38077,Richland County,Kindergarten,195.00,0.00,2.56,0.51,2.05,93.33,93.33,93.33,95.38,93.33,NA,NA
12-31-2019,38079,Rolette County,11,205.00,0.49,0.00,0.00,0.00,100.00,99.51,NA,100.00,100.00,100.00,89.76
12-31-2019,38079,Rolette County,7,268.00,0.00,0.37,0.00,0.00,99.63,99.63,NA,99.25,99.63,99.25,98.51
12-31-2019,38079,Rolette County,Kindergarten,303.00,0.00,0.00,0.34,0.00,99.66,99.66,99.66,100.00,99.66,NA,NA
12-31-2020,38079,Rolette County,11,211.00,0.00,0.47,0.00,0.00,99.53,99.05,NA,99.05,99.53,99.53,88.63
12-31-2020,38079,Rolette County,7,290.00,0.00,1.03,0.00,0.00,98.97,98.97,NA,98.97,98.97,98.97,98.97
12-31-2020,38079,Rolette County,Kindergarten,282.00,0.00,0.35,0.00,0.00,100.00,100.00,100.00,99.65,100.00,NA,NA
12-31-2021,38079,Rolette County,11,233.00,0.00,0.43,0.00,0.00,99.57,99.14,NA,99.57,99.57,99.57,73.39
12-31-2021,38079,Rolette County,7,295.00,0.00,1.69,0.00,0.00,97.97,97.29,NA,98.64,98.64,96.61,96.61
12-31-2021,38079,Rolette County,Kindergarten,252.00,1.19,0.40,0.00,0.00,97.62,97.62,97.62,98.02,97.62,NA,NA
12-31-2022,38079,Rolette County,11,118.00,1.72,1.72,0.00,0.00,98.28,98.28,NA,98.28,98.28,99.14,98.28
12-31-2022,38079,Rolette County,7,301.00,1.67,1.00,0.00,0.33,98.66,98.66,NA,99.00,97.99,98.33,98.33
12-31-2022,38079,Rolette County,Kindergarten,342.00,0.29,3.22,0.00,1.17,94.74,95.91,93.27,97.37,94.74,NA,NA
12-31-2023,38079,Rolette County,11,213.00,0.47,0.47,0.00,0.00,98.59,99.06,NA,99.06,99.06,98.59,91.55
12-31-2023,38079,Rolette County,7,262.00,0.00,0.00,0.00,0.00,100.00,100.00,NA,100.00,100.00,99.62,99.62
12-31-2023,38079,Rolette County,Kindergarten,243.00,0.41,0.82,0.00,0.00,98.35,98.35,98.35,97.94,98.35,NA,NA
12-31-2024,38079,Rolette County,11,56.00,3.57,0.00,0.00,3.57,96.43,96.43,NA,96.43,96.43,94.64,91.07
12-31-2024,38079,Rolette County,7,97.00,0.01,0.00,0.00,1.03,98.97,98.97,NA,98.97,98.97,97.94,97.94
12-31-2024,38079,Rolette County,Kindergarten,286.00,0.70,0.35,0.00,0.70,96.85,97.20,97.20,97.55,97.20,NA,NA
12-31-2025,38079,Rolette County,11,250.00,4.40,1.20,0.00,1.60,97.60,97.60,NA,98.00,98.00,97.20,94.80
12-31-2025,38079,Rolette County,7,297.00,3.03,1.35,0.34,0.00,98.32,98.65,NA,78.11,98.32,96.97,96.97
12-31-2025,38079,Rolette County,Kindergarten,227.00,0.00,0.44,0.00,0.44,98.67,98.67,98.67,98.67,98.67,NA,NA
12-31-2019,38081,Sargent County,11,40.00,0.00,0.00,0.00,2.50,97.50,97.50,NA,97.50,100.00,77.50,75.00
12-31-2019,38081,Sargent County,7,42.00,0.00,0.00,0.00,0.00,100.00,100.00,NA,97.62,97.62,97.62,97.62
12-31-2019,38081,Sargent County,Kindergarten,48.00,0.00,6.25,0.00,0.00,93.75,93.75,93.75,95.83,93.75,NA,NA
12-31-2020,38081,Sargent County,11,48.00,0.00,2.08,0.00,0.00,97.92,97.92,NA,97.92,95.83,97.92,89.58
12-31-2020,38081,Sargent County,7,40.00,0.00,0.00,0.00,0.00,100.00,100.00,NA,100.00,100.00,97.50,97.50
12-31-2020,38081,Sargent County,Kindergarten,40.00,0.00,0.00,0.00,2.50,97.50,97.50,97.50,97.50,97.50,NA,NA
12-31-2021,38081,Sargent County,11,39.00,0.00,0.00,0.00,0.00,100.00,100.00,NA,100.00,97.44,100.00,94.87
12-31-2021,38081,Sargent County,7,40.00,0.00,5.00,0.00,0.00,95.00,95.00,NA,100.00,95.00,95.00,95.00
12-31-2021,38081,Sargent County,Kindergarten,56.00,0.00,0.00,0.00,0.00,98.21,98.21,98.21,98.21,98.21,NA,NA
12-31-2022,38081,Sargent County,11,37.00,0.00,0.00,0.00,0.00,100.00,100.00,NA,100.00,100.00,96.97,96.97
12-31-2022,38081,Sargent County,7,51.00,0.00,0.00,0.00,0.00,100.00,100.00,NA,100.00,100.00,100.00,100.00
12-31-2022,38081,Sargent County,Kindergarten,48.00,0.00,2.08,0.00,2.08,95.83,93.75,91.67,91.67,95.83,NA,NA
12-31-2023,38081,Sargent County,11,36.00,0.00,2.78,0.00,0.00,97.22,97.22,NA,97.22,94.44,94.44,91.67
12-31-2023,38081,Sargent County,7,32.00,0.00,3.12,0.00,0.00,96.88,96.88,NA,100.00,100.00,96.88,96.88
12-31-2023,38081,Sargent County,Kindergarten,45.00,0.00,22.22,0.00,4.44,75.56,75.56,75.56,77.78,73.33,NA,NA
12-31-2024,38081,Sargent County,11,35.00,0.00,0.00,0.00,0.00,100.00,100.00,NA,100.00,100.00,97.14,94.29
12-31-2024,38081,Sargent County,7,47.00,0.00,4.26,0.00,0.00,95.74,95.74,NA,95.74,95.74,93.62,93.62
12-31-2024,38081,Sargent County,Kindergarten,42.00,0.00,4.76,0.00,0.00,95.24,95.24,95.24,95.24,95.24,NA,NA
12-31-2025,38081,Sargent County,11,42.00,0.00,5.13,0.00,0.00,94.87,92.31,NA,100.00,94.87,94.87,89.74
12-31-2025,38081,Sargent County,7,47.00,2.13,4.26,0.00,0.00,93.62,93.62,NA,93.62,93.62,89.36,89.36
12-31-2025,38081,Sargent County,Kindergarten,46.00,0.00,13.04,0.00,2.17,84.78,84.78,84.78,84.78,84.78,NA,NA
12-31-2019,38083,Sheridan County,11,9.00,0.00,0.00,0.00,11.11,88.89,88.89,NA,88.89,88.89,88.89,88.89
12-31-2019,38083,Sheridan County,7,7.00,0.00,0.00,0.00,0.00,100.00,100.00,NA,100.00,100.00,100.00,100.00
12-31-2019,38083,Sheridan County,Kindergarten,8.00,0.00,0.00,0.00,0.00,100.00,100.00,100.00,100.00,100.00,NA,NA
12-31-2020,38083,Sheridan County,7,10.00,0.00,0.00,0.00,0.00,100.00,100.00,NA,100.00,100.00,100.00,100.00
12-31-2020,38083,Sheridan County,Kindergarten,7.00,0.00,0.00,0.00,0.00,100.00,100.00,100.00,100.00,100.00,NA,NA
12-31-2021,38083,Sheridan County,11,8.00,0.00,0.00,0.00,0.00,100.00,100.00,NA,100.00,100.00,100.00,100.00
12-31-2021,38083,Sheridan County,7,5.00,NA,NA,NA,NA,NA,NA,NA,NA,NA,NA,NA
12-31-2022,38083,Sheridan County,11,6.00,0.00,0.00,0.00,16.67,83.33,83.33,NA,83.33,83.33,33.33,83.33
12-31-2022,38083,Sheridan County,7,9.00,0.00,0.00,0.00,0.00,100.00,100.00,NA,100.00,100.00,88.89,88.89
12-31-2022,38083,Sheridan County,Kindergarten,11.00,0.00,0.00,0.00,0.00,100.00,100.00,100.00,100.00,100.00,NA,NA
12-31-2023,38083,Sheridan County,11,8.00,0.00,0.00,0.00,0.00,100.00,100.00,NA,100.00,100.00,100.00,75.00
12-31-2023,38083,Sheridan County,Kindergarten,37.00,2.70,2.70,0.00,8.11,59.46,59.46,56.76,75.68,62.16,NA,NA
12-31-2024,38083,Sheridan County,11,12.00,0.00,0.00,0.00,0.00,100.00,100.00,NA,100.00,100.00,100.00,100.00
12-31-2024,38083,Sheridan County,7,7.00,0.00,0.00,0.00,14.29,85.71,85.71,NA,85.71,85.71,71.43,71.43
12-31-2024,38083,Sheridan County,Kindergarten,8.00,12.50,0.00,0.00,12.50,75.00,75.00,75.00,75.00,75.00,NA,NA
12-31-2025,38083,Sheridan County,11,8.00,0.00,0.00,0.00,0.00,100.00,100.00,NA,100.00,100.00,100.00,100.00
12-31-2025,38083,Sheridan County,7,16.00,0.00,0.00,0.00,0.00,100.00,100.00,NA,100.00,100.00,43.75,31.25
12-31-2025,38083,Sheridan County,Kindergarten,7.00,0.00,28.57,0.00,14.29,57.14,57.14,57.14,57.14,57.14,NA,NA
12-31-2019,38085,Sioux County,11,52.00,0.00,0.00,0.00,0.00,100.00,98.08,NA,100.00,100.00,100.00,88.46
12-31-2019,38085,Sioux County,7,94.00,0.00,0.00,0.00,0.00,100.00,100.00,NA,97.87,100.00,100.00,100.00
12-31-2019,38085,Sioux County,Kindergarten,76.00,0.00,0.00,0.00,0.00,100.00,100.00,100.00,100.00,100.00,NA,NA
12-31-2020,38085,Sioux County,11,62.00,11.29,0.00,0.00,0.00,100.00,100.00,NA,100.00,100.00,100.00,91.94
12-31-2020,38085,Sioux County,7,40.00,0.00,0.00,0.00,0.00,100.00,100.00,NA,100.00,100.00,100.00,100.00
12-31-2020,38085,Sioux County,Kindergarten,29.00,0.00,0.00,0.00,0.00,100.00,100.00,100.00,100.00,100.00,NA,NA
12-31-2021,38085,Sioux County,7,33.00,0.00,0.00,0.00,0.00,100.00,100.00,NA,100.00,100.00,100.00,100.00
12-31-2021,38085,Sioux County,Kindergarten,22.00,0.00,0.00,0.00,0.00,100.00,100.00,100.00,100.00,100.00,NA,NA
12-31-2022,38085,Sioux County,11,19.00,31.25,0.00,0.00,0.00,68.75,56.25,NA,62.50,62.50,50.00,56.25
12-31-2022,38085,Sioux County,7,33.00,28.57,0.00,0.00,0.00,67.86,67.86,NA,64.29,67.86,64.29,64.29
12-31-2022,38085,Sioux County,Kindergarten,30.00,41.67,0.00,0.00,0.00,58.33,58.33,58.33,58.33,58.33,NA,NA
12-31-2023,38085,Sioux County,11,21.00,0.00,0.00,0.00,0.00,100.00,100.00,NA,100.00,100.00,95.24,66.67
12-31-2023,38085,Sioux County,Kindergarten,66.00,7.58,3.03,0.00,0.00,89.39,89.39,89.39,89.39,89.39,NA,NA
12-31-2024,38085,Sioux County,Kindergarten,71.00,0.00,1.41,0.00,0.00,94.37,94.37,94.37,94.37,94.37,NA,NA
12-31-2025,38085,Sioux County,11,18.00,0.00,0.00,0.00,0.00,100.00,100.00,NA,100.00,100.00,100.00,100.00
12-31-2025,38085,Sioux County,7,136.00,3.68,0.00,0.00,2.21,96.32,96.32,NA,96.32,96.32,96.32,94.12
12-31-2025,38085,Sioux County,Kindergarten,16.00,0.00,0.00,0.00,0.00,84.62,84.62,84.62,84.62,84.62,NA,NA
12-31-2022,38087,Slope County,7,2.00,NA,NA,NA,NA,NA,NA,NA,NA,NA,NA,NA
12-31-2022,38087,Slope County,Kindergarten,2.00,NA,NA,NA,NA,NA,NA,NA,NA,NA,NA,NA
12-31-2025,38087,Slope County,7,10.00,0.00,10.00,0.00,0.00,80.00,80.00,NA,90.00,80.00,40.00,40.00
12-31-2019,38089,Stark County,11,326.00,0.31,1.23,0.00,1.84,96.63,96.32,NA,96.93,96.63,95.09,92.33
12-31-2019,38089,Stark County,7,397.00,0.50,3.27,0.50,1.76,95.47,95.21,NA,95.21,97.23,93.70,92.44
12-31-2019,38089,Stark County,Kindergarten,510.00,0.39,4.51,0.78,0.39,92.55,93.20,93.20,95.31,93.20,NA,NA
12-31-2020,38089,Stark County,11,327.00,0.31,0.61,0.31,0.61,97.25,98.17,NA,98.17,96.94,97.25,92.05
12-31-2020,38089,Stark County,7,398.00,0.25,4.27,0.25,1.26,93.97,93.97,NA,94.22,93.72,93.22,92.46
12-31-2020,38089,Stark County,Kindergarten,539.00,0.56,4.08,1.30,0.56,92.76,92.58,92.76,94.43,92.76,NA,NA
12-31-2021,38089,Stark County,11,377.00,0.56,1.39,0.00,0.56,97.49,97.77,NA,98.33,97.49,95.54,94.99
12-31-2021,38089,Stark County,7,416.00,0.48,2.16,0.48,0.96,91.59,91.35,NA,91.59,90.62,89.66,89.90
12-31-2021,38089,Stark County,Kindergarten,426.00,0.00,7.75,0.00,1.41,92.49,92.25,92.25,91.55,91.78,NA,NA
12-31-2022,38089,Stark County,11,320.00,0.32,1.92,0.64,0.64,96.17,96.81,NA,96.17,96.17,94.57,88.18
12-31-2022,38089,Stark County,7,434.00,0.46,4.62,0.00,1.62,93.07,93.07,NA,93.30,92.61,91.92,92.15
12-31-2022,38089,Stark County,Kindergarten,536.00,0.19,5.42,0.56,2.43,91.03,91.78,91.78,91.78,91.21,NA,NA
12-31-2023,38089,Stark County,11,386.00,1.30,3.37,0.26,0.78,95.60,95.60,NA,95.85,95.60,94.56,88.60
12-31-2023,38089,Stark County,7,399.00,3.01,5.76,0.00,1.00,92.48,92.48,NA,92.23,92.23,89.97,88.97
12-31-2023,38089,Stark County,Kindergarten,520.00,0.96,6.54,0.00,1.54,90.38,90.96,90.19,92.88,90.58,NA,NA
12-31-2024,38089,Stark County,11,63.00,0.00,1.59,30.16,0.00,65.08,98.41,NA,98.41,98.41,98.41,96.83
12-31-2024,38089,Stark County,7,56.00,0.00,5.36,0.00,1.79,92.86,92.86,NA,92.86,92.86,82.14,82.14
12-31-2024,38089,Stark County,Kindergarten,467.00,0.00,7.92,0.21,0.43,91.86,91.65,91.65,93.58,91.43,NA,NA
12-31-2025,38089,Stark County,11,404.00,0.50,2.76,1.00,0.50,95.99,96.74,NA,96.74,94.99,93.73,88.47
12-31-2025,38089,Stark County,7,834.00,0.48,1.08,0.24,0.96,97.24,97.36,NA,97.12,97.60,93.29,92.09
12-31-2025,38089,Stark County,Kindergarten,487.00,0.00,8.06,0.41,2.69,87.60,88.84,88.22,89.46,87.60,NA,NA
12-31-2019,38091,Steele County,11,22.00,0.00,0.00,0.00,0.00,100.00,100.00,NA,100.00,100.00,100.00,100.00
12-31-2019,38091,Steele County,7,22.00,0.00,0.00,0.00,0.00,100.00,100.00,NA,100.00,100.00,100.00,100.00
12-31-2019,38091,Steele County,Kindergarten,7.00,0.00,28.57,0.00,0.00,71.43,71.43,71.43,71.43,71.43,NA,NA
12-31-2020,38091,Steele County,11,14.00,0.00,0.00,0.00,0.00,100.00,100.00,NA,100.00,100.00,100.00,100.00
12-31-2020,38091,Steele County,7,13.00,12.50,0.00,0.00,0.00,87.50,87.50,NA,87.50,87.50,87.50,87.50
12-31-2020,38091,Steele County,Kindergarten,7.00,0.00,0.00,0.00,0.00,100.00,100.00,100.00,100.00,100.00,NA,NA
12-31-2021,38091,Steele County,11,13.00,0.00,0.00,0.00,0.00,100.00,100.00,NA,100.00,100.00,84.62,84.62
12-31-2021,38091,Steele County,7,17.00,0.00,0.00,0.00,0.00,100.00,100.00,NA,100.00,100.00,100.00,100.00
12-31-2021,38091,Steele County,Kindergarten,9.00,0.00,11.11,0.00,0.00,88.89,88.89,88.89,88.89,88.89,NA,NA
12-31-2022,38091,Steele County,11,14.00,0.00,0.00,0.00,0.00,100.00,100.00,NA,100.00,100.00,100.00,100.00
12-31-2022,38091,Steele County,7,17.00,0.00,5.88,0.00,0.00,94.12,94.12,NA,94.12,94.12,94.12,94.12
12-31-2022,38091,Steele County,Kindergarten,7.00,0.00,0.00,0.00,0.00,100.00,100.00,100.00,100.00,100.00,NA,NA
12-31-2023,38091,Steele County,11,7.00,0.00,0.00,0.00,0.00,100.00,100.00,NA,100.00,100.00,100.00,100.00
12-31-2024,38091,Steele County,Kindergarten,12.00,0.00,0.00,0.00,0.00,66.67,75.00,66.67,91.67,66.67,NA,NA
12-31-2025,38091,Steele County,11,7.00,0.00,0.00,0.00,0.00,28.57,28.57,NA,28.57,28.57,28.57,28.57
12-31-2025,38091,Steele County,7,16.00,12.50,12.50,0.00,6.25,75.00,75.00,NA,68.75,75.00,56.25,56.25
12-31-2025,38091,Steele County,Kindergarten,8.00,0.00,0.00,0.00,0.00,100.00,100.00,100.00,100.00,100.00,NA,NA
12-31-2019,38093,Stutsman County,11,209.00,0.00,1.91,0.00,0.48,97.61,97.13,NA,98.09,97.13,96.65,95.22
12-31-2019,38093,Stutsman County,7,220.00,0.00,2.33,0.00,0.00,97.67,97.67,NA,97.67,97.67,86.98,86.98
12-31-2019,38093,Stutsman County,Kindergarten,212.00,0.00,0.47,0.00,0.47,97.17,97.17,96.70,99.06,97.17,NA,NA
12-31-2020,38093,Stutsman County,11,197.00,0.00,0.00,0.00,1.52,98.48,98.48,NA,98.98,98.48,98.48,96.95
12-31-2020,38093,Stutsman County,7,247.00,1.65,3.72,0.00,0.41,95.87,95.87,NA,96.28,96.28,95.45,95.04
12-31-2020,38093,Stutsman County,Kindergarten,250.00,0.40,2.80,0.80,0.40,94.40,94.00,93.60,96.40,94.40,NA,NA
12-31-2021,38093,Stutsman County,11,204.00,0.00,2.94,0.00,0.98,96.08,94.61,NA,95.10,96.08,96.08,91.67
12-31-2021,38093,Stutsman County,7,224.00,0.00,1.83,0.00,0.00,98.17,98.63,NA,99.09,97.72,96.35,96.35
12-31-2021,38093,Stutsman County,Kindergarten,210.00,0.00,1.00,0.00,0.50,96.00,96.50,96.50,96.50,96.00,NA,NA
12-31-2022,38093,Stutsman County,11,208.00,3.92,3.43,0.00,1.47,95.10,95.10,NA,96.08,94.61,93.63,82.35
12-31-2022,38093,Stutsman County,7,232.00,0.00,3.08,0.00,0.00,96.92,97.36,NA,97.36,97.36,96.04,96.48
12-31-2022,38093,Stutsman County,Kindergarten,221.00,0.00,2.35,0.00,2.35,95.31,94.84,94.37,96.71,93.90,NA,NA
12-31-2023,38093,Stutsman County,11,223.00,2.69,0.90,0.00,0.90,98.21,15.25,NA,97.31,97.76,96.41,91.93
12-31-2023,38093,Stutsman County,7,204.00,81.86,2.45,0.00,0.00,97.06,97.55,NA,97.55,97.06,92.16,95.59
12-31-2023,38093,Stutsman County,Kindergarten,214.00,7.48,4.21,0.00,0.93,92.06,93.46,92.99,94.39,92.06,NA,NA
12-31-2024,38093,Stutsman County,11,29.00,3.45,3.45,0.00,6.90,89.66,89.66,NA,86.21,89.66,89.66,79.31
12-31-2024,38093,Stutsman County,7,43.00,0.00,2.33,2.33,0.00,95.35,95.35,NA,95.35,95.35,93.02,93.02
12-31-2024,38093,Stutsman County,Kindergarten,180.00,2.22,1.11,0.00,1.11,94.44,93.89,93.89,95.56,93.89,NA,NA
12-31-2025,38093,Stutsman County,11,203.00,4.55,3.03,0.00,0.51,96.46,96.97,NA,97.98,95.45,94.44,80.81
12-31-2025,38093,Stutsman County,7,909.00,3.41,1.32,0.00,0.44,97.58,97.80,NA,98.24,97.47,94.17,93.62
12-31-2025,38093,Stutsman County,Kindergarten,215.00,0.00,4.85,0.00,2.43,92.23,93.69,90.78,93.69,91.75,NA,NA
12-31-2019,38095,Towner County,11,18.00,0.00,0.00,0.00,5.56,94.44,94.44,NA,94.44,94.44,94.44,94.44
12-31-2019,38095,Towner County,7,31.00,0.00,0.00,0.00,0.00,100.00,100.00,NA,100.00,100.00,100.00,100.00
12-31-2019,38095,Towner County,Kindergarten,25.00,0.00,0.00,0.00,0.00,100.00,100.00,100.00,100.00,100.00,NA,NA
12-31-2020,38095,Towner County,11,25.00,0.00,4.00,0.00,0.00,96.00,96.00,NA,96.00,96.00,92.00,92.00
12-31-2020,38095,Towner County,7,19.00,0.00,10.53,0.00,0.00,89.47,89.47,NA,89.47,89.47,94.74,94.74
12-31-2020,38095,Towner County,Kindergarten,32.00,0.00,3.12,0.00,0.00,96.88,96.88,96.88,96.88,96.88,NA,NA
12-31-2021,38095,Towner County,11,18.00,0.00,0.00,0.00,0.00,100.00,100.00,NA,100.00,94.44,100.00,88.89
12-31-2021,38095,Towner County,7,22.00,0.00,0.00,0.00,0.00,100.00,100.00,NA,100.00,95.45,100.00,100.00
12-31-2021,38095,Towner County,Kindergarten,28.00,0.00,0.00,0.00,0.00,100.00,100.00,100.00,100.00,100.00,NA,NA
12-31-2022,38095,Towner County,11,23.00,0.00,0.00,0.00,4.35,95.65,95.65,NA,91.30,91.30,91.30,91.30
12-31-2022,38095,Towner County,7,26.00,0.00,4.00,0.00,0.00,96.00,96.00,NA,96.00,96.00,92.00,92.00
12-31-2022,38095,Towner County,Kindergarten,16.00,0.00,0.00,0.00,0.00,100.00,100.00,100.00,100.00,100.00,NA,NA
12-31-2023,38095,Towner County,11,19.00,0.00,10.53,0.00,0.00,89.47,89.47,NA,89.47,89.47,89.47,89.47
12-31-2023,38095,Towner County,7,18.00,0.00,0.00,0.00,0.00,100.00,100.00,NA,100.00,100.00,100.00,100.00
12-31-2023,38095,Towner County,Kindergarten,22.00,0.00,0.00,0.00,0.00,100.00,100.00,100.00,100.00,100.00,NA,NA
12-31-2024,38095,Towner County,11,17.00,11.76,11.76,0.00,0.00,94.12,94.12,NA,94.12,94.12,94.12,94.12
12-31-2024,38095,Towner County,7,21.00,0.00,0.00,0.00,0.00,100.00,100.00,NA,100.00,100.00,100.00,100.00
12-31-2024,38095,Towner County,Kindergarten,22.00,0.00,9.09,0.00,0.00,90.91,95.45,95.45,95.45,90.91,NA,NA
12-31-2025,38095,Towner County,11,22.00,4.55,0.00,0.00,0.00,100.00,100.00,NA,100.00,90.91,90.91,90.91
12-31-2025,38095,Towner County,7,61.00,4.92,0.00,0.00,0.00,91.80,90.16,NA,93.44,91.80,73.77,72.13
12-31-2025,38095,Towner County,Kindergarten,17.00,5.88,0.00,0.00,0.00,94.12,94.12,94.12,100.00,94.12,NA,NA
12-31-2019,38097,Traill County,11,79.00,0.00,0.00,0.00,0.00,100.00,100.00,NA,100.00,100.00,97.47,97.47
12-31-2019,38097,Traill County,7,68.00,0.00,1.47,0.00,0.00,98.53,98.53,NA,98.53,98.53,91.18,89.71
12-31-2019,38097,Traill County,Kindergarten,95.00,0.00,2.11,1.05,0.00,96.84,96.84,96.84,97.89,96.84,NA,NA
12-31-2020,38097,Traill County,11,68.00,0.00,2.94,0.00,0.00,97.06,97.06,NA,97.06,95.59,97.06,86.76
12-31-2020,38097,Traill County,7,80.00,0.00,2.50,0.00,0.00,96.25,97.50,NA,96.25,96.25,95.00,93.75
12-31-2020,38097,Traill County,Kindergarten,103.00,0.00,1.94,0.00,0.00,98.06,98.06,98.06,98.06,98.06,NA,NA
12-31-2021,38097,Traill County,11,90.00,0.00,0.00,0.00,1.11,97.78,97.78,NA,98.89,97.78,98.89,96.67
12-31-2021,38097,Traill County,7,104.00,0.00,0.00,0.00,0.96,99.04,99.04,NA,99.04,99.04,98.08,98.08
12-31-2021,38097,Traill County,Kindergarten,123.00,0.00,1.63,0.00,0.00,96.75,96.75,96.75,96.75,96.75,NA,NA
12-31-2022,38097,Traill County,11,54.00,0.00,0.00,0.00,0.00,100.00,100.00,NA,100.00,100.00,100.00,92.45
12-31-2022,38097,Traill County,7,73.00,0.00,0.00,0.00,0.00,100.00,98.59,NA,98.59,100.00,100.00,98.59
12-31-2022,38097,Traill County,Kindergarten,120.00,0.00,0.83,0.00,0.83,98.33,95.83,95.83,98.33,96.67,NA,NA
12-31-2023,38097,Traill County,11,97.00,0.00,0.00,0.00,0.00,100.00,100.00,NA,100.00,100.00,98.97,98.97
12-31-2023,38097,Traill County,7,100.00,0.00,0.00,0.00,0.00,96.00,96.00,NA,96.00,96.00,96.00,96.00
12-31-2023,38097,Traill County,Kindergarten,106.00,0.00,0.00,0.00,0.00,100.00,100.00,100.00,100.00,100.00,NA,NA
12-31-2024,38097,Traill County,11,31.00,0.00,0.00,0.00,0.00,100.00,100.00,NA,100.00,100.00,100.00,100.00
12-31-2024,38097,Traill County,7,23.00,0.00,0.00,0.00,0.00,100.00,100.00,NA,100.00,100.00,95.65,95.65
12-31-2024,38097,Traill County,Kindergarten,88.00,0.00,1.14,0.00,1.14,96.59,97.73,97.73,96.59,96.59,NA,NA
12-31-2025,38097,Traill County,11,109.00,0.00,0.92,0.00,1.83,97.25,94.50,NA,97.25,97.25,96.33,92.66
12-31-2025,38097,Traill County,7,214.00,4.21,1.87,0.00,0.47,96.26,96.26,NA,96.73,96.26,88.32,87.38
12-31-2025,38097,Traill County,Kindergarten,86.00,0.00,3.53,0.00,1.18,95.29,95.29,95.29,95.29,95.29,NA,NA
12-31-2019,38099,Walsh County,11,93.00,0.00,2.15,0.00,0.00,97.85,97.85,NA,100.00,97.85,95.70,95.70
12-31-2019,38099,Walsh County,7,119.00,0.00,0.00,0.00,0.00,99.16,99.16,NA,100.00,99.16,99.16,99.16
12-31-2019,38099,Walsh County,Kindergarten,133.00,0.00,4.51,0.00,0.00,95.49,96.24,95.49,96.99,95.49,NA,NA
12-31-2020,38099,Walsh County,11,113.00,0.00,0.00,0.00,0.00,99.12,99.12,NA,99.12,98.23,98.23,98.23
12-31-2020,38099,Walsh County,7,121.00,0.00,4.13,0.00,0.00,95.87,98.35,NA,97.52,95.87,97.52,97.52
12-31-2020,38099,Walsh County,Kindergarten,125.00,0.80,1.60,0.00,0.00,98.40,98.40,98.40,98.40,97.60,NA,NA
12-31-2021,38099,Walsh County,11,117.00,0.00,3.42,0.00,0.00,96.58,97.44,NA,98.29,97.44,97.44,94.87
12-31-2021,38099,Walsh County,7,139.00,0.00,0.00,0.00,0.00,99.28,97.84,NA,96.40,98.56,97.84,97.84
12-31-2021,38099,Walsh County,Kindergarten,117.00,0.00,4.27,0.00,0.00,95.73,95.73,95.73,94.87,95.73,NA,NA
12-31-2022,38099,Walsh County,11,128.00,0.00,3.20,0.00,0.80,94.40,94.40,NA,96.00,92.80,94.40,91.20
12-31-2022,38099,Walsh County,7,150.00,0.00,2.76,0.00,0.69,96.55,97.24,NA,97.93,97.24,96.55,95.86
12-31-2022,38099,Walsh County,Kindergarten,167.00,4.19,7.19,0.00,0.60,91.62,91.62,91.62,92.81,91.62,NA,NA
12-31-2023,38099,Walsh County,11,119.00,0.84,0.84,0.00,0.00,99.16,99.16,NA,100.00,98.32,99.16,92.44
12-31-2023,38099,Walsh County,7,87.00,0.00,0.00,0.00,0.00,100.00,100.00,NA,100.00,98.85,98.85,98.85
12-31-2023,38099,Walsh County,Kindergarten,113.00,0.00,2.65,0.00,0.00,97.35,97.35,97.35,97.35,97.35,NA,NA
12-31-2024,38099,Walsh County,11,27.00,3.70,3.70,0.00,0.00,92.59,92.59,NA,92.59,92.59,92.59,92.59
12-31-2024,38099,Walsh County,7,39.00,0.00,0.00,0.00,0.00,100.00,100.00,NA,97.44,97.44,97.44,97.44
12-31-2024,38099,Walsh County,Kindergarten,96.00,1.04,2.08,0.00,1.04,95.83,95.83,95.83,97.92,95.83,NA,NA
12-31-2025,38099,Walsh County,11,145.00,1.41,0.00,0.00,0.00,99.30,98.59,NA,97.18,98.59,99.30,97.18
12-31-2025,38099,Walsh County,7,21.00,0.00,4.76,0.00,0.00,95.24,95.24,NA,95.24,95.24,57.14,57.14
12-31-2025,38099,Walsh County,Kindergarten,117.00,0.87,0.87,0.00,0.87,96.52,95.65,96.52,97.39,96.52,NA,NA
12-31-2019,38101,Ward County,11,677.00,0.00,0.74,0.30,0.44,98.38,98.23,NA,98.52,97.19,97.19,94.39
12-31-2019,38101,Ward County,7,782.00,0.26,1.53,0.26,0.77,97.44,97.31,NA,97.70,97.06,97.31,96.55
12-31-2019,38101,Ward County,Kindergarten,1010.00,0.89,2.77,0.20,0.89,95.05,95.64,95.45,95.84,94.85,NA,NA
12-31-2020,38101,Ward County,11,666.00,0.00,1.05,0.00,0.15,98.80,98.65,NA,98.50,98.35,97.00,94.89
12-31-2020,38101,Ward County,7,935.00,0.00,1.60,0.21,0.32,97.65,97.86,NA,97.86,97.43,95.83,95.61
12-31-2020,38101,Ward County,Kindergarten,972.00,0.31,2.90,0.21,1.65,94.83,95.14,95.14,95.14,94.73,NA,NA
12-31-2021,38101,Ward County,11,721.00,0.00,0.69,0.14,0.14,99.03,98.75,NA,99.45,98.75,97.92,90.85
12-31-2021,38101,Ward County,7,837.00,0.12,1.31,0.00,0.36,98.09,97.61,NA,97.97,96.65,94.74,94.50
12-31-2021,38101,Ward County,Kindergarten,935.00,0.21,2.14,0.11,1.07,95.51,95.19,95.19,96.04,95.29,NA,NA
12-31-2022,38101,Ward County,11,705.00,5.67,1.70,0.00,0.28,97.87,97.87,NA,98.01,97.87,97.30,93.05
12-31-2022,38101,Ward County,7,844.00,0.12,1.31,0.00,0.60,95.94,95.82,NA,95.82,94.99,93.68,93.56
12-31-2022,38101,Ward County,Kindergarten,914.00,0.55,2.75,0.44,1.43,93.95,94.06,93.95,95.71,93.84,NA,NA
12-31-2023,38101,Ward County,11,705.00,0.71,1.99,0.00,0.14,96.45,96.45,NA,96.60,94.89,95.74,91.49
12-31-2023,38101,Ward County,7,826.00,0.00,1.45,0.36,0.24,97.94,98.06,NA,97.58,97.94,95.40,94.79
12-31-2023,38101,Ward County,Kindergarten,902.00,0.33,2.77,0.55,1.00,95.12,95.45,95.34,95.90,95.12,NA,NA
12-31-2024,38101,Ward County,11,150.00,0.00,1.33,1.33,0.67,96.00,96.00,NA,96.67,96.00,96.00,81.33
12-31-2024,38101,Ward County,7,137.00,0.00,5.11,0.00,0.73,93.43,92.70,NA,92.70,91.97,92.70,92.70
12-31-2024,38101,Ward County,Kindergarten,945.00,0.63,3.70,0.00,2.12,92.38,92.91,92.70,94.29,92.17,NA,NA
12-31-2025,38101,Ward County,11,768.00,0.52,1.05,0.00,0.79,98.03,98.03,NA,97.77,97.64,97.25,93.32
12-31-2025,38101,Ward County,7,540.00,1.48,1.48,0.00,0.93,95.56,95.56,NA,95.37,95.37,91.67,91.67
12-31-2025,38101,Ward County,Kindergarten,907.00,0.33,3.86,0.33,2.21,91.95,92.28,92.28,93.72,92.06,NA,NA
12-31-2019,38103,Wells County,11,31.00,6.45,0.00,0.00,0.00,96.77,96.77,NA,96.77,96.77,93.55,90.32
12-31-2019,38103,Wells County,7,38.00,2.63,2.63,0.00,0.00,92.11,94.74,NA,94.74,92.11,92.11,92.11
12-31-2019,38103,Wells County,Kindergarten,54.00,1.85,5.56,0.00,0.00,92.59,90.74,90.74,92.59,88.89,NA,NA
12-31-2020,38103,Wells County,11,41.00,0.00,0.00,0.00,0.00,100.00,100.00,NA,100.00,97.56,97.56,92.68
12-31-2020,38103,Wells County,7,37.00,0.00,2.70,0.00,0.00,97.30,97.30,NA,97.30,94.59,97.30,97.30
12-31-2020,38103,Wells County,Kindergarten,43.00,0.00,9.30,0.00,0.00,90.70,90.70,90.70,93.02,88.37,NA,NA
12-31-2021,38103,Wells County,11,43.00,0.00,2.33,0.00,0.00,97.67,97.67,NA,100.00,100.00,100.00,69.77
12-31-2021,38103,Wells County,7,48.00,2.08,6.25,0.00,0.00,91.67,91.67,NA,93.75,91.67,89.58,87.50
12-31-2021,38103,Wells County,Kindergarten,42.00,0.00,4.76,0.00,0.00,92.86,95.24,92.86,97.62,95.24,NA,NA
12-31-2022,38103,Wells County,11,32.00,9.38,3.12,0.00,0.00,96.88,96.88,NA,96.88,96.88,93.75,84.38
12-31-2022,38103,Wells County,7,47.00,0.00,0.00,0.00,0.00,100.00,100.00,NA,100.00,100.00,100.00,100.00
12-31-2022,38103,Wells County,Kindergarten,39.00,0.00,7.69,0.00,0.00,92.31,92.31,92.31,100.00,92.31,NA,NA
12-31-2023,38103,Wells County,11,40.00,5.00,0.00,0.00,0.00,97.50,95.00,NA,95.00,97.50,97.50,92.50
12-31-2023,38103,Wells County,7,45.00,15.56,4.44,0.00,0.00,91.11,91.11,NA,93.33,91.11,86.67,84.44
12-31-2023,38103,Wells County,Kindergarten,46.00,4.35,8.70,0.00,0.00,86.96,86.96,86.96,86.96,86.96,NA,NA
12-31-2024,38103,Wells County,11,8.00,25.00,0.00,0.00,0.00,100.00,100.00,NA,100.00,100.00,87.50,75.00
12-31-2024,38103,Wells County,7,15.00,0.00,0.00,0.00,0.00,100.00,100.00,NA,100.00,100.00,100.00,100.00
12-31-2024,38103,Wells County,Kindergarten,30.00,3.33,6.67,0.00,0.00,93.33,93.33,93.33,96.67,93.33,NA,NA
12-31-2025,38103,Wells County,11,54.00,27.78,3.70,0.00,3.70,90.74,90.74,NA,90.74,90.74,88.89,59.26
12-31-2025,38103,Wells County,7,68.00,1.47,5.88,0.00,4.41,88.24,88.24,NA,89.71,86.76,73.53,73.53
12-31-2025,38103,Wells County,Kindergarten,46.00,8.70,13.04,0.00,2.17,78.26,78.26,78.26,91.30,78.26,NA,NA
12-31-2019,38105,Williams County,11,408.00,1.23,2.70,0.00,0.98,93.38,95.83,NA,95.10,88.97,90.44,54.66
12-31-2019,38105,Williams County,7,469.00,1.28,0.85,0.43,0.85,95.74,93.60,NA,96.59,94.67,78.68,76.76
12-31-2019,38105,Williams County,Kindergarten,629.00,2.07,3.82,0.48,2.38,87.76,88.24,85.85,89.98,87.44,NA,NA
12-31-2020,38105,Williams County,11,363.00,1.40,1.12,0.00,0.00,96.93,96.65,NA,96.09,96.09,93.02,90.50
12-31-2020,38105,Williams County,7,515.00,0.58,3.11,0.39,0.58,94.95,94.76,NA,95.34,94.56,85.24,83.69
12-31-2020,38105,Williams County,Kindergarten,653.00,2.76,3.22,0.00,1.68,88.21,87.29,86.06,89.74,87.75,NA,NA
12-31-2021,38105,Williams County,11,359.00,0.56,1.98,0.00,0.28,97.18,96.89,NA,97.18,95.76,94.35,89.55
12-31-2021,38105,Williams County,7,508.00,1.38,1.77,0.00,1.38,94.49,94.49,NA,94.69,94.49,81.50,76.57
12-31-2021,38105,Williams County,Kindergarten,582.00,2.06,3.09,0.52,2.92,87.63,88.49,87.97,91.07,87.80,NA,NA
12-31-2022,38105,Williams County,11,419.00,0.72,0.96,0.00,0.72,91.85,91.85,NA,91.85,91.85,91.85,78.90
12-31-2022,38105,Williams County,7,424.00,4.96,1.31,0.00,1.04,91.64,92.17,NA,91.91,90.08,78.59,68.10
12-31-2022,38105,Williams County,Kindergarten,592.00,5.25,3.72,0.17,2.71,80.37,81.73,81.73,82.40,80.37,NA,NA
12-31-2023,38105,Williams County,11,404.00,1.24,0.50,0.00,4.95,93.32,93.32,NA,93.32,93.32,91.83,86.39
12-31-2023,38105,Williams County,7,493.00,0.61,2.64,0.41,0.41,95.94,95.74,NA,95.74,95.74,91.08,91.08
12-31-2023,38105,Williams County,Kindergarten,660.00,5.15,2.88,0.15,4.39,85.30,85.45,85.00,87.88,85.45,NA,NA
12-31-2024,38105,Williams County,11,58.00,5.17,1.72,0.00,3.45,89.66,87.93,NA,87.93,91.38,86.21,74.14
12-31-2024,38105,Williams County,7,72.00,0.04,4.17,0.00,1.39,88.89,88.89,NA,88.89,88.89,38.89,38.89
12-31-2024,38105,Williams County,Kindergarten,532.00,4.14,6.95,0.00,3.38,83.46,82.71,81.58,85.53,83.83,NA,NA
12-31-2025,38105,Williams County,11,443.00,6.47,0.00,0.00,2.54,97.23,96.77,NA,97.00,96.77,94.92,87.53
12-31-2025,38105,Williams County,7,605.00,0.99,3.14,0.00,0.99,95.21,95.37,NA,95.21,95.21,93.06,91.90
12-31-2025,38105,Williams County,Kindergarten,636.00,3.30,3.93,0.63,6.29,80.50,81.60,80.35,81.45,80.50,NA,NA
