"geography_name","time","geography","n_total_audited","n_hep_a","n_hep_b","n_dtap","n_tdap","n_polio","n_mmr_k","n_varicella","n_men_6th","n_medical_exempt","n_religious_exempt","pct_hep_a","pct_hep_b","pct_dtap","pct_tdap","pct_polio","pct_mmr","pct_varicella","pct_men_6th","pct_medical_ex","pct_religious_ex"
"Aurora County","12-31-2018",184012,106,100,105,50,53,50,49,49,52,0,2,94.3396226415094,99.0566037735849,47.1698113207547,50,47.1698113207547,46.2264150943396,46.2264150943396,49.0566037735849,0,1.88679245283019
"Aurora County","12-31-2019",184012,99,80,84,46,47,46,46,46,45,0,2,80.8080808080808,84.8484848484848,46.4646464646465,47.4747474747475,46.4646464646465,46.4646464646465,46.4646464646465,45.4545454545455,0,2.02020202020202
"Aurora County","12-31-2020",184012,112,104,107,53,53,53,53,53,53,0,1,92.8571428571429,95.5357142857143,47.3214285714286,47.3214285714286,47.3214285714286,47.3214285714286,47.3214285714286,47.3214285714286,0,0.892857142857143
"Aurora County","12-31-2021",184012,107,99,104,52,48,52,52,52,46,0,4,92.5233644859813,97.196261682243,48.5981308411215,44.8598130841121,48.5981308411215,48.5981308411215,48.5981308411215,42.9906542056075,0,3.73831775700935
"Aurora County","12-31-2022",184012,112,102,106,53,53,53,53,51,53,0,2,91.0714285714286,94.6428571428571,47.3214285714286,47.3214285714286,47.3214285714286,47.3214285714286,45.5357142857143,47.3214285714286,0,1.78571428571429
"Aurora County","12-31-2023",184012,97,88,95,45,41,45,45,44,40,0,9,90.7216494845361,97.9381443298969,46.3917525773196,42.2680412371134,46.3917525773196,46.3917525773196,45.360824742268,41.2371134020619,0,9.27835051546392
"Aurora County","12-31-2024",276018,102,95,100,48,50,48,47,47,49,0,3,93.1372549019608,98.0392156862745,47.0588235294118,49.0196078431373,47.0588235294118,46.078431372549,46.078431372549,48.0392156862745,0,2.94117647058824
"Beadle County","12-31-2018",644070,605,537,598,324,268,322,325,323,265,0,4,88.7603305785124,98.8429752066116,53.5537190082645,44.297520661157,53.2231404958678,53.7190082644628,53.3884297520661,43.801652892562,0,0.661157024793388
"Beadle County","12-31-2019",644070,567,522,557,299,230,300,301,300,227,0,5,92.0634920634921,98.2363315696649,52.7336860670194,40.5643738977072,52.9100529100529,53.0864197530864,52.9100529100529,40.0352733686067,0,0.881834215167548
"Beadle County","12-31-2020",644070,602,528,587,302,217,305,304,296,224,0,4,87.7076411960133,97.5083056478405,50.1661129568106,36.046511627907,50.6644518272425,50.4983388704319,49.1694352159468,37.2093023255814,0,0.664451827242525
"Beadle County","12-31-2021",644070,578,531,569,286,230,286,287,281,232,0,4,91.8685121107266,98.4429065743945,49.4809688581315,39.7923875432526,49.4809688581315,49.6539792387543,48.6159169550173,40.1384083044983,0,0.69204152249135
"Beadle County","12-31-2022",598065,642,570,611,285,249,286,297,282,250,1,12,88.785046728972,95.1713395638629,44.392523364486,38.785046728972,44.5482866043614,46.2616822429907,43.9252336448598,38.9408099688474,0.155763239875389,1.86915887850467
"Beadle County","12-31-2023",598065,629,561,605,285,268,284,287,284,265,1,11,89.1891891891892,96.1844197138315,45.3100158982512,42.6073131955485,45.1510333863275,45.6279809220986,45.1510333863275,42.1303656597774,0.158982511923688,1.74880763116057
"Beadle County","12-31-2024",598065,570,493,529,237,234,232,239,235,227,1,25,86.4912280701754,92.8070175438596,41.5789473684211,41.0526315789474,40.7017543859649,41.9298245614035,41.2280701754386,39.8245614035088,0.175438596491228,4.3859649122807
"Bennett County","12-31-2018",184028,175,167,175,109,65,109,109,107,65,0,0,95.4285714285714,100,62.2857142857143,37.1428571428571,62.2857142857143,62.2857142857143,61.1428571428571,37.1428571428571,0,0
"Bennett County","12-31-2019",184028,182,175,182,102,79,103,103,103,79,0,0,96.1538461538462,100,56.043956043956,43.4065934065934,56.5934065934066,56.5934065934066,56.5934065934066,43.4065934065934,0,0
"Bennett County","12-31-2020",184028,156,154,156,74,82,74,74,72,82,0,0,98.7179487179487,100,47.4358974358974,52.5641025641026,47.4358974358974,47.4358974358974,46.1538461538462,52.5641025641026,0,0
"Bennett County","12-31-2021",184028,159,155,158,67,78,67,67,67,76,0,0,97.4842767295598,99.3710691823899,42.1383647798742,49.0566037735849,42.1383647798742,42.1383647798742,42.1383647798742,47.7987421383648,0,0
"Bennett County","12-31-2022",184028,133,131,133,57,67,57,57,52,67,0,0,98.4962406015038,100,42.8571428571429,50.3759398496241,42.8571428571429,42.8571428571429,39.0977443609023,50.3759398496241,0,0
"Bennett County","12-31-2023",184028,161,153,160,78,73,78,78,78,73,0,2,95.0310559006211,99.3788819875776,48.4472049689441,45.3416149068323,48.4472049689441,48.4472049689441,48.4472049689441,45.3416149068323,0,1.24223602484472
"Bennett County","12-31-2024",184028,163,154,159,55,66,55,54,54,62,0,0,94.478527607362,97.5460122699387,33.7423312883436,40.4907975460123,33.7423312883436,33.1288343558282,33.1288343558282,38.0368098159509,0,0
"Bon Homme County","12-31-2018",414081,213,124,205,74,132,74,74,74,132,0,5,58.2159624413146,96.2441314553991,34.7417840375587,61.9718309859155,34.7417840375587,34.7417840375587,34.7417840375587,61.9718309859155,0,2.34741784037559
"Bon Homme County","12-31-2019",414081,167,123,166,77,88,77,77,77,88,0,2,73.6526946107784,99.4011976047904,46.1077844311377,52.6946107784431,46.1077844311377,46.1077844311377,46.1077844311377,52.6946107784431,0,1.19760479041916
"Bon Homme County","12-31-2020",414081,142,105,138,71,66,71,70,71,66,0,5,73.943661971831,97.1830985915493,50,46.4788732394366,50,49.2957746478873,50,46.4788732394366,0,3.52112676056338
"Bon Homme County","12-31-2021",414081,143,104,143,70,72,70,70,70,72,0,0,72.7272727272727,100,48.951048951049,50.3496503496504,48.951048951049,48.951048951049,48.951048951049,50.3496503496504,0,0
"Bon Homme County","12-31-2022",414081,171,133,163,86,70,86,86,86,70,0,11,77.7777777777778,95.3216374269006,50.2923976608187,40.9356725146199,50.2923976608187,50.2923976608187,50.2923976608187,40.9356725146199,0,6.4327485380117
"Bon Homme County","12-31-2023",414081,159,126,156,68,79,68,67,67,78,1,13,79.2452830188679,98.1132075471698,42.7672955974843,49.685534591195,42.7672955974843,42.1383647798742,42.1383647798742,49.0566037735849,0.628930817610063,8.17610062893082
"Bon Homme County","12-31-2024",414081,164,140,152,78,72,78,75,75,72,1,16,85.3658536585366,92.6829268292683,47.5609756097561,43.9024390243902,47.5609756097561,45.7317073170732,45.7317073170732,43.9024390243902,0.609756097560976,9.75609756097561
"Brookings County","12-31-2018",690165,935,633,898,430,441,432,433,422,437,0,21,67.7005347593583,96.0427807486631,45.9893048128342,47.1657754010695,46.2032085561497,46.3101604278075,45.1336898395722,46.7379679144385,0,2.24598930481283
"Brookings County","12-31-2019",736176,851,635,815,403,397,403,402,389,395,1,20,74.6180963572268,95.7696827262045,47.3560517038778,46.6509988249119,47.3560517038778,47.2385428907168,45.710928319624,46.4159811985899,0.117508813160987,2.35017626321974
"Brookings County","12-31-2020",736176,1056,789,1016,466,511,465,465,456,512,0,22,74.7159090909091,96.2121212121212,44.1287878787879,48.3901515151515,44.0340909090909,44.0340909090909,43.1818181818182,48.4848484848485,0,2.08333333333333
"Brookings County","12-31-2021",736176,895,700,853,397,390,400,401,399,386,0,7,78.2122905027933,95.3072625698324,44.3575418994413,43.5754189944134,44.6927374301676,44.804469273743,44.5810055865922,43.1284916201117,0,0.782122905027933
"Brookings County","12-31-2022",736176,922,780,880,450,402,451,448,446,403,2,19,84.5986984815618,95.4446854663775,48.8069414316703,43.6008676789588,48.9154013015184,48.590021691974,48.3731019522777,43.7093275488069,0.216919739696312,2.06073752711497
"Brookings County","12-31-2023",736176,976,801,940,446,419,446,445,444,418,2,37,82.0696721311475,96.3114754098361,45.6967213114754,42.9303278688525,45.6967213114754,45.594262295082,45.4918032786885,42.827868852459,0.204918032786885,3.79098360655738
"Brookings County","12-31-2024",782187,913,761,855,397,403,396,394,390,342,2,66,83.3515881708653,93.6473165388828,43.4830230010953,44.1401971522453,43.3734939759036,43.1544359255203,42.7163198247536,37.4589266155531,0.219058050383352,7.2289156626506
"Brown County","12-31-2018",920260,957,540,935,453,469,453,454,454,470,10,16,56.4263322884012,97.7011494252874,47.3354231974922,49.0073145245559,47.3354231974922,47.4399164054336,47.4399164054336,49.1118077324974,1.04493207941484,1.67189132706374
"Brown County","12-31-2019",920260,1046,701,1032,493,524,495,494,492,523,0,16,67.0172084130019,98.6615678776291,47.131931166348,50.0956022944551,47.3231357552581,47.2275334608031,47.0363288718929,50,0,1.52963671128107
"Brown County","12-31-2020",920260,999,703,931,451,503,453,456,452,504,1,19,70.3703703703704,93.1931931931932,45.1451451451451,50.3503503503503,45.3453453453453,45.6456456456456,45.2452452452452,50.4504504504504,0.1001001001001,1.9019019019019
"Brown County","12-31-2021",920260,942,689,924,442,464,445,444,442,461,1,20,73.1422505307856,98.0891719745223,46.9214437367304,49.2569002123142,47.23991507431,47.1337579617834,46.9214437367304,48.9384288747346,0.106157112526539,2.12314225053079
"Brown County","12-31-2022",920260,971,750,954,498,435,500,500,500,433,5,24,77.2399588053553,98.2492276004119,51.2873326467559,44.7991761071061,51.4933058702369,51.4933058702369,51.4933058702369,44.5932028836251,0.514933058702369,2.47167868177137
"Brown County","12-31-2023",920260,1021,806,991,500,467,501,498,496,467,2,37,78.9422135161606,97.0617042115573,48.9715964740451,45.7394711067581,49.0695396669931,48.7757100881489,48.5798237022527,45.7394711067581,0.19588638589618,3.62389813907933
"Brown County","12-31-2024",966273,880,699,850,434,405,434,436,433,404,1,33,79.4318181818182,96.5909090909091,49.3181818181818,46.0227272727273,49.3181818181818,49.5454545454545,49.2045454545455,45.9090909090909,0.113636363636364,3.75
"Brule County","12-31-2018",184060,206,172,204,106,98,106,106,105,98,1,1,83.495145631068,99.0291262135922,51.4563106796116,47.5728155339806,51.4563106796116,51.4563106796116,50.9708737864078,47.5728155339806,0.485436893203883,0.485436893203883
"Brule County","12-31-2019",184060,196,153,190,94,98,94,94,94,98,0,3,78.0612244897959,96.9387755102041,47.9591836734694,50,47.9591836734694,47.9591836734694,47.9591836734694,50,0,1.53061224489796
"Brule County","12-31-2020",184060,203,180,200,105,94,105,106,105,95,0,1,88.6699507389163,98.5221674876847,51.7241379310345,46.3054187192118,51.7241379310345,52.2167487684729,51.7241379310345,46.7980295566502,0,0.492610837438424
"Brule County","12-31-2021",184060,196,170,194,99,87,99,99,100,87,0,4,86.734693877551,98.9795918367347,50.5102040816327,44.3877551020408,50.5102040816327,50.5102040816327,51.0204081632653,44.3877551020408,0,2.04081632653061
"Brule County","12-31-2022",184060,179,165,174,89,84,89,89,89,83,0,5,92.1787709497207,97.2067039106145,49.7206703910614,46.927374301676,49.7206703910614,49.7206703910614,49.7206703910614,46.3687150837989,0,2.79329608938547
"Brule County","12-31-2023",184060,180,161,174,77,91,78,78,78,86,0,14,89.4444444444444,96.6666666666667,42.7777777777778,50.5555555555556,43.3333333333333,43.3333333333333,43.3333333333333,47.7777777777778,0,7.77777777777778
"Brule County","12-31-2024",230075,208,183,204,89,111,89,87,86,38,0,12,87.9807692307692,98.0769230769231,42.7884615384615,53.3653846153846,42.7884615384615,41.8269230769231,41.3461538461538,18.2692307692308,0,5.76923076923077
"Butte County","12-31-2018",184076,267,197,236,127,116,127,126,126,118,0,21,73.7827715355805,88.3895131086142,47.565543071161,43.4456928838951,47.565543071161,47.191011235955,47.191011235955,44.1947565543071,0,7.86516853932584
"Butte County","12-31-2019",184076,243,188,220,120,109,120,120,121,109,0,11,77.3662551440329,90.5349794238683,49.3827160493827,44.8559670781893,49.3827160493827,49.3827160493827,49.7942386831276,44.8559670781893,0,4.52674897119342
"Butte County","12-31-2020",184076,247,208,232,132,101,132,132,132,103,0,5,84.2105263157895,93.9271255060729,53.4412955465587,40.8906882591093,53.4412955465587,53.4412955465587,53.4412955465587,41.7004048582996,0,2.02429149797571
"Butte County","12-31-2021",184076,249,192,234,117,98,117,119,120,97,5,7,77.1084337349398,93.9759036144578,46.9879518072289,39.3574297188755,46.9879518072289,47.7911646586345,48.1927710843374,38.9558232931727,2.00803212851406,2.81124497991968
"Butte County","12-31-2022",184076,220,187,206,102,92,102,102,102,91,0,12,85,93.6363636363636,46.3636363636364,41.8181818181818,46.3636363636364,46.3636363636364,46.3636363636364,41.3636363636364,0,5.45454545454545
"Butte County","12-31-2023",184076,272,230,245,138,119,138,141,139,119,0,22,84.5588235294118,90.0735294117647,50.7352941176471,43.75,50.7352941176471,51.8382352941177,51.1029411764706,43.75,0,8.08823529411765
"Butte County","12-31-2024",184076,222,199,209,90,123,91,92,90,122,0,14,89.6396396396396,94.1441441441441,40.5405405405405,55.4054054054054,40.990990990991,41.4414414414414,40.5405405405405,54.954954954955,0,6.30630630630631
"Campbell County","12-31-2018",92042,11,7,10,5,5,5,5,5,5,0,1,63.6363636363636,90.9090909090909,45.4545454545455,45.4545454545455,45.4545454545455,45.4545454545455,45.4545454545455,45.4545454545455,0,9.09090909090909
"Campbell County","12-31-2019",92042,16,12,16,8,6,8,8,8,6,0,0,75,100,50,37.5,50,50,50,37.5,0,0
"Campbell County","12-31-2020",92042,20,16,20,12,6,12,12,0,6,0,13,80,100,60,30,60,60,0,30,0,65
"Campbell County","12-31-2021",92042,18,15,17,8,9,8,8,8,9,0,1,83.3333333333333,94.4444444444444,44.4444444444444,50,44.4444444444444,44.4444444444444,44.4444444444444,50,0,5.55555555555556
"Campbell County","12-31-2022",92042,15,13,15,9,5,9,9,9,5,0,0,86.6666666666667,100,60,33.3333333333333,60,60,60,33.3333333333333,0,0
"Campbell County","12-31-2023",92042,27,24,25,12,12,12,12,12,12,0,3,88.8888888888889,92.5925925925926,44.4444444444444,44.4444444444444,44.4444444444444,44.4444444444444,44.4444444444444,44.4444444444444,0,11.1111111111111
"Campbell County","12-31-2024",92042,23,21,23,10,6,10,10,10,6,0,0,91.304347826087,100,43.4782608695652,26.0869565217391,43.4782608695652,43.4782608695652,43.4782608695652,26.0869565217391,0,0
"Charles Mix County","12-31-2018",368184,248,204,242,167,62,167,167,164,60,4,8,82.258064516129,97.5806451612903,67.3387096774193,25,67.3387096774193,67.3387096774193,66.1290322580645,24.1935483870968,1.61290322580645,3.2258064516129
"Charles Mix County","12-31-2019",414207,254,215,246,172,63,172,169,169,62,0,14,84.6456692913386,96.8503937007874,67.7165354330709,24.8031496062992,67.7165354330709,66.5354330708661,66.5354330708661,24.4094488188976,0,5.51181102362205
"Charles Mix County","12-31-2020",368184,229,197,221,154,62,153,152,152,58,0,16,86.0262008733624,96.5065502183406,67.2489082969432,27.0742358078603,66.8122270742358,66.3755458515284,66.3755458515284,25.3275109170306,0,6.98689956331878
"Charles Mix County","12-31-2021",414207,231,190,221,140,52,142,140,139,54,0,24,82.2510822510823,95.6709956709957,60.6060606060606,22.5108225108225,61.4718614718615,60.6060606060606,60.1731601731602,23.3766233766234,0,10.3896103896104
"Charles Mix County","12-31-2022",368184,267,234,262,167,65,168,167,164,65,0,22,87.6404494382023,98.12734082397,62.5468164794007,24.3445692883895,62.9213483146067,62.5468164794007,61.4232209737828,24.3445692883895,0,8.23970037453183
"Charles Mix County","12-31-2023",414207,225,185,215,133,53,133,133,132,51,0,31,82.2222222222222,95.5555555555556,59.1111111111111,23.5555555555556,59.1111111111111,59.1111111111111,58.6666666666667,22.6666666666667,0,13.7777777777778
"Charles Mix County","12-31-2024",414207,226,197,209,129,50,127,126,126,50,1,35,87.1681415929203,92.4778761061947,57.0796460176991,22.1238938053097,56.1946902654867,55.7522123893805,55.7522123893805,22.1238938053097,0.442477876106195,15.4867256637168
"Clark County","12-31-2018",460250,90,44,82,38,27,38,38,37,26,0,7,48.8888888888889,91.1111111111111,42.2222222222222,30,42.2222222222222,42.2222222222222,41.1111111111111,28.8888888888889,0,7.77777777777778
"Clark County","12-31-2019",506275,140,73,132,43,70,43,43,42,68,1,7,52.1428571428571,94.2857142857143,30.7142857142857,50,30.7142857142857,30.7142857142857,30,48.5714285714286,0.714285714285714,5
"Clark County","12-31-2020",506275,182,101,167,60,79,60,60,60,77,0,19,55.4945054945055,91.7582417582418,32.967032967033,43.4065934065934,32.967032967033,32.967032967033,32.967032967033,42.3076923076923,0,10.4395604395604
"Clark County","12-31-2021",506275,168,114,157,48,78,48,49,47,78,0,8,67.8571428571429,93.452380952381,28.5714285714286,46.4285714285714,28.5714285714286,29.1666666666667,27.9761904761905,46.4285714285714,0,4.76190476190476
"Clark County","12-31-2022",506275,182,129,171,22,87,41,42,42,85,0,19,70.8791208791209,93.956043956044,12.0879120879121,47.8021978021978,22.5274725274725,23.0769230769231,23.0769230769231,46.7032967032967,0,10.4395604395604
"Clark County","12-31-2023",506275,159,118,146,45,60,45,46,46,61,0,19,74.2138364779874,91.8238993710692,28.3018867924528,37.7358490566038,28.3018867924528,28.9308176100629,28.9308176100629,38.3647798742138,0,11.9496855345912
"Clark County","12-31-2024",506275,168,122,146,56,61,56,56,55,58,0,29,72.6190476190476,86.9047619047619,33.3333333333333,36.3095238095238,33.3333333333333,33.3333333333333,32.7380952380952,34.5238095238095,0,17.2619047619048
"Clay County","12-31-2018",184108,257,221,249,134,115,136,135,132,115,1,2,85.9922178988327,96.8871595330739,52.1400778210117,44.7470817120623,52.9182879377432,52.5291828793774,51.3618677042802,44.7470817120623,0.389105058365759,0.778210116731518
"Clay County","12-31-2019",184108,256,230,250,136,109,136,136,134,109,0,1,89.84375,97.65625,53.125,42.578125,53.125,53.125,52.34375,42.578125,0,0.390625
"Clay County","12-31-2020",184108,268,224,258,122,136,123,123,124,135,0,7,83.5820895522388,96.2686567164179,45.5223880597015,50.7462686567164,45.8955223880597,45.8955223880597,46.2686567164179,50.3731343283582,0,2.61194029850746
"Clay County","12-31-2021",184108,261,232,252,136,111,136,134,136,112,0,7,88.8888888888889,96.551724137931,52.1072796934866,42.5287356321839,52.1072796934866,51.3409961685824,52.1072796934866,42.911877394636,0,2.68199233716475
"Clay County","12-31-2022",184108,261,242,255,133,118,133,133,132,118,1,6,92.72030651341,97.7011494252874,50.9578544061303,45.2107279693487,50.9578544061303,50.9578544061303,50.5747126436782,45.2107279693487,0.383141762452107,2.29885057471264
"Clay County","12-31-2023",184108,285,263,278,141,136,140,140,140,138,0,4,92.280701754386,97.5438596491228,49.4736842105263,47.719298245614,49.1228070175439,49.1228070175439,49.1228070175439,48.4210526315789,0,1.40350877192982
"Clay County","12-31-2024",184108,289,268,279,137,139,137,137,137,139,0,7,92.7335640138408,96.5397923875433,47.4048442906574,48.0968858131488,47.4048442906574,47.4048442906574,47.4048442906574,48.0968858131488,0,2.42214532871972
"Codington County","12-31-2018",690435,759,401,752,358,391,358,358,356,391,2,5,52.832674571805,99.0777338603425,47.167325428195,51.5151515151515,47.167325428195,47.167325428195,46.9038208168643,51.5151515151515,0.263504611330698,0.658761528326746
"Codington County","12-31-2019",690435,807,515,776,382,386,381,383,369,387,0,15,63.816604708798,96.1586121437422,47.3358116480793,47.8314745972739,47.2118959107807,47.4597273853779,45.724907063197,47.9553903345725,0,1.85873605947955
"Codington County","12-31-2020",690435,755,398,601,343,364,343,342,342,364,0,13,52.7152317880795,79.6026490066225,45.4304635761589,48.2119205298013,45.4304635761589,45.2980132450331,45.2980132450331,48.2119205298013,0,1.72185430463576
"Codington County","12-31-2021",690435,741,521,705,333,362,333,335,335,362,0,11,70.310391363023,95.1417004048583,44.9392712550607,48.8529014844804,44.9392712550607,45.2091767881242,45.2091767881242,48.8529014844804,0,1.48448043184885
"Codington County","12-31-2022",690435,777,584,749,356,371,356,356,356,371,0,24,75.1608751608752,96.3963963963964,45.8172458172458,47.7477477477478,45.8172458172458,45.8172458172458,45.8172458172458,47.7477477477478,0,3.08880308880309
"Codington County","12-31-2023",736464,755,607,727,341,366,340,340,339,367,2,28,80.3973509933775,96.2913907284768,45.1655629139073,48.476821192053,45.0331125827815,45.0331125827815,44.9006622516556,48.6092715231788,0.264900662251656,3.70860927152318
"Codington County","12-31-2024",644406,630,525,591,223,339,225,224,222,343,0,33,83.3333333333333,93.8095238095238,35.3968253968254,53.8095238095238,35.7142857142857,35.5555555555556,35.2380952380952,54.4444444444444,0,5.23809523809524
"Corson County","12-31-2018",322217,163,156,161,73,81,74,74,74,81,0,0,95.7055214723926,98.7730061349693,44.7852760736196,49.6932515337423,45.398773006135,45.398773006135,45.398773006135,49.6932515337423,0,0
"Corson County","12-31-2019",322217,161,149,149,75,82,76,77,77,83,0,0,92.5465838509317,92.5465838509317,46.583850931677,50.9316770186335,47.2049689440994,47.8260869565217,47.8260869565217,51.5527950310559,0,0
"Corson County","12-31-2020",322217,150,142,143,74,74,73,74,74,75,0,0,94.6666666666667,95.3333333333333,49.3333333333333,49.3333333333333,48.6666666666667,49.3333333333333,49.3333333333333,50,0,0
"Corson County","12-31-2021",322217,138,134,136,65,61,65,64,64,60,0,0,97.1014492753623,98.5507246376812,47.1014492753623,44.2028985507246,47.1014492753623,46.3768115942029,46.3768115942029,43.4782608695652,0,0
"Corson County","12-31-2022",322217,126,125,125,58,63,58,58,58,63,0,1,99.2063492063492,99.2063492063492,46.031746031746,50,46.031746031746,46.031746031746,46.031746031746,50,0,0.793650793650794
"Corson County","12-31-2023",322217,106,100,101,48,48,50,52,52,47,0,1,94.3396226415094,95.2830188679245,45.2830188679245,45.2830188679245,47.1698113207547,49.0566037735849,49.0566037735849,44.3396226415094,0,0.943396226415094
"Corson County","12-31-2024",368248,124,118,122,52,58,55,55,55,58,0,3,95.1612903225807,98.3870967741936,41.9354838709677,46.7741935483871,44.3548387096774,44.3548387096774,44.3548387096774,46.7741935483871,0,2.41935483870968
"Custer County","12-31-2018",92066,143,113,130,67,70,67,67,66,70,0,7,79.020979020979,90.9090909090909,46.8531468531469,48.951048951049,46.8531468531469,46.8531468531469,46.1538461538462,48.951048951049,0,4.8951048951049
"Custer County","12-31-2019",92066,144,119,138,56,83,56,55,56,83,2,5,82.6388888888889,95.8333333333333,38.8888888888889,57.6388888888889,38.8888888888889,38.1944444444444,38.8888888888889,57.6388888888889,1.38888888888889,3.47222222222222
"Custer County","12-31-2020",92066,110,86,99,44,56,44,44,44,56,2,4,78.1818181818182,90,40,50.9090909090909,40,40,40,50.9090909090909,1.81818181818182,3.63636363636364
"Custer County","12-31-2021",92066,145,117,124,74,63,74,74,72,63,0,8,80.6896551724138,85.5172413793103,51.0344827586207,43.448275862069,51.0344827586207,51.0344827586207,49.6551724137931,43.448275862069,0,5.51724137931035
"Custer County","12-31-2022",92066,150,118,136,69,72,72,72,72,72,0,7,78.6666666666667,90.6666666666667,46,48,48,48,48,48,0,4.66666666666667
"Custer County","12-31-2023",92066,144,117,135,63,72,65,64,63,72,1,8,81.25,93.75,43.75,50,45.1388888888889,44.4444444444444,43.75,50,0.694444444444444,5.55555555555556
"Custer County","12-31-2024",92066,154,121,143,68,58,68,67,67,58,0,11,78.5714285714286,92.8571428571429,44.1558441558442,37.6623376623377,44.1558441558442,43.5064935064935,43.5064935064935,37.6623376623377,0,7.14285714285714
"Davison County","12-31-2018",506385,560,503,542,277,267,278,280,273,266,3,9,89.8214285714286,96.7857142857143,49.4642857142857,47.6785714285714,49.6428571428571,50,48.75,47.5,0.535714285714286,1.60714285714286
"Davison County","12-31-2019",506385,549,516,537,249,260,248,250,248,260,2,8,93.9890710382514,97.8142076502732,45.3551912568306,47.3588342440801,45.1730418943534,45.5373406193078,45.1730418943534,47.3588342440801,0.364298724954463,1.45719489981785
"Davison County","12-31-2020",506385,566,521,548,262,280,263,263,261,280,0,11,92.0494699646643,96.8197879858657,46.2897526501767,49.469964664311,46.4664310954064,46.4664310954064,46.113074204947,49.469964664311,0,1.9434628975265
"Davison County","12-31-2021",506385,556,512,545,277,247,278,280,277,247,0,6,92.0863309352518,98.021582733813,49.8201438848921,44.4244604316547,50,50.3597122302158,49.8201438848921,44.4244604316547,0,1.07913669064748
"Davison County","12-31-2022",506385,516,483,499,251,226,251,251,249,228,1,19,93.6046511627907,96.7054263565892,48.6434108527132,43.7984496124031,48.6434108527132,48.6434108527132,48.2558139534884,44.1860465116279,0.193798449612403,3.68217054263566
"Davison County","12-31-2023",506385,532,509,518,250,247,250,250,249,248,0,23,95.6766917293233,97.3684210526316,46.9924812030075,46.4285714285714,46.9924812030075,46.9924812030075,46.8045112781955,46.6165413533835,0,4.32330827067669
"Davison County","12-31-2024",506385,534,508,521,252,240,252,253,252,237,0,20,95.1310861423221,97.5655430711611,47.191011235955,44.9438202247191,47.191011235955,47.378277153558,47.191011235955,44.3820224719101,0,3.74531835205993
"Day County","12-31-2018",230185,138,112,137,67,70,67,67,67,69,0,2,81.1594202898551,99.2753623188406,48.5507246376812,50.7246376811594,48.5507246376812,48.5507246376812,48.5507246376812,50,0,1.44927536231884
"Day County","12-31-2019",230185,153,136,149,72,77,72,72,71,77,0,4,88.8888888888889,97.3856209150327,47.0588235294118,50.3267973856209,47.0588235294118,47.0588235294118,46.4052287581699,50.3267973856209,0,2.61437908496732
"Day County","12-31-2020",230185,151,140,150,72,77,72,72,72,77,0,2,92.7152317880795,99.3377483443709,47.682119205298,50.9933774834437,47.682119205298,47.682119205298,47.682119205298,50.9933774834437,0,1.32450331125828
"Day County","12-31-2021",230185,132,114,127,68,59,68,68,68,59,0,3,86.3636363636364,96.2121212121212,51.5151515151515,44.6969696969697,51.5151515151515,51.5151515151515,51.5151515151515,44.6969696969697,0,2.27272727272727
"Day County","12-31-2022",230185,125,108,123,59,60,59,59,59,60,0,1,86.4,98.4,47.2,48,47.2,47.2,47.2,48,0,0.8
"Day County","12-31-2023",230185,142,129,140,63,74,64,62,62,73,0,2,90.8450704225352,98.5915492957747,44.3661971830986,52.112676056338,45.0704225352113,43.6619718309859,43.6619718309859,51.4084507042254,0,1.40845070422535
"Day County","12-31-2024",230185,135,124,131,82,51,82,81,81,51,0,2,91.8518518518518,97.037037037037,60.7407407407407,37.7777777777778,60.7407407407407,60,60,37.7777777777778,0,1.48148148148148
"Deuel County","12-31-2018",92078,71,23,69,34,37,34,34,34,37,0,0,32.3943661971831,97.1830985915493,47.887323943662,52.112676056338,47.887323943662,47.887323943662,47.887323943662,52.112676056338,0,0
"Deuel County","12-31-2019",46039,41,29,40,40,0,40,40,40,0,0,1,70.7317073170732,97.5609756097561,97.5609756097561,0,97.5609756097561,97.5609756097561,97.5609756097561,0,0,2.4390243902439
"Deuel County","12-31-2020",46039,39,35,38,39,0,39,39,39,0,0,0,89.7435897435898,97.4358974358974,100,0,100,100,100,0,0,0
"Deuel County","12-31-2021",46039,28,23,27,27,0,27,27,27,0,0,1,82.1428571428571,96.4285714285714,96.4285714285714,0,96.4285714285714,96.4285714285714,96.4285714285714,0,0,3.57142857142857
"Deuel County","12-31-2022",46039,36,36,36,36,0,36,36,36,0,0,0,100,100,100,0,100,100,100,0,0,0
"Deuel County","12-31-2023",46039,40,39,40,37,0,37,37,37,0,0,3,97.5,100,92.5,0,92.5,92.5,92.5,0,0,7.5
"Deuel County","12-31-2024",46039,34,32,34,34,0,34,34,34,0,0,0,94.1176470588235,100,100,0,100,100,100,0,0,0
"Dewey County","12-31-2018",230205,283,277,274,142,129,140,142,143,129,0,5,97.8798586572438,96.8197879858657,50.1766784452297,45.583038869258,49.469964664311,50.1766784452297,50.530035335689,45.583038869258,0,1.76678445229682
"Dewey County","12-31-2019",230205,234,234,234,113,112,113,115,114,111,0,1,100,100,48.2905982905983,47.8632478632479,48.2905982905983,49.1452991452991,48.7179487179487,47.4358974358974,0,0.427350427350427
"Dewey County","12-31-2020",230205,320,312,316,188,121,190,192,192,121,0,4,97.5,98.75,58.75,37.8125,59.375,60,60,37.8125,0,1.25
"Dewey County","12-31-2021",230205,234,222,226,97,99,99,97,97,99,0,3,94.8717948717949,96.5811965811966,41.4529914529915,42.3076923076923,42.3076923076923,41.4529914529915,41.4529914529915,42.3076923076923,0,1.28205128205128
"Dewey County","12-31-2022",230205,246,242,245,124,111,124,123,122,111,1,6,98.3739837398374,99.5934959349593,50.4065040650407,45.1219512195122,50.4065040650407,50,49.5934959349593,45.1219512195122,0.40650406504065,2.4390243902439
"Dewey County","12-31-2023",276246,182,173,174,80,82,80,81,80,82,0,2,95.054945054945,95.6043956043956,43.956043956044,45.0549450549451,43.956043956044,44.5054945054945,43.956043956044,45.0549450549451,0,1.0989010989011
"Dewey County","12-31-2024",230205,244,235,238,108,107,112,112,112,109,0,3,96.3114754098361,97.5409836065574,44.2622950819672,43.8524590163934,45.9016393442623,45.9016393442623,45.9016393442623,44.672131147541,0,1.22950819672131
"Douglas County","12-31-2018",138129,45,36,40,22,17,22,22,22,17,0,6,80,88.8888888888889,48.8888888888889,37.7777777777778,48.8888888888889,48.8888888888889,48.8888888888889,37.7777777777778,0,13.3333333333333
"Douglas County","12-31-2019",138129,33,24,32,15,16,15,15,15,16,0,0,72.7272727272727,96.969696969697,45.4545454545455,48.4848484848485,45.4545454545455,45.4545454545455,45.4545454545455,48.4848484848485,0,0
"Douglas County","12-31-2020",138129,40,30,34,17,15,17,18,18,15,0,5,75,85,42.5,37.5,42.5,45,45,37.5,0,12.5
"Douglas County","12-31-2021",138129,33,30,31,12,13,12,12,12,13,0,2,90.9090909090909,93.9393939393939,36.3636363636364,39.3939393939394,36.3636363636364,36.3636363636364,36.3636363636364,39.3939393939394,0,6.06060606060606
"Douglas County","12-31-2022",138129,45,38,39,21,16,21,21,21,16,0,3,84.4444444444444,86.6666666666667,46.6666666666667,35.5555555555556,46.6666666666667,46.6666666666667,46.6666666666667,35.5555555555556,0,6.66666666666667
"Douglas County","12-31-2023",138129,45,38,44,23,19,22,21,21,19,0,6,84.4444444444444,97.7777777777778,51.1111111111111,42.2222222222222,48.8888888888889,46.6666666666667,46.6666666666667,42.2222222222222,0,13.3333333333333
"Douglas County","12-31-2024",138129,56,48,53,21,21,20,21,20,21,0,3,85.7142857142857,94.6428571428571,37.5,37.5,35.7142857142857,37.5,35.7142857142857,37.5,0,5.35714285714286
"Edmunds County","12-31-2018",322315,78,48,75,34,41,34,34,34,41,0,4,61.5384615384615,96.1538461538462,43.5897435897436,52.5641025641026,43.5897435897436,43.5897435897436,43.5897435897436,52.5641025641026,0,5.12820512820513
"Edmunds County","12-31-2019",322315,86,59,77,38,39,37,37,37,39,0,8,68.6046511627907,89.5348837209302,44.1860465116279,45.3488372093023,43.0232558139535,43.0232558139535,43.0232558139535,45.3488372093023,0,9.30232558139535
"Edmunds County","12-31-2020",322315,85,62,80,45,36,44,45,45,36,0,3,72.9411764705882,94.1176470588235,52.9411764705882,42.3529411764706,51.764705882353,52.9411764705882,52.9411764705882,42.3529411764706,0,3.52941176470588
"Edmunds County","12-31-2021",322315,77,58,70,38,30,38,38,38,30,0,8,75.3246753246753,90.9090909090909,49.3506493506493,38.961038961039,49.3506493506493,49.3506493506493,49.3506493506493,38.961038961039,0,10.3896103896104
"Edmunds County","12-31-2022",322315,82,56,67,28,30,28,29,28,30,1,14,68.2926829268293,81.7073170731707,34.1463414634146,36.5853658536585,34.1463414634146,35.3658536585366,34.1463414634146,36.5853658536585,1.21951219512195,17.0731707317073
"Edmunds County","12-31-2023",322315,82,54,72,28,36,28,28,28,35,0,16,65.8536585365854,87.8048780487805,34.1463414634146,43.9024390243902,34.1463414634146,34.1463414634146,34.1463414634146,42.6829268292683,0,19.5121951219512
"Edmunds County","12-31-2024",368360,93,64,82,39,29,38,39,38,29,0,22,68.8172043010753,88.1720430107527,41.9354838709677,31.1827956989247,40.8602150537634,41.9354838709677,40.8602150537634,31.1827956989247,0,23.6559139784946
"Fall River County","12-31-2018",230235,136,102,120,48,72,49,50,50,71,0,10,75,88.2352941176471,35.2941176470588,52.9411764705882,36.0294117647059,36.7647058823529,36.7647058823529,52.2058823529412,0,7.35294117647059
"Fall River County","12-31-2019",230235,141,120,129,68,42,67,68,67,42,0,2,85.1063829787234,91.4893617021277,48.2269503546099,29.7872340425532,47.5177304964539,48.2269503546099,47.5177304964539,29.7872340425532,0,1.41843971631206
"Fall River County","12-31-2020",230235,147,114,129,57,54,55,53,53,52,0,5,77.5510204081633,87.7551020408163,38.7755102040816,36.734693877551,37.4149659863946,36.0544217687075,36.0544217687075,35.3741496598639,0,3.40136054421769
"Fall River County","12-31-2021",230235,122,107,117,49,34,45,41,41,33,0,1,87.7049180327869,95.9016393442623,40.1639344262295,27.8688524590164,36.8852459016393,33.6065573770492,33.6065573770492,27.0491803278689,0,0.819672131147541
"Fall River County","12-31-2022",230235,135,117,124,59,37,59,57,57,37,0,5,86.6666666666667,91.8518518518518,43.7037037037037,27.4074074074074,43.7037037037037,42.2222222222222,42.2222222222222,27.4074074074074,0,3.7037037037037
"Fall River County","12-31-2023",230235,147,112,126,52,41,51,52,53,37,2,10,76.1904761904762,85.7142857142857,35.3741496598639,27.891156462585,34.6938775510204,35.3741496598639,36.0544217687075,25.1700680272109,1.36054421768707,6.80272108843537
"Fall River County","12-31-2024",276282,114,97,105,44,35,44,44,44,37,0,2,85.0877192982456,92.1052631578947,38.5964912280702,30.7017543859649,38.5964912280702,38.5964912280702,38.5964912280702,32.4561403508772,0,1.75438596491228
"Faulk County","12-31-2018",184196,52,44,49,22,28,22,22,21,28,2,2,84.6153846153846,94.2307692307692,42.3076923076923,53.8461538461538,42.3076923076923,42.3076923076923,40.3846153846154,53.8461538461538,3.84615384615385,3.84615384615385
"Faulk County","12-31-2019",184196,67,50,66,35,31,35,34,35,31,0,2,74.6268656716418,98.5074626865672,52.2388059701493,46.2686567164179,52.2388059701493,50.7462686567164,52.2388059701493,46.2686567164179,0,2.98507462686567
"Faulk County","12-31-2020",184196,66,59,62,45,17,45,43,43,17,0,3,89.3939393939394,93.9393939393939,68.1818181818182,25.7575757575758,68.1818181818182,65.1515151515152,65.1515151515152,25.7575757575758,0,4.54545454545455
"Faulk County","12-31-2021",184196,71,66,67,41,18,40,41,41,18,0,6,92.9577464788732,94.3661971830986,57.7464788732394,25.3521126760563,56.3380281690141,57.7464788732394,57.7464788732394,25.3521126760563,0,8.45070422535211
"Faulk County","12-31-2022",184196,72,55,61,31,21,31,33,33,21,0,14,76.3888888888889,84.7222222222222,43.0555555555556,29.1666666666667,43.0555555555556,45.8333333333333,45.8333333333333,29.1666666666667,0,19.4444444444444
"Faulk County","12-31-2023",184196,64,48,58,24,21,24,25,26,20,0,4,75,90.625,37.5,32.8125,37.5,39.0625,40.625,31.25,0,6.25
"Faulk County","12-31-2024",230245,54,35,41,19,10,18,20,20,10,0,21,64.8148148148148,75.9259259259259,35.1851851851852,18.5185185185185,33.3333333333333,37.037037037037,37.037037037037,18.5185185185185,0,38.8888888888889
"Grant County","12-31-2018",230255,165,92,158,78,77,78,77,74,77,1,0,55.7575757575758,95.7575757575758,47.2727272727273,46.6666666666667,47.2727272727273,46.6666666666667,44.8484848484849,46.6666666666667,0.606060606060606,0
"Grant County","12-31-2019",276306,178,105,173,82,90,82,83,81,91,0,4,58.9887640449438,97.1910112359551,46.0674157303371,50.561797752809,46.0674157303371,46.6292134831461,45.5056179775281,51.123595505618,0,2.24719101123596
"Grant County","12-31-2020",276306,207,147,195,105,98,105,105,105,97,2,1,71.0144927536232,94.2028985507246,50.7246376811594,47.3429951690821,50.7246376811594,50.7246376811594,50.7246376811594,46.8599033816425,0.966183574879227,0.483091787439614
"Grant County","12-31-2021",276306,192,157,189,98,92,98,99,98,92,0,1,81.7708333333333,98.4375,51.0416666666667,47.9166666666667,51.0416666666667,51.5625,51.0416666666667,47.9166666666667,0,0.520833333333333
"Grant County","12-31-2022",276306,175,149,166,92,66,92,92,92,67,1,6,85.1428571428571,94.8571428571429,52.5714285714286,37.7142857142857,52.5714285714286,52.5714285714286,52.5714285714286,38.2857142857143,0.571428571428571,3.42857142857143
"Grant County","12-31-2023",276306,191,160,180,100,79,100,99,98,79,0,11,83.7696335078534,94.2408376963351,52.3560209424084,41.3612565445026,52.3560209424084,51.8324607329843,51.3089005235602,41.3612565445026,0,5.75916230366492
"Grant County","12-31-2024",276306,187,161,179,92,78,92,92,91,79,0,15,86.096256684492,95.7219251336899,49.1978609625668,41.7112299465241,49.1978609625668,49.1978609625668,48.6631016042781,42.2459893048128,0,8.02139037433155
"Gregory County","12-31-2018",230265,117,61,113,59,46,59,59,58,45,1,3,52.1367521367521,96.5811965811966,50.4273504273504,39.3162393162393,50.4273504273504,50.4273504273504,49.5726495726496,38.4615384615385,0.854700854700855,2.56410256410256
"Gregory County","12-31-2019",184212,89,63,85,57,24,56,57,56,23,0,3,70.7865168539326,95.5056179775281,64.0449438202247,26.9662921348315,62.9213483146067,64.0449438202247,62.9213483146067,25.8426966292135,0,3.37078651685393
"Gregory County","12-31-2020",184212,118,75,112,53,52,53,53,53,51,1,4,63.5593220338983,94.9152542372881,44.9152542372881,44.0677966101695,44.9152542372881,44.9152542372881,44.9152542372881,43.2203389830509,0.847457627118644,3.38983050847458
"Gregory County","12-31-2021",184212,115,84,114,58,44,58,57,58,41,0,5,73.0434782608696,99.1304347826087,50.4347826086956,38.2608695652174,50.4347826086956,49.5652173913044,50.4347826086956,35.6521739130435,0,4.34782608695652
"Gregory County","12-31-2022",184212,102,97,97,55,37,55,55,55,36,0,6,95.0980392156863,95.0980392156863,53.921568627451,36.2745098039216,53.921568627451,53.921568627451,53.921568627451,35.2941176470588,0,5.88235294117647
"Gregory County","12-31-2023",184212,104,73,99,52,39,52,51,51,38,0,6,70.1923076923077,95.1923076923077,50,37.5,50,49.0384615384615,49.0384615384615,36.5384615384615,0,5.76923076923077
"Gregory County","12-31-2024",230265,113,86,105,51,31,51,51,51,31,0,11,76.1061946902655,92.9203539823009,45.1327433628319,27.4336283185841,45.1327433628319,45.1327433628319,45.1327433628319,27.4336283185841,0,9.73451327433628
"Haakon County","12-31-2018",184220,72,43,69,20,48,20,20,20,48,0,4,59.7222222222222,95.8333333333333,27.7777777777778,66.6666666666667,27.7777777777778,27.7777777777778,27.7777777777778,66.6666666666667,0,5.55555555555556
"Haakon County","12-31-2019",184220,68,51,66,21,46,21,21,20,45,0,3,75,97.0588235294118,30.8823529411765,67.6470588235294,30.8823529411765,30.8823529411765,29.4117647058824,66.1764705882353,0,4.41176470588235
"Haakon County","12-31-2020",184220,73,60,72,21,48,21,21,21,48,0,2,82.1917808219178,98.6301369863014,28.7671232876712,65.7534246575342,28.7671232876712,28.7671232876712,28.7671232876712,65.7534246575342,0,2.73972602739726
"Haakon County","12-31-2021",184220,72,57,69,19,49,19,19,19,49,0,4,79.1666666666667,95.8333333333333,26.3888888888889,68.0555555555556,26.3888888888889,26.3888888888889,26.3888888888889,68.0555555555556,0,5.55555555555556
"Haakon County","12-31-2022",184220,75,47,69,25,45,25,25,25,44,0,4,62.6666666666667,92,33.3333333333333,60,33.3333333333333,33.3333333333333,33.3333333333333,58.6666666666667,0,5.33333333333333
"Haakon County","12-31-2023",184220,81,67,78,33,38,33,33,32,38,0,7,82.716049382716,96.2962962962963,40.7407407407407,46.9135802469136,40.7407407407407,40.7407407407407,39.5061728395062,46.9135802469136,0,8.64197530864197
"Haakon County","12-31-2024",184220,71,63,66,25,38,25,25,25,37,0,4,88.7323943661972,92.9577464788732,35.2112676056338,53.5211267605634,35.2112676056338,35.2112676056338,35.2112676056338,52.112676056338,0,5.63380281690141
"Hamlin County","12-31-2018",276342,181,79,177,93,82,93,92,87,82,1,0,43.646408839779,97.7900552486188,51.3812154696133,45.3038674033149,51.3812154696133,50.828729281768,48.0662983425414,45.3038674033149,0.552486187845304,0
"Hamlin County","12-31-2019",230285,181,87,164,87,83,87,87,84,83,4,3,48.0662983425414,90.6077348066298,48.0662983425414,45.8563535911602,48.0662983425414,48.0662983425414,46.4088397790055,45.8563535911602,2.20994475138122,1.65745856353591
"Hamlin County","12-31-2020",230285,204,128,196,103,91,103,103,99,91,0,7,62.7450980392157,96.078431372549,50.4901960784314,44.6078431372549,50.4901960784314,50.4901960784314,48.5294117647059,44.6078431372549,0,3.43137254901961
"Hamlin County","12-31-2021",230285,193,117,181,86,89,87,86,84,89,1,12,60.6217616580311,93.7823834196891,44.559585492228,46.1139896373057,45.0777202072539,44.559585492228,43.5233160621762,46.1139896373057,0.518134715025907,6.21761658031088
"Hamlin County","12-31-2022",230285,187,132,180,91,71,93,92,90,71,0,12,70.5882352941177,96.2566844919786,48.6631016042781,37.9679144385027,49.7326203208556,49.1978609625668,48.1283422459893,37.9679144385027,0,6.41711229946524
"Hamlin County","12-31-2023",230285,203,146,184,90,82,90,88,88,82,0,20,71.9211822660099,90.64039408867,44.3349753694581,40.3940886699507,44.3349753694581,43.3497536945813,43.3497536945813,40.3940886699507,0,9.85221674876847
"Hamlin County","12-31-2024",322399,200,144,189,97,72,98,96,96,69,0,19,72,94.5,48.5,36,49,48,48,34.5,0,9.5
"Hand County","12-31-2018",138177,90,42,88,46,41,46,47,47,41,0,2,46.6666666666667,97.7777777777778,51.1111111111111,45.5555555555556,51.1111111111111,52.2222222222222,52.2222222222222,45.5555555555556,0,2.22222222222222
"Hand County","12-31-2019",138177,85,57,61,41,39,41,41,41,39,0,0,67.0588235294118,71.7647058823529,48.2352941176471,45.8823529411765,48.2352941176471,48.2352941176471,48.2352941176471,45.8823529411765,0,0
"Hand County","12-31-2020",138177,89,35,88,41,46,41,41,40,46,0,2,39.3258426966292,98.876404494382,46.0674157303371,51.685393258427,46.0674157303371,46.0674157303371,44.9438202247191,51.685393258427,0,2.24719101123596
"Hand County","12-31-2021",138177,69,35,64,26,35,27,27,27,34,0,2,50.7246376811594,92.7536231884058,37.6811594202899,50.7246376811594,39.1304347826087,39.1304347826087,39.1304347826087,49.2753623188406,0,2.89855072463768
"Hand County","12-31-2022",138177,72,59,66,38,25,38,39,39,24,0,4,81.9444444444444,91.6666666666667,52.7777777777778,34.7222222222222,52.7777777777778,54.1666666666667,54.1666666666667,33.3333333333333,0,5.55555555555556
"Hand County","12-31-2023",138177,78,50,70,39,24,39,40,40,24,0,8,64.1025641025641,89.7435897435898,50,30.7692307692308,50,51.2820512820513,51.2820512820513,30.7692307692308,0,10.2564102564103
"Hand County","12-31-2024",138177,92,58,83,41,33,41,42,42,31,0,9,63.0434782608696,90.2173913043478,44.5652173913043,35.8695652173913,44.5652173913043,45.6521739130435,45.6521739130435,33.695652173913,0,9.78260869565217
"Hanson County","12-31-2018",322427,98,86,93,11,64,31,32,32,63,4,2,87.7551020408163,94.8979591836735,11.2244897959184,65.3061224489796,31.6326530612245,32.6530612244898,32.6530612244898,64.2857142857143,4.08163265306122,2.04081632653061
"Hanson County","12-31-2019",322427,97,89,94,27,63,27,27,27,63,2,4,91.7525773195876,96.9072164948454,27.8350515463918,64.9484536082474,27.8350515463918,27.8350515463918,27.8350515463918,64.9484536082474,2.06185567010309,4.12371134020619
"Hanson County","12-31-2020",322427,82,68,79,23,54,23,22,22,54,1,5,82.9268292682927,96.3414634146341,28.0487804878049,65.8536585365854,28.0487804878049,26.8292682926829,26.8292682926829,65.8536585365854,1.21951219512195,6.09756097560976
"Hanson County","12-31-2021",322427,96,93,93,24,67,24,24,24,67,0,4,96.875,96.875,25,69.7916666666667,25,25,25,69.7916666666667,0,4.16666666666667
"Hanson County","12-31-2022",322427,81,78,79,23,50,23,23,23,50,0,8,96.2962962962963,97.5308641975309,28.3950617283951,61.7283950617284,28.3950617283951,28.3950617283951,28.3950617283951,61.7283950617284,0,9.87654320987654
"Hanson County","12-31-2023",322427,93,81,88,27,52,27,26,28,51,1,15,87.0967741935484,94.6236559139785,29.0322580645161,55.9139784946236,29.0322580645161,27.9569892473118,30.1075268817204,54.8387096774194,1.0752688172043,16.1290322580645
"Hanson County","12-31-2024",322427,80,75,79,19,50,19,19,19,50,0,11,93.75,98.75,23.75,62.5,23.75,23.75,23.75,62.5,0,13.75
"Harding County","12-31-2018",138189,24,19,24,12,12,11,11,11,12,0,0,79.1666666666667,100,50,50,45.8333333333333,45.8333333333333,45.8333333333333,50,0,0
"Harding County","12-31-2019",138189,35,29,34,18,14,17,16,16,14,0,2,82.8571428571429,97.1428571428571,51.4285714285714,40,48.5714285714286,45.7142857142857,45.7142857142857,40,0,5.71428571428571
"Harding County","12-31-2020",138189,28,22,25,12,14,12,12,12,14,0,2,78.5714285714286,89.2857142857143,42.8571428571429,50,42.8571428571429,42.8571428571429,42.8571428571429,50,0,7.14285714285714
"Harding County","12-31-2021",138189,52,44,47,19,27,19,20,20,27,0,1,84.6153846153846,90.3846153846154,36.5384615384615,51.9230769230769,36.5384615384615,38.4615384615385,38.4615384615385,51.9230769230769,0,1.92307692307692
"Harding County","12-31-2022",138189,37,34,37,18,19,18,18,18,19,0,0,91.8918918918919,100,48.6486486486487,51.3513513513513,48.6486486486487,48.6486486486487,48.6486486486487,51.3513513513513,0,0
"Harding County","12-31-2023",138189,48,42,47,24,23,24,24,24,23,0,0,87.5,97.9166666666667,50,47.9166666666667,50,50,50,47.9166666666667,0,0
"Harding County","12-31-2024",92126,23,21,22,11,7,11,11,11,7,0,3,91.304347826087,95.6521739130435,47.8260869565217,30.4347826086957,47.8260869565217,47.8260869565217,47.8260869565217,30.4347826086957,0,13.0434782608696
"Hughes County","12-31-2018",368520,535,336,523,253,257,256,254,255,255,0,6,62.803738317757,97.7570093457944,47.2897196261682,48.0373831775701,47.8504672897196,47.4766355140187,47.6635514018692,47.6635514018692,0,1.1214953271028
"Hughes County","12-31-2019",368520,549,401,512,252,276,253,251,250,275,0,5,73.0418943533698,93.2604735883424,45.9016393442623,50.2732240437158,46.0837887067395,45.7194899817851,45.5373406193078,50.0910746812386,0,0.910746812386157
"Hughes County","12-31-2020",322455,525,352,447,241,271,241,241,237,270,0,4,67.047619047619,85.1428571428571,45.9047619047619,51.6190476190476,45.9047619047619,45.9047619047619,45.1428571428571,51.4285714285714,0,0.761904761904762
"Hughes County","12-31-2021",368520,512,412,497,237,248,237,234,232,244,0,6,80.46875,97.0703125,46.2890625,48.4375,46.2890625,45.703125,45.3125,47.65625,0,1.171875
"Hughes County","12-31-2022",368520,519,441,499,226,253,225,225,225,251,0,6,84.971098265896,96.1464354527938,43.5452793834297,48.747591522158,43.3526011560694,43.3526011560694,43.3526011560694,48.3622350674374,0,1.15606936416185
"Hughes County","12-31-2023",368520,495,416,480,222,253,222,220,220,254,0,7,84.040404040404,96.969696969697,44.8484848484849,51.1111111111111,44.8484848484849,44.4444444444444,44.4444444444444,51.3131313131313,0,1.41414141414141
"Hughes County","12-31-2024",322455,424,374,413,150,262,151,149,148,261,1,9,88.2075471698113,97.4056603773585,35.377358490566,61.7924528301887,35.6132075471698,35.1415094339623,34.9056603773585,61.5566037735849,0.235849056603774,2.12264150943396
"Hutchinson County","12-31-2018",691005,198,155,192,95,86,98,97,97,84,0,6,78.2828282828283,96.969696969697,47.979797979798,43.4343434343434,49.4949494949495,48.989898989899,48.989898989899,42.4242424242424,0,3.03030303030303
"Hutchinson County","12-31-2019",691005,220,169,204,97,101,97,98,98,103,0,17,76.8181818181818,92.7272727272727,44.0909090909091,45.9090909090909,44.0909090909091,44.5454545454545,44.5454545454545,46.8181818181818,0,7.72727272727273
"Hutchinson County","12-31-2020",737072,279,204,268,177,81,176,176,175,80,1,12,73.1182795698925,96.0573476702509,63.4408602150538,29.0322580645161,63.0824372759857,63.0824372759857,62.7240143369176,28.673835125448,0.3584229390681,4.3010752688172
"Hutchinson County","12-31-2021",737072,235,185,207,117,80,115,115,115,79,0,15,78.7234042553192,88.0851063829787,49.7872340425532,34.0425531914894,48.936170212766,48.936170212766,48.936170212766,33.6170212765957,0,6.38297872340426
"Hutchinson County","12-31-2022",737072,251,203,224,115,80,115,118,118,78,1,24,80.8764940239044,89.2430278884462,45.8167330677291,31.8725099601594,45.8167330677291,47.0119521912351,47.0119521912351,31.0756972111554,0.398406374501992,9.56175298804781
"Hutchinson County","12-31-2023",737072,256,209,229,109,80,106,105,103,77,0,7,81.640625,89.453125,42.578125,31.25,41.40625,41.015625,40.234375,30.078125,0,2.734375
"Hutchinson County","12-31-2024",783139,202,163,167,80,55,82,77,75,54,0,29,80.6930693069307,82.6732673267327,39.6039603960396,27.2277227722772,40.5940594059406,38.1188118811881,37.1287128712871,26.7326732673267,0,14.3564356435644
"Hyde County","12-31-2018",138207,103,89,99,50,40,50,56,56,41,0,0,86.4077669902913,96.1165048543689,48.5436893203884,38.8349514563107,48.5436893203884,54.368932038835,54.368932038835,39.8058252427184,0,0
"Hyde County","12-31-2019",138207,96,80,96,39,45,40,43,43,45,0,0,83.3333333333333,100,40.625,46.875,41.6666666666667,44.7916666666667,44.7916666666667,46.875,0,0
"Hyde County","12-31-2020",138207,106,93,102,49,39,49,50,49,38,0,0,87.7358490566038,96.2264150943396,46.2264150943396,36.7924528301887,46.2264150943396,47.1698113207547,46.2264150943396,35.8490566037736,0,0
"Hyde County","12-31-2021",138207,90,82,87,46,39,46,46,46,40,0,1,91.1111111111111,96.6666666666667,51.1111111111111,43.3333333333333,51.1111111111111,51.1111111111111,51.1111111111111,44.4444444444444,0,1.11111111111111
"Hyde County","12-31-2022",138207,102,90,102,52,41,52,52,52,39,0,0,88.2352941176471,100,50.9803921568627,40.1960784313725,50.9803921568627,50.9803921568627,50.9803921568627,38.2352941176471,0,0
"Hyde County","12-31-2023",138207,104,98,102,46,49,46,47,47,48,0,0,94.2307692307692,98.0769230769231,44.2307692307692,47.1153846153846,44.2307692307692,45.1923076923077,45.1923076923077,46.1538461538462,0,0
"Hyde County","12-31-2024",138207,123,111,116,59,35,72,71,71,35,0,0,90.2439024390244,94.3089430894309,47.9674796747967,28.4552845528455,58.5365853658537,57.7235772357724,57.7235772357724,28.4552845528455,0,0
"Jackson County","12-31-2018",184284,88,78,88,51,37,51,51,51,37,0,0,88.6363636363636,100,57.9545454545455,42.0454545454545,57.9545454545455,57.9545454545455,57.9545454545455,42.0454545454545,0,0
"Jackson County","12-31-2019",184284,111,100,109,59,51,59,59,59,50,0,2,90.0900900900901,98.1981981981982,53.1531531531532,45.945945945946,53.1531531531532,53.1531531531532,53.1531531531532,45.045045045045,0,1.8018018018018
"Jackson County","12-31-2020",184284,93,88,92,52,15,52,52,52,16,0,1,94.6236559139785,98.9247311827957,55.9139784946236,16.1290322580645,55.9139784946236,55.9139784946236,55.9139784946236,17.2043010752688,0,1.0752688172043
"Jackson County","12-31-2021",184284,86,81,84,48,33,48,48,48,33,0,1,94.1860465116279,97.6744186046512,55.8139534883721,38.3720930232558,55.8139534883721,55.8139534883721,55.8139534883721,38.3720930232558,0,1.16279069767442
"Jackson County","12-31-2022",184284,81,66,81,46,35,46,46,46,35,0,1,81.4814814814815,100,56.7901234567901,43.2098765432099,56.7901234567901,56.7901234567901,56.7901234567901,43.2098765432099,0,1.23456790123457
"Jackson County","12-31-2023",184284,85,82,84,43,38,43,43,43,38,0,1,96.4705882352941,98.8235294117647,50.5882352941176,44.7058823529412,50.5882352941176,50.5882352941176,50.5882352941176,44.7058823529412,0,1.17647058823529
"Jackson County","12-31-2024",230355,92,87,92,47,43,47,47,47,43,0,1,94.5652173913043,100,51.0869565217391,46.7391304347826,51.0869565217391,51.0869565217391,51.0869565217391,46.7391304347826,0,1.08695652173913
"Jerauld County","12-31-2018",92146,50,42,50,22,25,22,21,20,24,0,1,84,100,44,50,44,42,40,48,0,2
"Jerauld County","12-31-2019",92146,41,40,41,17,18,17,16,16,20,0,1,97.5609756097561,100,41.4634146341463,43.9024390243902,41.4634146341463,39.0243902439024,39.0243902439024,48.780487804878,0,2.4390243902439
"Jerauld County","12-31-2020",92146,48,41,47,17,24,17,17,17,25,0,0,85.4166666666667,97.9166666666667,35.4166666666667,50,35.4166666666667,35.4166666666667,35.4166666666667,52.0833333333333,0,0
"Jerauld County","12-31-2021",92146,47,36,46,24,21,24,24,24,21,0,0,76.5957446808511,97.8723404255319,51.063829787234,44.6808510638298,51.063829787234,51.063829787234,51.063829787234,44.6808510638298,0,0
"Jerauld County","12-31-2022",138219,53,44,47,19,20,19,19,19,18,0,0,83.0188679245283,88.6792452830189,35.8490566037736,37.7358490566038,35.8490566037736,35.8490566037736,35.8490566037736,33.9622641509434,0,0
"Jerauld County","12-31-2023",138219,53,46,49,17,23,17,17,17,22,0,5,86.7924528301887,92.4528301886792,32.0754716981132,43.3962264150943,32.0754716981132,32.0754716981132,32.0754716981132,41.5094339622642,0,9.43396226415094
"Jerauld County","12-31-2024",138219,36,34,34,13,13,13,13,13,12,0,4,94.4444444444444,94.4444444444444,36.1111111111111,36.1111111111111,36.1111111111111,36.1111111111111,36.1111111111111,33.3333333333333,0,11.1111111111111
"Jones County","12-31-2018",92150,26,13,25,12,13,12,12,12,12,0,0,50,96.1538461538462,46.1538461538462,50,46.1538461538462,46.1538461538462,46.1538461538462,46.1538461538462,0,0
"Jones County","12-31-2019",92150,30,19,29,11,13,12,12,12,13,0,1,63.3333333333333,96.6666666666667,36.6666666666667,43.3333333333333,40,40,40,43.3333333333333,0,3.33333333333333
"Jones County","12-31-2020",92150,32,16,30,14,16,14,14,14,16,0,1,50,93.75,43.75,50,43.75,43.75,43.75,50,0,3.125
"Jones County","12-31-2021",92150,30,20,30,17,13,17,17,17,13,0,1,66.6666666666667,100,56.6666666666667,43.3333333333333,56.6666666666667,56.6666666666667,56.6666666666667,43.3333333333333,0,3.33333333333333
"Jones County","12-31-2022",92150,35,23,29,14,10,14,14,14,10,0,2,65.7142857142857,82.8571428571429,40,28.5714285714286,40,40,40,28.5714285714286,0,5.71428571428571
"Jones County","12-31-2023",92150,31,25,30,13,14,13,14,14,14,1,0,80.6451612903226,96.7741935483871,41.9354838709677,45.1612903225806,41.9354838709677,45.1612903225806,45.1612903225806,45.1612903225806,3.2258064516129,0
"Jones County","12-31-2024",92150,26,24,24,9,9,9,9,9,10,0,1,92.3076923076923,92.3076923076923,34.6153846153846,34.6153846153846,34.6153846153846,34.6153846153846,34.6153846153846,38.4615384615385,0,3.84615384615385
"Kingsbury County","12-31-2018",230385,123,72,121,59,59,59,59,58,59,0,2,58.5365853658537,98.3739837398374,47.9674796747967,47.9674796747967,47.9674796747967,47.9674796747967,47.1544715447154,47.9674796747967,0,1.6260162601626
"Kingsbury County","12-31-2019",230385,120,69,120,56,62,56,56,55,62,0,0,57.5,100,46.6666666666667,51.6666666666667,46.6666666666667,46.6666666666667,45.8333333333333,51.6666666666667,0,0
"Kingsbury County","12-31-2020",230385,127,95,125,46,76,46,46,44,75,0,2,74.8031496062992,98.4251968503937,36.2204724409449,59.8425196850394,36.2204724409449,36.2204724409449,34.6456692913386,59.0551181102362,0,1.5748031496063
"Kingsbury County","12-31-2021",230385,133,103,130,55,68,55,55,54,68,0,4,77.4436090225564,97.7443609022556,41.3533834586466,51.1278195488722,41.3533834586466,41.3533834586466,40.6015037593985,51.1278195488722,0,3.00751879699248
"Kingsbury County","12-31-2022",230385,129,106,126,60,63,61,61,59,62,0,3,82.1705426356589,97.6744186046512,46.5116279069767,48.8372093023256,47.2868217054264,47.2868217054264,45.7364341085271,48.062015503876,0,2.32558139534884
"Kingsbury County","12-31-2023",230385,138,111,133,55,71,55,54,52,71,0,3,80.4347826086957,96.3768115942029,39.8550724637681,51.4492753623188,39.8550724637681,39.1304347826087,37.6811594202899,51.4492753623188,0,2.17391304347826
"Kingsbury County","12-31-2024",276462,150,118,148,63,72,63,63,62,72,0,6,78.6666666666667,98.6666666666667,42,48,42,42,41.3333333333333,48,0,4
"Lake County","12-31-2018",645106,316,236,311,164,136,165,164,162,134,0,6,74.6835443037975,98.4177215189873,51.8987341772152,43.0379746835443,52.2151898734177,51.8987341772152,51.2658227848101,42.4050632911392,0,1.89873417721519
"Lake County","12-31-2019",645106,300,224,295,160,130,161,159,158,129,0,4,74.6666666666667,98.3333333333333,53.3333333333333,43.3333333333333,53.6666666666667,53,52.6666666666667,43,0,1.33333333333333
"Lake County","12-31-2020",691185,334,239,323,154,167,154,153,153,166,2,6,71.5568862275449,96.7065868263473,46.1077844311377,50,46.1077844311377,45.8083832335329,45.8083832335329,49.7005988023952,0.598802395209581,1.79640718562874
"Lake County","12-31-2021",691185,304,243,292,150,129,150,150,148,127,1,11,79.9342105263158,96.0526315789474,49.3421052631579,42.4342105263158,49.3421052631579,49.3421052631579,48.6842105263158,41.7763157894737,0.328947368421053,3.61842105263158
"Lake County","12-31-2022",691185,322,263,305,155,133,155,154,154,131,0,20,81.6770186335404,94.7204968944099,48.1366459627329,41.304347826087,48.1366459627329,47.8260869565217,47.8260869565217,40.6832298136646,0,6.2111801242236
"Lake County","12-31-2023",691185,257,204,241,110,113,110,110,110,111,0,13,79.3774319066148,93.7743190661479,42.8015564202335,43.9688715953307,42.8015564202335,42.8015564202335,42.8015564202335,43.1906614785992,0,5.05836575875486
"Lake County","12-31-2024",645106,303,245,278,118,147,118,118,118,145,0,34,80.8580858085809,91.7491749174917,38.9438943894389,48.5148514851485,38.9438943894389,38.9438943894389,38.9438943894389,47.8547854785479,0,11.2211221122112
"Lawrence County","12-31-2018",184324,463,319,404,189,232,191,190,185,226,0,15,68.8984881209503,87.2570194384449,40.8207343412527,50.1079913606911,41.2526997840173,41.036717062635,39.9568034557235,48.8120950323974,0,3.23974082073434
"Lawrence County","12-31-2019",184324,493,363,438,188,267,189,187,187,268,0,19,73.630831643002,88.8438133874239,38.1338742393509,54.158215010142,38.3367139959432,37.9310344827586,37.9310344827586,54.3610547667343,0,3.85395537525355
"Lawrence County","12-31-2020",184324,468,391,422,182,237,182,183,182,238,0,19,83.5470085470085,90.1709401709402,38.8888888888889,50.6410256410256,38.8888888888889,39.1025641025641,38.8888888888889,50.8547008547009,0,4.05982905982906
"Lawrence County","12-31-2021",184324,435,341,396,182,194,181,181,178,192,0,18,78.3908045977011,91.0344827586207,41.8390804597701,44.5977011494253,41.6091954022989,41.6091954022989,40.9195402298851,44.1379310344828,0,4.13793103448276
"Lawrence County","12-31-2022",184324,459,378,416,189,199,191,193,189,199,0,27,82.3529411764706,90.6318082788671,41.1764705882353,43.3551198257081,41.6122004357298,42.0479302832244,41.1764705882353,43.3551198257081,0,5.88235294117647
"Lawrence County","12-31-2023",184324,470,408,410,192,218,192,193,191,218,0,12,86.8085106382979,87.2340425531915,40.8510638297872,46.3829787234043,40.8510638297872,41.063829787234,40.6382978723404,46.3829787234043,0,2.5531914893617
"Lawrence County","12-31-2024",184324,413,336,390,174,217,174,170,171,216,14,14,81.3559322033898,94.4309927360775,42.1307506053269,52.5423728813559,42.1307506053269,41.1622276029056,41.4043583535109,52.3002421307506,3.38983050847458,3.38983050847458
"Lincoln County","12-31-2018",599079,1023,823,979,598,391,629,602,599,392,2,20,80.4496578690127,95.6989247311828,58.455522971652,38.2209188660802,61.485826001955,58.8465298142718,58.5532746823069,38.3186705767351,0.195503421309873,1.95503421309873
"Lincoln County","12-31-2019",599079,875,781,842,560,285,560,559,561,285,1,23,89.2571428571429,96.2285714285714,64,32.5714285714286,64,63.8857142857143,64.1142857142857,32.5714285714286,0.114285714285714,2.62857142857143
"Lincoln County","12-31-2020",645162,935,853,880,601,304,602,601,597,304,2,26,91.2299465240642,94.1176470588235,64.2780748663102,32.5133689839572,64.3850267379679,64.2780748663102,63.8502673796791,32.5133689839572,0.213903743315508,2.7807486631016
"Lincoln County","12-31-2021",645162,911,831,877,532,342,532,531,533,340,4,114,91.218441273326,96.2678375411636,58.397365532382,37.5411635565313,58.397365532382,58.2875960482986,58.5071350164654,37.3216245883644,0.439077936333699,12.5137211855104
"Lincoln County","12-31-2022",691245,1018,949,992,608,371,610,609,609,373,2,30,93.2220039292731,97.4459724950884,59.7249508840864,36.4440078585462,59.9214145383104,59.8231827111984,59.8231827111984,36.6404715127701,0.196463654223969,2.94695481335953
"Lincoln County","12-31-2023",691245,1000,918,960,611,332,608,608,606,332,1,43,91.8,96,61.1,33.2,60.8,60.8,60.6,33.2,0.1,4.3
"Lincoln County","12-31-2024",737328,1095,1018,1046,591,444,589,590,589,444,0,59,92.9680365296804,95.5251141552511,53.972602739726,40.5479452054795,53.7899543378995,53.8812785388128,53.7899543378995,40.5479452054795,0,5.38812785388128
"Lyman County","12-31-2018",184340,112,102,110,61,36,61,67,67,36,0,0,91.0714285714286,98.2142857142857,54.4642857142857,32.1428571428571,54.4642857142857,59.8214285714286,59.8214285714286,32.1428571428571,0,0
"Lyman County","12-31-2019",184340,98,70,94,56,34,56,59,59,33,0,4,71.4285714285714,95.9183673469388,57.1428571428571,34.6938775510204,57.1428571428571,60.2040816326531,60.2040816326531,33.6734693877551,0,4.08163265306122
"Lyman County","12-31-2020",184340,91,88,91,55,33,55,57,57,33,0,2,96.7032967032967,100,60.4395604395604,36.2637362637363,60.4395604395604,62.6373626373626,62.6373626373626,36.2637362637363,0,2.1978021978022
"Lyman County","12-31-2021",184340,129,122,129,82,42,82,82,82,41,0,1,94.5736434108527,100,63.5658914728682,32.5581395348837,63.5658914728682,63.5658914728682,63.5658914728682,31.7829457364341,0,0.775193798449612
"Lyman County","12-31-2022",138255,100,88,99,52,40,51,55,55,38,0,2,88,99,52,40,51,55,55,38,0,2
"Lyman County","12-31-2023",138255,123,104,117,63,49,63,64,62,49,0,2,84.5528455284553,95.1219512195122,51.219512195122,39.8373983739837,51.219512195122,52.0325203252033,50.4065040650407,39.8373983739837,0,1.6260162601626
"Lyman County","12-31-2024",184340,94,85,93,40,39,41,41,41,39,0,1,90.4255319148936,98.936170212766,42.5531914893617,41.4893617021277,43.6170212765958,43.6170212765958,43.6170212765958,41.4893617021277,0,1.06382978723404
"Marshall County","12-31-2018",276546,93,46,91,50,38,50,50,50,38,0,2,49.4623655913978,97.8494623655914,53.763440860215,40.8602150537634,53.763440860215,53.763440860215,53.763440860215,40.8602150537634,0,2.1505376344086
"Marshall County","12-31-2019",276546,97,57,92,47,44,47,47,47,43,0,7,58.7628865979381,94.8453608247423,48.4536082474227,45.360824742268,48.4536082474227,48.4536082474227,48.4536082474227,44.3298969072165,0,7.21649484536082
"Marshall County","12-31-2020",276546,105,59,101,43,56,43,43,43,56,1,6,56.1904761904762,96.1904761904762,40.952380952381,53.3333333333333,40.952380952381,40.952380952381,40.952380952381,53.3333333333333,0.952380952380952,5.71428571428571
"Marshall County","12-31-2021",276546,106,70,100,46,44,46,46,46,44,0,17,66.0377358490566,94.3396226415094,43.3962264150943,41.5094339622642,43.3962264150943,43.3962264150943,43.3962264150943,41.5094339622642,0,16.0377358490566
"Marshall County","12-31-2022",276546,121,78,118,50,54,50,51,50,52,0,17,64.4628099173554,97.5206611570248,41.3223140495868,44.6280991735537,41.3223140495868,42.1487603305785,41.3223140495868,42.9752066115703,0,14.0495867768595
"Marshall County","12-31-2023",276546,107,70,99,45,50,45,43,43,50,1,14,65.4205607476635,92.5233644859813,42.0560747663551,46.7289719626168,42.0560747663551,40.1869158878505,40.1869158878505,46.7289719626168,0.934579439252336,13.0841121495327
"Marshall County","12-31-2024",322637,122,77,105,46,51,46,46,45,51,0,24,63.1147540983607,86.0655737704918,37.7049180327869,41.8032786885246,37.7049180327869,37.7049180327869,36.8852459016393,41.8032786885246,0,19.672131147541
"Meade County","12-31-2018",599209,559,414,458,227,268,227,227,227,264,1,12,74.0608228980322,81.9320214669052,40.608228980322,47.9427549194991,40.608228980322,40.608228980322,40.608228980322,47.2271914132379,0.178890876565295,2.14669051878354
"Meade County","12-31-2019",599209,469,369,406,247,193,247,248,249,190,0,14,78.6780383795309,86.5671641791045,52.6652452025586,41.1513859275053,52.6652452025586,52.8784648187633,53.091684434968,40.5117270788913,0,2.98507462686567
"Meade County","12-31-2020",645302,465,373,416,264,176,264,262,260,175,0,14,80.2150537634409,89.4623655913979,56.7741935483871,37.8494623655914,56.7741935483871,56.3440860215054,55.9139784946236,37.6344086021505,0,3.01075268817204
"Meade County","12-31-2021",645302,451,366,410,264,170,265,267,267,170,0,11,81.1529933481153,90.9090909090909,58.5365853658537,37.6940133037694,58.7583148558758,59.2017738359202,59.2017738359202,37.6940133037694,0,2.4390243902439
"Meade County","12-31-2022",645302,479,410,434,272,181,272,271,266,180,0,12,85.5949895615866,90.6054279749478,56.7849686847599,37.7870563674322,56.7849686847599,56.5762004175365,55.5323590814196,37.5782881002088,0,2.50521920668058
"Meade County","12-31-2023",645302,459,406,428,270,169,268,270,268,168,0,11,88.4531590413943,93.2461873638344,58.8235294117647,36.8191721132898,58.3877995642701,58.8235294117647,58.3877995642701,36.6013071895425,0,2.39651416122004
"Meade County","12-31-2024",645302,433,394,406,253,151,255,252,253,151,0,16,90.9930715935335,93.7644341801386,58.4295612009238,34.8729792147806,58.891454965358,58.1986143187067,58.4295612009238,34.8729792147806,0,3.69515011547344
"Mellette County","12-31-2018",184380,72,64,72,31,35,30,34,34,34,0,0,88.8888888888889,100,43.0555555555556,48.6111111111111,41.6666666666667,47.2222222222222,47.2222222222222,47.2222222222222,0,0
"Mellette County","12-31-2019",184380,77,73,69,33,41,33,33,33,41,0,1,94.8051948051948,89.6103896103896,42.8571428571429,53.2467532467532,42.8571428571429,42.8571428571429,42.8571428571429,53.2467532467532,0,1.2987012987013
"Mellette County","12-31-2020",184380,58,58,58,16,41,16,17,17,41,0,1,100,100,27.5862068965517,70.6896551724138,27.5862068965517,29.3103448275862,29.3103448275862,70.6896551724138,0,1.72413793103448
"Mellette County","12-31-2021",184380,56,51,56,29,26,29,29,29,25,0,0,91.0714285714286,100,51.7857142857143,46.4285714285714,51.7857142857143,51.7857142857143,51.7857142857143,44.6428571428571,0,0
"Mellette County","12-31-2022",184380,67,65,65,37,29,37,38,38,29,3,0,97.0149253731343,97.0149253731343,55.2238805970149,43.2835820895522,55.2238805970149,56.7164179104478,56.7164179104478,43.2835820895522,4.47761194029851,0
"Mellette County","12-31-2023",184380,69,64,67,42,25,42,42,42,25,0,1,92.7536231884058,97.1014492753623,60.8695652173913,36.231884057971,60.8695652173913,60.8695652173913,60.8695652173913,36.231884057971,0,1.44927536231884
"Mellette County","12-31-2024",138285,71,64,64,34,34,34,34,34,34,0,2,90.1408450704225,90.1408450704225,47.887323943662,47.887323943662,47.887323943662,47.887323943662,47.887323943662,47.887323943662,0,2.8169014084507
"Miner County","12-31-2018",92194,45,38,45,23,21,23,23,23,21,0,1,84.4444444444444,100,51.1111111111111,46.6666666666667,51.1111111111111,51.1111111111111,51.1111111111111,46.6666666666667,0,2.22222222222222
"Miner County","12-31-2019",92194,54,46,54,25,29,25,25,25,29,0,0,85.1851851851852,100,46.2962962962963,53.7037037037037,46.2962962962963,46.2962962962963,46.2962962962963,53.7037037037037,0,0
"Miner County","12-31-2020",92194,47,38,45,16,28,16,16,16,28,0,2,80.8510638297872,95.7446808510638,34.0425531914894,59.5744680851064,34.0425531914894,34.0425531914894,34.0425531914894,59.5744680851064,0,4.25531914893617
"Miner County","12-31-2021",92194,56,49,55,21,27,21,21,21,27,0,6,87.5,98.2142857142857,37.5,48.2142857142857,37.5,37.5,37.5,48.2142857142857,0,10.7142857142857
"Miner County","12-31-2022",92194,49,44,47,18,27,18,18,18,27,0,4,89.7959183673469,95.9183673469388,36.734693877551,55.1020408163265,36.734693877551,36.734693877551,36.734693877551,55.1020408163265,0,8.16326530612245
"Miner County","12-31-2023",92194,57,51,52,21,29,21,21,21,29,0,5,89.4736842105263,91.2280701754386,36.8421052631579,50.8771929824561,36.8421052631579,36.8421052631579,36.8421052631579,50.8771929824561,0,8.7719298245614
"Miner County","12-31-2024",92194,47,40,45,20,21,20,20,20,21,0,4,85.1063829787234,95.7446808510638,42.5531914893617,44.6808510638298,42.5531914893617,42.5531914893617,42.5531914893617,44.6808510638298,0,8.51063829787234
"Minnehaha County","12-31-2018",1751762,3986,3145,3776,990,2842,991,995,988,2833,8,95,78.901154039137,94.7315604616156,24.8369292523833,71.2995484194681,24.862017059709,24.9623682890115,24.7867536377321,71.0737581535374,0.200702458605118,2.38334169593578
"Minnehaha County","12-31-2019",1797861,4022,3345,3803,986,2871,984,988,981,2866,8,79,83.1675783192442,94.5549477871706,24.5151665837892,71.3823968175037,24.4654400795624,24.5648930880159,24.3908503232223,71.2580805569368,0.198906016907011,1.96419691695674
"Minnehaha County","12-31-2020",1843960,4111,3495,3875,1059,2924,1056,1059,1051,2915,9,95,85.0158112381416,94.2593043055218,25.7601556798832,71.126246655315,25.6871807346145,25.7601556798832,25.5655558258331,70.9073218195086,0.218924835806373,2.31087326684505
"Minnehaha County","12-31-2021",1890059,3999,3363,3752,979,2709,973,981,975,2702,1,85,84.0960240060015,93.823455863966,24.48112028007,67.741935483871,24.3310827706927,24.5311327831958,24.3810952738185,67.5668917229307,0.0250062515628907,2.12553138284571
"Minnehaha County","12-31-2022",2120554,4065,3338,3800,1051,2728,1053,1052,1049,2716,7,103,82.1156211562116,93.4809348093481,25.8548585485855,67.109471094711,25.9040590405904,25.8794587945879,25.8056580565806,66.8142681426814,0.17220172201722,2.53382533825338
"Minnehaha County","12-31-2023",1982257,4035,3563,3742,1072,2640,1066,1074,1070,2638,8,162,88.3023543990087,92.7385377942999,26.5675340768278,65.4275092936803,26.4188351920694,26.6171003717472,26.5179677819083,65.3779429987608,0.198265179677819,4.01486988847584
"Minnehaha County","12-31-2024",1890059,4068,3611,3791,1088,2557,1091,1092,1086,2570,8,193,88.7659783677483,93.1907571288102,26.7453294001967,62.8564405113078,26.819075712881,26.8436578171091,26.6961651917404,63.1760078662734,0.196656833824975,4.74434611602753
"Moody County","12-31-2018",230505,139,99,137,69,69,68,70,70,69,0,0,71.2230215827338,98.5611510791367,49.6402877697842,49.6402877697842,48.9208633093525,50.3597122302158,50.3597122302158,49.6402877697842,0,0
"Moody County","12-31-2019",230505,164,84,144,74,84,74,75,73,84,0,4,51.219512195122,87.8048780487805,45.1219512195122,51.219512195122,45.1219512195122,45.7317073170732,44.5121951219512,51.219512195122,0,2.4390243902439
"Moody County","12-31-2020",230505,169,124,165,91,51,91,92,92,51,0,2,73.3727810650888,97.6331360946746,53.8461538461538,30.1775147928994,53.8461538461538,54.4378698224852,54.4378698224852,30.1775147928994,0,1.18343195266272
"Moody County","12-31-2021",230505,148,116,144,69,74,69,69,64,74,0,4,78.3783783783784,97.2972972972973,46.6216216216216,50,46.6216216216216,46.6216216216216,43.2432432432432,50,0,2.7027027027027
"Moody County","12-31-2022",276606,212,183,204,78,132,77,78,77,134,0,4,86.3207547169811,96.2264150943396,36.7924528301887,62.2641509433962,36.3207547169811,36.7924528301887,36.3207547169811,63.2075471698113,0,1.88679245283019
"Moody County","12-31-2023",276606,200,164,195,77,114,77,77,77,114,0,9,82,97.5,38.5,57,38.5,38.5,38.5,57,0,4.5
"Moody County","12-31-2024",230505,144,104,127,72,39,72,72,71,39,0,18,72.2222222222222,88.1944444444444,50,27.0833333333333,50,50,49.3055555555556,27.0833333333333,0,12.5
"Oglala Lakota County","12-31-2018",507122,662,620,652,313,304,314,315,316,303,0,5,93.6555891238671,98.4894259818731,47.2809667673716,45.9214501510574,47.4320241691843,47.583081570997,47.7341389728097,45.7703927492447,0,0.755287009063444
"Oglala Lakota County","12-31-2019",507122,667,645,658,309,329,308,311,308,328,2,8,96.7016491754123,98.6506746626687,46.3268365817091,49.3253373313343,46.1769115442279,46.6266866566717,46.1769115442279,49.1754122938531,0.299850074962519,1.19940029985008
"Oglala Lakota County","12-31-2020",507122,650,605,644,333,290,333,333,332,291,0,6,93.0769230769231,99.0769230769231,51.2307692307692,44.6153846153846,51.2307692307692,51.2307692307692,51.0769230769231,44.7692307692308,0,0.923076923076923
"Oglala Lakota County","12-31-2021",507122,568,487,533,205,191,207,208,206,184,0,9,85.7394366197183,93.8380281690141,36.0915492957746,33.6267605633803,36.443661971831,36.6197183098592,36.2676056338028,32.3943661971831,0,1.58450704225352
"Oglala Lakota County","12-31-2022",507122,588,541,569,256,267,263,262,261,267,0,11,92.0068027210884,96.7687074829932,43.5374149659864,45.4081632653061,44.7278911564626,44.5578231292517,44.3877551020408,45.4081632653061,0,1.87074829931973
"Oglala Lakota County","12-31-2023",507122,570,547,555,264,254,268,268,267,253,0,11,95.9649122807018,97.3684210526316,46.3157894736842,44.5614035087719,47.0175438596491,47.0175438596491,46.8421052631579,44.3859649122807,0,1.92982456140351
"Oglala Lakota County","12-31-2024",599326,568,513,547,221,258,225,228,223,251,0,6,90.3169014084507,96.3028169014084,38.9084507042254,45.4225352112676,39.612676056338,40.1408450704225,39.2605633802817,44.1901408450704,0,1.05633802816901
"Pennington County","12-31-2018",1705811,2986,2573,2723,1491,1410,1489,1498,1480,1406,9,46,86.1687876758205,91.1922304085733,49.9330207635633,47.2203616878768,49.8660415271266,50.1674480910918,49.5646349631614,47.0864032150033,0.301406563965171,1.54052243804421
"Pennington County","12-31-2019",1844120,3261,2758,2990,1499,1662,1499,1509,1501,1664,3,54,84.5752836553204,91.6896657467035,45.967494633548,50.9659613615455,45.967494633548,46.2741490340386,46.0288255136461,51.0272922416437,0.0919963201471941,1.65593376264949
"Pennington County","12-31-2020",1798017,3025,2643,2813,1471,1485,1475,1475,1471,1486,4,58,87.3719008264463,92.9917355371901,48.6280991735537,49.0909090909091,48.7603305785124,48.7603305785124,48.6280991735537,49.1239669421488,0.132231404958678,1.91735537190083
"Pennington County","12-31-2021",1751914,2769,2396,2524,1321,1353,1323,1322,1319,1351,1,54,86.5294330083062,91.1520404478151,47.7067533405562,48.8624052004334,47.7789815817985,47.7428674611773,47.6345250993138,48.790176959191,0.0361141206211629,1.9501625135428
"Pennington County","12-31-2022",1798017,2921,2630,2754,1357,1409,1366,1370,1257,1408,3,59,90.0376583361862,94.2827798699076,46.4566929133858,48.2369051694625,46.7648065730914,46.901745977405,43.033207805546,48.2026703183841,0.102704553235193,2.01985621362547
"Pennington County","12-31-2023",1890223,2835,2600,2679,1293,1435,1298,1297,1291,1422,11,78,91.710758377425,94.4973544973545,45.6084656084656,50.6172839506173,45.7848324514991,45.7495590828924,45.5379188712522,50.1587301587302,0.388007054673721,2.75132275132275
"Pennington County","12-31-2024",1751914,2793,2572,2644,1239,1403,1243,1243,1240,1399,3,115,92.0873612602936,94.6652345148586,44.3609022556391,50.2327246688149,44.5041174364483,44.5041174364483,44.3967060508414,50.0895094880057,0.107411385606874,4.11743644826352
"Perkins County","12-31-2018",92210,61,52,60,30,29,30,31,30,29,0,2,85.2459016393443,98.3606557377049,49.1803278688525,47.5409836065574,49.1803278688525,50.8196721311475,49.1803278688525,47.5409836065574,0,3.27868852459016
"Perkins County","12-31-2019",92210,65,63,65,29,34,29,29,29,34,0,2,96.9230769230769,100,44.6153846153846,52.3076923076923,44.6153846153846,44.6153846153846,44.6153846153846,52.3076923076923,0,3.07692307692308
"Perkins County","12-31-2020",92210,53,51,52,26,26,26,26,26,26,0,1,96.2264150943396,98.1132075471698,49.0566037735849,49.0566037735849,49.0566037735849,49.0566037735849,49.0566037735849,49.0566037735849,0,1.88679245283019
"Perkins County","12-31-2021",92210,68,59,65,25,39,25,25,25,40,0,3,86.7647058823529,95.5882352941177,36.7647058823529,57.3529411764706,36.7647058823529,36.7647058823529,36.7647058823529,58.8235294117647,0,4.41176470588235
"Perkins County","12-31-2022",92210,72,57,58,33,34,33,33,33,34,0,4,79.1666666666667,80.5555555555556,45.8333333333333,47.2222222222222,45.8333333333333,45.8333333333333,45.8333333333333,47.2222222222222,0,5.55555555555556
"Perkins County","12-31-2023",92210,54,45,50,26,25,26,26,26,25,0,3,83.3333333333333,92.5925925925926,48.1481481481481,46.2962962962963,48.1481481481481,48.1481481481481,48.1481481481481,46.2962962962963,0,5.55555555555556
"Perkins County","12-31-2024",92210,64,60,64,32,30,31,29,30,29,0,3,93.75,100,50,46.875,48.4375,45.3125,46.875,45.3125,0,4.6875
"Potter County","12-31-2018",92214,44,25,43,24,19,24,23,23,19,0,1,56.8181818181818,97.7272727272727,54.5454545454545,43.1818181818182,54.5454545454545,52.2727272727273,52.2727272727273,43.1818181818182,0,2.27272727272727
"Potter County","12-31-2019",92214,55,30,53,27,28,27,27,27,28,0,0,54.5454545454545,96.3636363636364,49.0909090909091,50.9090909090909,49.0909090909091,49.0909090909091,49.0909090909091,50.9090909090909,0,0
"Potter County","12-31-2020",92214,53,31,53,26,27,26,26,26,27,0,0,58.4905660377358,100,49.0566037735849,50.9433962264151,49.0566037735849,49.0566037735849,49.0566037735849,50.9433962264151,0,0
"Potter County","12-31-2021",92214,41,28,41,19,22,17,18,17,22,0,2,68.2926829268293,100,46.3414634146341,53.6585365853659,41.4634146341463,43.9024390243902,41.4634146341463,53.6585365853659,0,4.8780487804878
"Potter County","12-31-2022",92214,61,49,59,35,24,35,35,35,24,0,1,80.327868852459,96.7213114754098,57.3770491803279,39.344262295082,57.3770491803279,57.3770491803279,57.3770491803279,39.344262295082,0,1.63934426229508
"Potter County","12-31-2023",92214,41,30,40,18,22,18,18,18,22,0,0,73.1707317073171,97.5609756097561,43.9024390243902,53.6585365853659,43.9024390243902,43.9024390243902,43.9024390243902,53.6585365853659,0,0
"Potter County","12-31-2024",138321,49,44,48,24,20,24,24,24,20,0,4,89.7959183673469,97.9591836734694,48.9795918367347,40.8163265306122,48.9795918367347,48.9795918367347,48.9795918367347,40.8163265306122,0,8.16326530612245
"Roberts County","12-31-2018",368872,356,305,349,190,156,190,190,187,155,1,6,85.6741573033708,98.0337078651685,53.3707865168539,43.8202247191011,53.3707865168539,53.3707865168539,52.5280898876404,43.5393258426966,0.280898876404494,1.68539325842697
"Roberts County","12-31-2019",276654,271,229,262,142,124,144,144,142,123,0,4,84.5018450184502,96.6789667896679,52.3985239852399,45.7564575645756,53.1365313653137,53.1365313653137,52.3985239852399,45.3874538745387,0,1.4760147601476
"Roberts County","12-31-2020",276654,245,220,237,117,121,118,118,116,121,0,7,89.7959183673469,96.734693877551,47.7551020408163,49.3877551020408,48.1632653061224,48.1632653061224,47.3469387755102,49.3877551020408,0,2.85714285714286
"Roberts County","12-31-2021",276654,227,202,220,112,104,113,112,112,104,0,9,88.9867841409692,96.9162995594714,49.3392070484581,45.8149779735683,49.7797356828194,49.3392070484581,49.3392070484581,45.8149779735683,0,3.9647577092511
"Roberts County","12-31-2022",276654,251,230,244,132,111,132,132,132,111,0,9,91.6334661354582,97.211155378486,52.5896414342629,44.2231075697211,52.5896414342629,52.5896414342629,52.5896414342629,44.2231075697211,0,3.58565737051793
"Roberts County","12-31-2023",276654,253,223,242,128,105,128,130,130,105,0,8,88.1422924901186,95.6521739130435,50.5928853754941,41.501976284585,50.5928853754941,51.3833992094862,51.3833992094862,41.501976284585,0,3.16205533596838
"Roberts County","12-31-2024",368872,271,242,256,121,117,122,123,123,116,0,16,89.2988929889299,94.4649446494465,44.6494464944649,43.1734317343173,45.0184501845018,45.3874538745387,45.3874538745387,42.8044280442804,0,5.90405904059041
"Sanborn County","12-31-2018",184444,61,50,59,27,27,27,27,27,27,0,2,81.9672131147541,96.7213114754098,44.2622950819672,44.2622950819672,44.2622950819672,44.2622950819672,44.2622950819672,44.2622950819672,0,3.27868852459016
"Sanborn County","12-31-2019",184444,77,71,74,40,24,39,40,41,24,0,2,92.2077922077922,96.1038961038961,51.9480519480519,31.1688311688312,50.6493506493506,51.9480519480519,53.2467532467532,31.1688311688312,0,2.5974025974026
"Sanborn County","12-31-2020",184444,81,73,79,38,31,38,38,39,30,0,4,90.1234567901235,97.5308641975309,46.9135802469136,38.2716049382716,46.9135802469136,46.9135802469136,48.1481481481481,37.037037037037,0,4.93827160493827
"Sanborn County","12-31-2021",184444,58,51,53,34,20,34,34,32,20,0,4,87.9310344827586,91.3793103448276,58.6206896551724,34.4827586206897,58.6206896551724,58.6206896551724,55.1724137931034,34.4827586206897,0,6.89655172413793
"Sanborn County","12-31-2022",184444,83,71,76,37,26,37,37,37,25,0,0,85.5421686746988,91.566265060241,44.578313253012,31.3253012048193,44.578313253012,44.578313253012,44.578313253012,30.1204819277108,0,0
"Sanborn County","12-31-2023",184444,69,57,59,30,23,30,29,30,23,0,0,82.6086956521739,85.5072463768116,43.4782608695652,33.3333333333333,43.4782608695652,42.0289855072464,43.4782608695652,33.3333333333333,0,0
"Sanborn County","12-31-2024",184444,66,56,65,22,25,22,21,21,26,0,0,84.8484848484848,98.4848484848485,33.3333333333333,37.8787878787879,33.3333333333333,31.8181818181818,31.8181818181818,39.3939393939394,0,0
"Spink County","12-31-2018",415035,75,34,65,39,32,39,39,39,32,0,1,45.3333333333333,86.6666666666667,52,42.6666666666667,52,52,52,42.6666666666667,0,1.33333333333333
"Spink County","12-31-2019",368920,77,52,73,33,28,33,33,33,27,0,3,67.5324675324675,94.8051948051948,42.8571428571429,36.3636363636364,42.8571428571429,42.8571428571429,42.8571428571429,35.0649350649351,0,3.8961038961039
"Spink County","12-31-2020",368920,77,57,76,34,38,34,33,32,39,0,3,74.025974025974,98.7012987012987,44.1558441558442,49.3506493506493,44.1558441558442,42.8571428571429,41.5584415584416,50.6493506493506,0,3.8961038961039
"Spink County","12-31-2021",368920,65,52,64,22,26,22,22,22,26,0,2,80,98.4615384615385,33.8461538461538,40,33.8461538461538,33.8461538461538,33.8461538461538,40,0,3.07692307692308
"Spink County","12-31-2022",368920,77,48,64,24,24,24,24,24,24,0,0,62.3376623376623,83.1168831168831,31.1688311688312,31.1688311688312,31.1688311688312,31.1688311688312,31.1688311688312,31.1688311688312,0,0
"Spink County","12-31-2023",415035,71,47,67,30,23,30,31,31,23,0,11,66.1971830985916,94.3661971830986,42.2535211267606,32.3943661971831,42.2535211267606,43.6619718309859,43.6619718309859,32.3943661971831,0,15.4929577464789
"Spink County","12-31-2024",415035,124,88,112,73,28,73,73,73,28,0,15,70.9677419354839,90.3225806451613,58.8709677419355,22.5806451612903,58.8709677419355,58.8709677419355,58.8709677419355,22.5806451612903,0,12.0967741935484
"Stanley County","12-31-2018",138351,55,32,56,32,18,31,32,32,18,0,0,58.1818181818182,101.818181818182,58.1818181818182,32.7272727272727,56.3636363636364,58.1818181818182,58.1818181818182,32.7272727272727,0,0
"Stanley County","12-31-2019",138351,73,45,73,30,39,30,30,30,39,0,0,61.6438356164384,100,41.0958904109589,53.4246575342466,41.0958904109589,41.0958904109589,41.0958904109589,53.4246575342466,0,0
"Stanley County","12-31-2020",138351,58,43,55,24,30,24,23,23,30,0,0,74.1379310344828,94.8275862068966,41.3793103448276,51.7241379310345,41.3793103448276,39.6551724137931,39.6551724137931,51.7241379310345,0,0
"Stanley County","12-31-2021",138351,59,43,57,27,23,27,27,27,23,0,0,72.8813559322034,96.6101694915254,45.7627118644068,38.9830508474576,45.7627118644068,45.7627118644068,45.7627118644068,38.9830508474576,0,0
"Stanley County","12-31-2022",138351,64,53,61,30,23,30,30,30,23,0,0,82.8125,95.3125,46.875,35.9375,46.875,46.875,46.875,35.9375,0,0
"Stanley County","12-31-2023",138351,64,47,59,27,28,27,27,27,27,0,0,73.4375,92.1875,42.1875,43.75,42.1875,42.1875,42.1875,42.1875,0,0
"Stanley County","12-31-2024",138351,72,66,70,37,27,37,37,37,27,0,2,91.6666666666667,97.2222222222222,51.3888888888889,37.5,51.3888888888889,51.3888888888889,51.3888888888889,37.5,0,2.77777777777778
"Sully County","12-31-2018",46119,31,15,28,13,16,13,13,12,16,0,1,48.3870967741936,90.3225806451613,41.9354838709677,51.6129032258064,41.9354838709677,41.9354838709677,38.7096774193548,51.6129032258064,0,3.2258064516129
"Sully County","12-31-2019",46119,38,22,33,11,20,11,12,10,20,0,3,57.8947368421053,86.8421052631579,28.9473684210526,52.6315789473684,28.9473684210526,31.578947368421,26.3157894736842,52.6315789473684,0,7.89473684210526
"Sully County","12-31-2020",92238,41,30,40,10,28,10,10,9,28,0,0,73.1707317073171,97.5609756097561,24.390243902439,68.2926829268293,24.390243902439,24.390243902439,21.9512195121951,68.2926829268293,0,0
"Sully County","12-31-2021",92238,34,26,32,15,17,15,14,14,17,0,2,76.4705882352941,94.1176470588235,44.1176470588235,50,44.1176470588235,41.1764705882353,41.1764705882353,50,0,5.88235294117647
"Sully County","12-31-2022",92238,18,15,18,7,10,7,7,7,10,0,1,83.3333333333333,100,38.8888888888889,55.5555555555556,38.8888888888889,38.8888888888889,38.8888888888889,55.5555555555556,0,5.55555555555556
"Sully County","12-31-2023",92238,33,25,32,8,23,8,8,8,22,0,1,75.7575757575758,96.969696969697,24.2424242424242,69.6969696969697,24.2424242424242,24.2424242424242,24.2424242424242,66.6666666666667,0,3.03030303030303
"Sully County","12-31-2024",92238,32,28,30,13,14,14,14,14,14,0,0,87.5,93.75,40.625,43.75,43.75,43.75,43.75,43.75,0,0
"Todd County","12-31-2018",553452,469,445,466,236,218,236,236,231,219,1,2,94.8827292110874,99.3603411513859,50.319829424307,46.4818763326226,50.319829424307,50.319829424307,49.2537313432836,46.6950959488273,0.213219616204691,0.426439232409382
"Todd County","12-31-2019",553452,478,383,411,248,205,248,250,248,205,0,0,80.1255230125523,85.9832635983264,51.8828451882845,42.8870292887029,51.8828451882845,52.3012552301255,51.8828451882845,42.8870292887029,0,0
"Todd County","12-31-2020",553452,508,482,499,256,221,256,257,257,221,0,2,94.8818897637795,98.2283464566929,50.3937007874016,43.503937007874,50.3937007874016,50.5905511811024,50.5905511811024,43.503937007874,0,0.393700787401575
"Todd County","12-31-2021",599573,426,411,419,181,152,180,187,187,152,0,0,96.4788732394366,98.3568075117371,42.4882629107981,35.6807511737089,42.2535211267606,43.8967136150235,43.8967136150235,35.6807511737089,0,0
"Todd County","12-31-2022",553452,442,411,430,215,158,214,213,213,157,0,0,92.9864253393665,97.2850678733032,48.6425339366516,35.7466063348416,48.4162895927602,48.1900452488688,48.1900452488688,35.5203619909502,0,0
"Todd County","12-31-2023",553452,475,438,463,233,171,233,234,233,173,0,2,92.2105263157895,97.4736842105263,49.0526315789474,36,49.0526315789474,49.2631578947368,49.0526315789474,36.4210526315789,0,0.421052631578947
"Todd County","12-31-2024",691815,442,406,431,207,180,213,208,208,180,1,3,91.8552036199095,97.5113122171946,46.8325791855204,40.7239819004525,48.1900452488688,47.0588235294118,47.0588235294118,40.7239819004525,0.226244343891403,0.678733031674208
"Tripp County","12-31-2018",184492,142,43,141,57,71,57,58,56,71,0,1,30.2816901408451,99.2957746478873,40.1408450704225,50,40.1408450704225,40.8450704225352,39.4366197183099,50,0,0.704225352112676
"Tripp County","12-31-2019",184492,174,71,167,98,68,98,96,96,68,0,3,40.8045977011494,95.9770114942529,56.3218390804598,39.0804597701149,56.3218390804598,55.1724137931034,55.1724137931034,39.0804597701149,0,1.72413793103448
"Tripp County","12-31-2020",184492,174,79,168,94,64,94,94,94,62,0,3,45.4022988505747,96.551724137931,54.0229885057471,36.7816091954023,54.0229885057471,54.0229885057471,54.0229885057471,35.632183908046,0,1.72413793103448
"Tripp County","12-31-2021",184492,158,87,153,91,57,91,91,91,56,0,1,55.0632911392405,96.8354430379747,57.5949367088608,36.0759493670886,57.5949367088608,57.5949367088608,57.5949367088608,35.4430379746835,0,0.632911392405063
"Tripp County","12-31-2022",184492,178,122,174,106,61,106,103,103,61,1,2,68.5393258426966,97.752808988764,59.5505617977528,34.2696629213483,59.5505617977528,57.8651685393258,57.8651685393258,34.2696629213483,0.561797752808989,1.12359550561798
"Tripp County","12-31-2023",184492,181,135,181,113,56,113,113,113,54,0,3,74.585635359116,100,62.4309392265193,30.939226519337,62.4309392265193,62.4309392265193,62.4309392265193,29.8342541436464,0,1.65745856353591
"Tripp County","12-31-2024",184492,174,109,170,94,59,94,94,94,58,0,5,62.6436781609195,97.7011494252874,54.0229885057471,33.9080459770115,54.0229885057471,54.0229885057471,54.0229885057471,33.3333333333333,0,2.8735632183908
"Turner County","12-31-2018",322875,194,145,189,95,92,95,94,94,92,1,2,74.7422680412371,97.4226804123711,48.9690721649485,47.4226804123711,48.9690721649485,48.4536082474227,48.4536082474227,47.4226804123711,0.515463917525773,1.03092783505155
"Turner County","12-31-2019",322875,173,145,167,83,80,83,83,84,80,0,2,83.8150289017341,96.5317919075144,47.9768786127168,46.242774566474,47.9768786127168,47.9768786127168,48.5549132947977,46.242774566474,0,1.15606936416185
"Turner County","12-31-2020",322875,197,164,190,85,93,85,85,82,94,0,4,83.248730964467,96.4467005076142,43.1472081218274,47.2081218274112,43.1472081218274,43.1472081218274,41.6243654822335,47.7157360406091,0,2.03045685279188
"Turner County","12-31-2021",322875,196,170,190,92,91,92,92,92,92,0,5,86.734693877551,96.9387755102041,46.9387755102041,46.4285714285714,46.9387755102041,46.9387755102041,46.9387755102041,46.9387755102041,0,2.55102040816327
"Turner County","12-31-2022",322875,214,178,208,99,94,101,102,101,94,0,5,83.177570093458,97.196261682243,46.2616822429907,43.9252336448598,47.196261682243,47.6635514018692,47.196261682243,43.9252336448598,0,2.33644859813084
"Turner County","12-31-2023",322875,214,192,210,97,99,97,95,94,98,0,6,89.7196261682243,98.1308411214953,45.3271028037383,46.2616822429907,45.3271028037383,44.392523364486,43.9252336448598,45.7943925233645,0,2.80373831775701
"Turner County","12-31-2024",369000,189,159,178,82,89,80,80,80,88,0,8,84.1269841269841,94.1798941798942,43.3862433862434,47.0899470899471,42.3280423280423,42.3280423280423,42.3280423280423,46.5608465608466,0,4.23280423280423
"Union County","12-31-2018",322889,450,362,441,211,236,211,211,210,235,1,2,80.4444444444444,98,46.8888888888889,52.4444444444444,46.8888888888889,46.8888888888889,46.6666666666667,52.2222222222222,0.222222222222222,0.444444444444444
"Union County","12-31-2019",322889,499,438,487,225,259,226,225,225,257,0,12,87.7755511022044,97.5951903807615,45.0901803607214,51.9038076152305,45.2905811623246,45.0901803607214,45.0901803607214,51.503006012024,0,2.40480961923848
"Union County","12-31-2020",322889,434,388,423,202,217,202,204,203,216,1,9,89.4009216589862,97.4654377880184,46.5437788018433,50,46.5437788018433,47.0046082949309,46.7741935483871,49.7695852534562,0.230414746543779,2.07373271889401
"Union County","12-31-2021",322889,462,426,452,189,260,189,189,189,260,0,10,92.2077922077922,97.8354978354978,40.9090909090909,56.2770562770563,40.9090909090909,40.9090909090909,40.9090909090909,56.2770562770563,0,2.16450216450216
"Union County","12-31-2022",322889,446,407,424,201,220,199,201,198,220,0,14,91.2556053811659,95.067264573991,45.067264573991,49.3273542600897,44.6188340807175,45.067264573991,44.3946188340807,49.3273542600897,0,3.1390134529148
"Union County","12-31-2023",322889,444,405,418,194,226,194,195,194,226,0,9,91.2162162162162,94.1441441441441,43.6936936936937,50.9009009009009,43.6936936936937,43.9189189189189,43.6936936936937,50.9009009009009,0,2.02702702702703
"Union County","12-31-2024",322889,445,394,427,200,228,198,198,197,228,0,12,88.5393258426966,95.9550561797753,44.9438202247191,51.2359550561798,44.4943820224719,44.4943820224719,44.2696629213483,51.2359550561798,0,2.69662921348315
"Walworth County","12-31-2018",138387,117,100,112,64,51,64,63,63,51,0,3,85.4700854700855,95.7264957264957,54.7008547008547,43.5897435897436,54.7008547008547,53.8461538461538,53.8461538461538,43.5897435897436,0,2.56410256410256
"Walworth County","12-31-2019",138387,114,91,112,58,54,58,58,58,54,0,1,79.8245614035088,98.2456140350877,50.8771929824561,47.3684210526316,50.8771929824561,50.8771929824561,50.8771929824561,47.3684210526316,0,0.87719298245614
"Walworth County","12-31-2020",138387,106,97,103,62,41,60,62,62,41,0,3,91.5094339622642,97.1698113207547,58.4905660377358,38.6792452830189,56.6037735849057,58.4905660377358,58.4905660377358,38.6792452830189,0,2.83018867924528
"Walworth County","12-31-2021",138387,119,107,117,58,55,58,58,58,57,0,2,89.9159663865546,98.3193277310924,48.7394957983193,46.218487394958,48.7394957983193,48.7394957983193,48.7394957983193,47.8991596638655,0,1.68067226890756
"Walworth County","12-31-2022",138387,125,118,120,65,52,65,65,65,52,0,6,94.4,96,52,41.6,52,52,52,41.6,0,4.8
"Walworth County","12-31-2023",138387,113,107,109,60,46,61,61,61,46,1,5,94.6902654867257,96.4601769911504,53.0973451327434,40.7079646017699,53.9823008849557,53.9823008849557,53.9823008849557,40.7079646017699,0.884955752212389,4.42477876106195
"Walworth County","12-31-2024",184516,115,108,107,56,51,56,56,56,51,0,8,93.9130434782609,93.0434782608696,48.695652173913,44.3478260869565,48.695652173913,48.695652173913,48.695652173913,44.3478260869565,0,6.95652173913043
"Yankton County","12-31-2018",369080,451,338,450,225,219,225,225,223,218,1,3,74.9445676274945,99.7782705099778,49.8891352549889,48.5587583148559,49.8891352549889,49.8891352549889,49.4456762749446,48.3370288248337,0.221729490022173,0.665188470066519
"Yankton County","12-31-2019",369080,493,395,489,234,240,236,238,236,240,1,7,80.1217038539554,99.1886409736308,47.4645030425963,48.6815415821501,47.8701825557809,48.2758620689655,47.8701825557809,48.6815415821501,0.202839756592292,1.41987829614604
"Yankton County","12-31-2020",369080,506,384,435,237,259,239,239,236,259,0,8,75.8893280632411,85.9683794466403,46.8379446640316,51.1857707509881,47.2332015810277,47.2332015810277,46.6403162055336,51.1857707509881,0,1.58102766798419
"Yankton County","12-31-2021",369080,514,441,501,246,239,246,246,246,240,1,7,85.7976653696498,97.4708171206226,47.8599221789883,46.4980544747082,47.8599221789883,47.8599221789883,47.8599221789883,46.692607003891,0.194552529182879,1.36186770428016
"Yankton County","12-31-2022",369080,485,412,475,241,228,240,240,238,228,0,9,84.9484536082474,97.9381443298969,49.6907216494845,47.0103092783505,49.4845360824742,49.4845360824742,49.0721649484536,47.0103092783505,0,1.85567010309278
"Yankton County","12-31-2023",369080,489,423,480,250,216,250,249,249,216,0,14,86.5030674846626,98.159509202454,51.1247443762781,44.1717791411043,51.1247443762781,50.920245398773,50.920245398773,44.1717791411043,0,2.86298568507157
"Yankton County","12-31-2024",415215,505,487,492,251,242,252,252,251,240,2,11,96.4356435643564,97.4257425742574,49.7029702970297,47.9207920792079,49.9009900990099,49.9009900990099,49.7029702970297,47.5247524752475,0.396039603960396,2.17821782178218
"Ziebach County","12-31-2018",92274,217,177,213,32,176,32,32,32,174,1,1,81.5668202764977,98.1566820276498,14.7465437788018,81.1059907834101,14.7465437788018,14.7465437788018,14.7465437788018,80.184331797235,0.460829493087558,0.460829493087558
"Ziebach County","12-31-2019",92274,228,180,215,26,191,26,26,26,191,0,6,78.9473684210526,94.2982456140351,11.4035087719298,83.7719298245614,11.4035087719298,11.4035087719298,11.4035087719298,83.7719298245614,0,2.63157894736842
"Ziebach County","12-31-2020",92274,232,201,216,40,182,40,40,40,182,0,2,86.6379310344828,93.1034482758621,17.2413793103448,78.448275862069,17.2413793103448,17.2413793103448,17.2413793103448,78.448275862069,0,0.862068965517241
"Ziebach County","12-31-2021",92274,240,201,231,34,194,35,34,33,192,0,6,83.75,96.25,14.1666666666667,80.8333333333333,14.5833333333333,14.1666666666667,13.75,80,0,2.5
"Ziebach County","12-31-2022",92274,256,222,244,29,205,29,29,28,208,0,8,86.71875,95.3125,11.328125,80.078125,11.328125,11.328125,10.9375,81.25,0,3.125
"Ziebach County","12-31-2023",92274,267,252,255,38,223,38,38,38,223,0,6,94.3820224719101,95.5056179775281,14.2322097378277,83.5205992509363,14.2322097378277,14.2322097378277,14.2322097378277,83.5205992509363,0,2.24719101123596
"Ziebach County","12-31-2024",92274,275,255,262,40,228,40,40,40,225,0,8,92.7272727272727,95.2727272727273,14.5454545454545,82.9090909090909,14.5454545454545,14.5454545454545,14.5454545454545,81.8181818181818,0,2.90909090909091
