time	geography	geography_name	grade	N_dtap	N_polio	N_mmr	N_hep_b	N_varicella	N_personal_exempt	N_medical_exempt	N_full_exempt	pct_dtap	pct_polio	pct_mmr	pct_hep_b	pct_varicella	pct_personal_exempt	pct_medical_exempt	pct_full_exempt	enrollment
2020-09-01	37001	Alamance	Kindergarten	NA	NA	NA	NA	NA	11	2	13	NA	NA	NA	NA	NA	0.591715976331361	0.10758472296933802	0.6993006993006989	1859
2021-09-01	37001	Alamance	Kindergarten	NA	NA	NA	NA	NA	29	2	31	NA	NA	NA	NA	NA	1.4320987654320998	0.09876543209876538	1.5308641975308652	2025
2022-09-01	37001	Alamance	Kindergarten	NA	NA	NA	NA	NA	33	6	39	NA	NA	NA	NA	NA	1.75252257036644	0.31864046733935203	2.071163037705792	1883
2023-09-01	37001	Alamance	Kindergarten	NA	NA	NA	NA	NA	46	2	48	NA	NA	NA	NA	NA	2.2104757328207603	0.09610764055742431	2.3065833733781846	2081
2020-09-01	37003	Alexander	Kindergarten	NA	NA	NA	NA	NA	1	0	1	NA	NA	NA	NA	NA	0.3584229390681001	0	0.3584229390681001	279
2021-09-01	37003	Alexander	Kindergarten	NA	NA	NA	NA	NA	2	0	2	NA	NA	NA	NA	NA	0.604229607250755	0	0.604229607250755	331
2022-09-01	37003	Alexander	Kindergarten	NA	NA	NA	NA	NA	4	0	4	NA	NA	NA	NA	NA	1.23456790123457	0	1.23456790123457	324
2023-09-01	37003	Alexander	Kindergarten	NA	NA	NA	NA	NA	13	0	13	NA	NA	NA	NA	NA	3.714285714285711	0	3.714285714285711	350
2020-09-01	37005	Alleghany	Kindergarten	NA	NA	NA	NA	NA	1	0	1	NA	NA	NA	NA	NA	1.03092783505155	0	1.03092783505155	97
2021-09-01	37005	Alleghany	Kindergarten	NA	NA	NA	NA	NA	1	0	1	NA	NA	NA	NA	NA	1.8867924528301903	0	1.8867924528301903	53
2022-09-01	37005	Alleghany	Kindergarten	NA	NA	NA	NA	NA	2	0	2	NA	NA	NA	NA	NA	4.347826086956521	0	4.347826086956521	46
2023-09-01	37005	Alleghany	Kindergarten	NA	NA	NA	NA	NA	5	0	5	NA	NA	NA	NA	NA	4.807692307692309	0	4.807692307692309	104
2020-09-01	37007	Anson	Kindergarten	NA	NA	NA	NA	NA	0	1	1	NA	NA	NA	NA	NA	0	0.45662100456621	0.45662100456621	219
2021-09-01	37007	Anson	Kindergarten	NA	NA	NA	NA	NA	0	0	0	NA	NA	NA	NA	NA	0	0	0	223
2022-09-01	37007	Anson	Kindergarten	NA	NA	NA	NA	NA	4	0	4	NA	NA	NA	NA	NA	1.60642570281125	0	1.60642570281125	249
2023-09-01	37007	Anson	Kindergarten	NA	NA	NA	NA	NA	4	0	4	NA	NA	NA	NA	NA	1.8099547511312197	0	1.8099547511312197	221
2020-09-01	37009	Ashe	Kindergarten	NA	NA	NA	NA	NA	1	2	3	NA	NA	NA	NA	NA	0.531914893617021	1.06382978723404	1.5957446808510611	188
2021-09-01	37009	Ashe	Kindergarten	NA	NA	NA	NA	NA	1	0	1	NA	NA	NA	NA	NA	0.5747126436781612	0	0.5747126436781612	174
2022-09-01	37009	Ashe	Kindergarten	NA	NA	NA	NA	NA	2	1	3	NA	NA	NA	NA	NA	1.0928961748633896	0.546448087431694	1.6393442622950838	183
2023-09-01	37009	Ashe	Kindergarten	NA	NA	NA	NA	NA	5	0	5	NA	NA	NA	NA	NA	3.08641975308642	0	3.08641975308642	162
2020-09-01	37011	Avery	Kindergarten	NA	NA	NA	NA	NA	1	0	1	NA	NA	NA	NA	NA	0.9345794392523359	0	0.9345794392523359	107
2021-09-01	37011	Avery	Kindergarten	NA	NA	NA	NA	NA	4	0	4	NA	NA	NA	NA	NA	2.4539877300613497	0	2.4539877300613497	163
2022-09-01	37011	Avery	Kindergarten	NA	NA	NA	NA	NA	3	0	3	NA	NA	NA	NA	NA	2.0979020979021	0	2.0979020979021	143
2023-09-01	37011	Avery	Kindergarten	NA	NA	NA	NA	NA	5	0	5	NA	NA	NA	NA	NA	3.3333333333333304	0	3.3333333333333304	150
2020-09-01	37013	Beaufort	Kindergarten	NA	NA	NA	NA	NA	4	0	4	NA	NA	NA	NA	NA	0.8421052631578949	0	0.8421052631578949	475
2021-09-01	37013	Beaufort	Kindergarten	NA	NA	NA	NA	NA	5	1	6	NA	NA	NA	NA	NA	1.1037527593819	0.22075055187638007	1.3245033112582802	453
2022-09-01	37013	Beaufort	Kindergarten	NA	NA	NA	NA	NA	11	0	11	NA	NA	NA	NA	NA	1.91304347826087	0	1.91304347826087	575
2023-09-01	37013	Beaufort	Kindergarten	NA	NA	NA	NA	NA	10	1	11	NA	NA	NA	NA	NA	2.18818380743983	0.21881838074398302	2.4070021881838133	457
2020-09-01	37015	Bertie	Kindergarten	NA	NA	NA	NA	NA	4	0	4	NA	NA	NA	NA	NA	2.98507462686567	0	2.98507462686567	134
2021-09-01	37015	Bertie	Kindergarten	NA	NA	NA	NA	NA	0	0	0	NA	NA	NA	NA	NA	0	0	0	149
2022-09-01	37015	Bertie	Kindergarten	NA	NA	NA	NA	NA	1	0	1	NA	NA	NA	NA	NA	0.8403361344537819	0	0.8403361344537819	119
2023-09-01	37015	Bertie	Kindergarten	NA	NA	NA	NA	NA	1	1	2	NA	NA	NA	NA	NA	0.6369426751592361	0.6369426751592361	1.2738853503184722	157
2020-09-01	37017	Bladen	Kindergarten	NA	NA	NA	NA	NA	0	0	0	NA	NA	NA	NA	NA	0	0	0	307
2021-09-01	37017	Bladen	Kindergarten	NA	NA	NA	NA	NA	0	0	0	NA	NA	NA	NA	NA	0	0	0	324
2022-09-01	37017	Bladen	Kindergarten	NA	NA	NA	NA	NA	3	0	3	NA	NA	NA	NA	NA	0.884955752212389	0	0.884955752212389	339
2023-09-01	37017	Bladen	Kindergarten	NA	NA	NA	NA	NA	8	0	8	NA	NA	NA	NA	NA	2.06185567010309	0	2.06185567010309	388
2020-09-01	37019	Brunswick	Kindergarten	NA	NA	NA	NA	NA	16	1	17	NA	NA	NA	NA	NA	1.5458937198067597	0.0966183574879227	1.6425120772946824	1035
2021-09-01	37019	Brunswick	Kindergarten	NA	NA	NA	NA	NA	23	0	23	NA	NA	NA	NA	NA	2.4811218985976295	0	2.4811218985976295	927
2022-09-01	37019	Brunswick	Kindergarten	NA	NA	NA	NA	NA	35	1	36	NA	NA	NA	NA	NA	3.125	0.08928571428571433	3.2142857142857144	1120
2023-09-01	37019	Brunswick	Kindergarten	NA	NA	NA	NA	NA	31	0	31	NA	NA	NA	NA	NA	2.6586620926243603	0	2.6586620926243603	1166
2020-09-01	37021	Buncombe	Kindergarten	NA	NA	NA	NA	NA	102	2	104	NA	NA	NA	NA	NA	4.4973544973545	0.0881834215167549	4.585537918871255	2268
2021-09-01	37021	Buncombe	Kindergarten	NA	NA	NA	NA	NA	125	2	127	NA	NA	NA	NA	NA	5.58534405719392	0.08936550491510278	5.6747095621090224	2238
2022-09-01	37021	Buncombe	Kindergarten	NA	NA	NA	NA	NA	120	2	122	NA	NA	NA	NA	NA	5.390835579514832	0.08984725965858041	5.480682839173412	2226
2023-09-01	37021	Buncombe	Kindergarten	NA	NA	NA	NA	NA	129	1	130	NA	NA	NA	NA	NA	5.65045992115637	0.04380201489268509	5.694261936049055	2283
2020-09-01	37023	Burke	Kindergarten	NA	NA	NA	NA	NA	10	0	10	NA	NA	NA	NA	NA	1.16279069767442	0	1.16279069767442	860
2021-09-01	37023	Burke	Kindergarten	NA	NA	NA	NA	NA	6	1	7	NA	NA	NA	NA	NA	0.6849315068493151	0.11415525114155298	0.7990867579908681	876
2022-09-01	37023	Burke	Kindergarten	NA	NA	NA	NA	NA	12	1	13	NA	NA	NA	NA	NA	1.2875536480686702	0.10729613733905603	1.3948497854077262	932
2023-09-01	37023	Burke	Kindergarten	NA	NA	NA	NA	NA	19	0	19	NA	NA	NA	NA	NA	2.10176991150443	0	2.10176991150443	904
2020-09-01	37025	Cabarrus	Kindergarten	NA	NA	NA	NA	NA	45	2	47	NA	NA	NA	NA	NA	1.74148606811146	0.0773993808049536	1.8188854489164135	2584
2021-09-01	37025	Cabarrus	Kindergarten	NA	NA	NA	NA	NA	79	3	82	NA	NA	NA	NA	NA	2.4557040721168804	0.09325458501709669	2.548958657133977	3217
2022-09-01	37025	Cabarrus	Kindergarten	NA	NA	NA	NA	NA	85	3	88	NA	NA	NA	NA	NA	2.6746381371931993	0.09439899307740718	2.7690371302706067	3178
2023-09-01	37025	Cabarrus	Kindergarten	NA	NA	NA	NA	NA	97	2	99	NA	NA	NA	NA	NA	3.06090249289997	0.06311139160618488	3.124013884506155	3169
2020-09-01	37027	Caldwell	Kindergarten	NA	NA	NA	NA	NA	4	0	4	NA	NA	NA	NA	NA	0.6849315068493151	0	0.6849315068493151	584
2021-09-01	37027	Caldwell	Kindergarten	NA	NA	NA	NA	NA	7	0	7	NA	NA	NA	NA	NA	1.01449275362319	0	1.01449275362319	690
2022-09-01	37027	Caldwell	Kindergarten	NA	NA	NA	NA	NA	19	2	21	NA	NA	NA	NA	NA	2.32843137254902	0.24509803921568601	2.573529411764706	816
2023-09-01	37027	Caldwell	Kindergarten	NA	NA	NA	NA	NA	17	1	18	NA	NA	NA	NA	NA	2.3513139695712297	0.13831258644536698	2.4896265560165967	723
2020-09-01	37029	Camden	Kindergarten	NA	NA	NA	NA	NA	2	0	2	NA	NA	NA	NA	NA	1.7094017094017107	0	1.7094017094017107	117
2021-09-01	37029	Camden	Kindergarten	NA	NA	NA	NA	NA	2	0	2	NA	NA	NA	NA	NA	1.4598540145985401	0	1.4598540145985401	137
2022-09-01	37029	Camden	Kindergarten	NA	NA	NA	NA	NA	3	1	4	NA	NA	NA	NA	NA	2.36220472440945	0.7874015748031501	3.1496062992126	127
2023-09-01	37029	Camden	Kindergarten	NA	NA	NA	NA	NA	2	0	2	NA	NA	NA	NA	NA	1.4388489208633097	0	1.4388489208633097	139
2020-09-01	37031	Carteret	Kindergarten	NA	NA	NA	NA	NA	4	0	4	NA	NA	NA	NA	NA	0.7246376811594202	0	0.7246376811594202	552
2021-09-01	37031	Carteret	Kindergarten	NA	NA	NA	NA	NA	11	0	11	NA	NA	NA	NA	NA	2.0952380952381002	0	2.0952380952381002	525
2022-09-01	37031	Carteret	Kindergarten	NA	NA	NA	NA	NA	10	1	11	NA	NA	NA	NA	NA	1.6181229773462795	0.161812297734628	1.7799352750809074	618
2023-09-01	37031	Carteret	Kindergarten	NA	NA	NA	NA	NA	9	15	24	NA	NA	NA	NA	NA	1.5437392795883402	2.57289879931389	4.1166380789022305	583
2020-09-01	37033	Caswell	Kindergarten	NA	NA	NA	NA	NA	1	0	1	NA	NA	NA	NA	NA	0.628930817610063	0	0.628930817610063	159
2021-09-01	37033	Caswell	Kindergarten	NA	NA	NA	NA	NA	1	0	1	NA	NA	NA	NA	NA	0.6172839506172839	0	0.6172839506172839	162
2022-09-01	37033	Caswell	Kindergarten	NA	NA	NA	NA	NA	3	0	3	NA	NA	NA	NA	NA	1.5463917525773196	0	1.5463917525773196	194
2023-09-01	37033	Caswell	Kindergarten	NA	NA	NA	NA	NA	4	0	4	NA	NA	NA	NA	NA	2.4390243902439	0	2.4390243902439	164
2020-09-01	37035	Catawba	Kindergarten	NA	NA	NA	NA	NA	23	1	24	NA	NA	NA	NA	NA	1.4483627204030198	0.0629722921914358	1.5113350125944556	1588
2021-09-01	37035	Catawba	Kindergarten	NA	NA	NA	NA	NA	39	1	40	NA	NA	NA	NA	NA	2.16907675194661	0.0556173526140156	2.2246941045606254	1798
2022-09-01	37035	Catawba	Kindergarten	NA	NA	NA	NA	NA	48	1	49	NA	NA	NA	NA	NA	3.0360531309297905	0.06325110689437069	3.0993042378241613	1581
2023-09-01	37035	Catawba	Kindergarten	NA	NA	NA	NA	NA	44	3	47	NA	NA	NA	NA	NA	2.6394721055788803	0.17996400719855998	2.8194361127774403	1667
2020-09-01	37037	Chatham	Kindergarten	NA	NA	NA	NA	NA	10	1	11	NA	NA	NA	NA	NA	1.40252454417952	0.14025245441795203	1.542776998597472	713
2021-09-01	37037	Chatham	Kindergarten	NA	NA	NA	NA	NA	15	0	15	NA	NA	NA	NA	NA	1.8541409147095207	0	1.8541409147095207	809
2022-09-01	37037	Chatham	Kindergarten	NA	NA	NA	NA	NA	22	0	22	NA	NA	NA	NA	NA	2.77777777777778	0	2.77777777777778	792
2023-09-01	37037	Chatham	Kindergarten	NA	NA	NA	NA	NA	21	0	21	NA	NA	NA	NA	NA	2.67175572519084	0	2.67175572519084	786
2020-09-01	37039	Cherokee	Kindergarten	NA	NA	NA	NA	NA	6	0	6	NA	NA	NA	NA	NA	3.3333333333333304	0	3.3333333333333304	180
2021-09-01	37039	Cherokee	Kindergarten	NA	NA	NA	NA	NA	17	0	17	NA	NA	NA	NA	NA	6.9958847736625485	0	6.9958847736625485	243
2022-09-01	37039	Cherokee	Kindergarten	NA	NA	NA	NA	NA	15	0	15	NA	NA	NA	NA	NA	6.25	0	6.25	240
2023-09-01	37039	Cherokee	Kindergarten	NA	NA	NA	NA	NA	15	0	15	NA	NA	NA	NA	NA	6.43776824034335	0	6.43776824034335	233
2020-09-01	37041	Chowan	Kindergarten	NA	NA	NA	NA	NA	1	0	1	NA	NA	NA	NA	NA	0.7246376811594202	0	0.7246376811594202	138
2021-09-01	37041	Chowan	Kindergarten	NA	NA	NA	NA	NA	3	0	3	NA	NA	NA	NA	NA	2.04081632653061	0	2.04081632653061	147
2022-09-01	37041	Chowan	Kindergarten	NA	NA	NA	NA	NA	7	0	7	NA	NA	NA	NA	NA	4.794520547945209	0	4.794520547945209	146
2023-09-01	37041	Chowan	Kindergarten	NA	NA	NA	NA	NA	9	0	9	NA	NA	NA	NA	NA	6.71641791044776	0	6.71641791044776	134
2020-09-01	37043	Clay	Kindergarten	NA	NA	NA	NA	NA	1	2	3	NA	NA	NA	NA	NA	1.20481927710843	2.4096385542168703	3.6144578313253004	83
2022-09-01	37043	Clay	Kindergarten	NA	NA	NA	NA	NA	4	0	4	NA	NA	NA	NA	NA	3.7037037037037	0	3.7037037037037	108
2023-09-01	37043	Clay	Kindergarten	NA	NA	NA	NA	NA	7	1	8	NA	NA	NA	NA	NA	6.54205607476635	0.9345794392523359	7.476635514018686	107
2020-09-01	37045	Cleveland	Kindergarten	NA	NA	NA	NA	NA	16	3	19	NA	NA	NA	NA	NA	1.7075773745997902	0.32017075773746007	2.0277481323372504	937
2021-09-01	37045	Cleveland	Kindergarten	NA	NA	NA	NA	NA	6	1	7	NA	NA	NA	NA	NA	0.7741935483870971	0.129032258064516	0.9032258064516131	775
2022-09-01	37045	Cleveland	Kindergarten	NA	NA	NA	NA	NA	17	0	17	NA	NA	NA	NA	NA	1.5004413062665498	0	1.5004413062665498	1133
2023-09-01	37045	Cleveland	Kindergarten	NA	NA	NA	NA	NA	24	0	24	NA	NA	NA	NA	NA	2.02020202020202	0	2.02020202020202	1188
2020-09-01	37047	Columbus	Kindergarten	NA	NA	NA	NA	NA	2	1	3	NA	NA	NA	NA	NA	0.32679738562091504	0.16339869281045802	0.49019607843137303	612
2021-09-01	37047	Columbus	Kindergarten	NA	NA	NA	NA	NA	5	0	5	NA	NA	NA	NA	NA	0.8333333333333329	0	0.8333333333333329	600
2022-09-01	37047	Columbus	Kindergarten	NA	NA	NA	NA	NA	10	0	10	NA	NA	NA	NA	NA	1.6891891891891897	0	1.6891891891891897	592
2023-09-01	37047	Columbus	Kindergarten	NA	NA	NA	NA	NA	12	0	12	NA	NA	NA	NA	NA	2.07972270363952	0	2.07972270363952	577
2020-09-01	37049	Craven	Kindergarten	NA	NA	NA	NA	NA	16	0	16	NA	NA	NA	NA	NA	1.5857284440039598	0	1.5857284440039598	1009
2021-09-01	37049	Craven	Kindergarten	NA	NA	NA	NA	NA	19	0	19	NA	NA	NA	NA	NA	1.89431704885344	0	1.89431704885344	1003
2022-09-01	37049	Craven	Kindergarten	NA	NA	NA	NA	NA	25	1	26	NA	NA	NA	NA	NA	2.21238938053097	0.08849557522123891	2.300884955752209	1130
2023-09-01	37049	Craven	Kindergarten	NA	NA	NA	NA	NA	33	4	37	NA	NA	NA	NA	NA	3.12204351939451	0.3784295175023651	3.5004730368968753	1057
2020-09-01	37051	Cumberland	Kindergarten	NA	NA	NA	NA	NA	34	1	35	NA	NA	NA	NA	NA	0.925925925925926	0.027233115468409598	0.9531590413943356	3672
2021-09-01	37051	Cumberland	Kindergarten	NA	NA	NA	NA	NA	46	3	49	NA	NA	NA	NA	NA	1.24695039306045	0.0813228517213337	1.3282732447817838	3689
2022-09-01	37051	Cumberland	Kindergarten	NA	NA	NA	NA	NA	86	1	87	NA	NA	NA	NA	NA	2.0249587944431395	0.023546032493524802	2.0485048269366644	4247
2023-09-01	37051	Cumberland	Kindergarten	NA	NA	NA	NA	NA	88	5	93	NA	NA	NA	NA	NA	2.20275344180225	0.12515644555694602	2.327909887359196	3995
2020-09-01	37053	Currituck	Kindergarten	NA	NA	NA	NA	NA	5	2	7	NA	NA	NA	NA	NA	1.5337423312883403	0.6134969325153369	2.147239263803677	326
2021-09-01	37053	Currituck	Kindergarten	NA	NA	NA	NA	NA	10	2	12	NA	NA	NA	NA	NA	2.6666666666666705	0.5333333333333331	3.2000000000000037	375
2022-09-01	37053	Currituck	Kindergarten	NA	NA	NA	NA	NA	9	2	11	NA	NA	NA	NA	NA	2.6470588235294104	0.5882352941176472	3.2352941176470575	340
2023-09-01	37053	Currituck	Kindergarten	NA	NA	NA	NA	NA	5	2	7	NA	NA	NA	NA	NA	1.5723270440251595	0.628930817610063	2.2012578616352227	318
2020-09-01	37055	Dare	Kindergarten	NA	NA	NA	NA	NA	7	0	7	NA	NA	NA	NA	NA	2.0348837209302295	0	2.0348837209302295	344
2021-09-01	37055	Dare	Kindergarten	NA	NA	NA	NA	NA	14	2	16	NA	NA	NA	NA	NA	3.966005665722379	0.56657223796034	4.532577903682719	353
2022-09-01	37055	Dare	Kindergarten	NA	NA	NA	NA	NA	14	0	14	NA	NA	NA	NA	NA	3.966005665722379	0	3.966005665722379	353
2023-09-01	37055	Dare	Kindergarten	NA	NA	NA	NA	NA	4	0	4	NA	NA	NA	NA	NA	1.2903225806451601	0	1.2903225806451601	310
2020-09-01	37057	Davidson	Kindergarten	NA	NA	NA	NA	NA	29	2	31	NA	NA	NA	NA	NA	1.6695451928612604	0.115141047783535	1.7846862406447954	1737
2021-09-01	37057	Davidson	Kindergarten	NA	NA	NA	NA	NA	27	1	28	NA	NA	NA	NA	NA	1.60332541567696	0.059382422802850394	1.6627078384798104	1684
2022-09-01	37057	Davidson	Kindergarten	NA	NA	NA	NA	NA	32	0	32	NA	NA	NA	NA	NA	1.7353579175705003	0	1.7353579175705003	1844
2023-09-01	37057	Davidson	Kindergarten	NA	NA	NA	NA	NA	43	1	44	NA	NA	NA	NA	NA	2.3306233062330604	0.054200542005420106	2.3848238482384803	1845
2020-09-01	37059	Davie	Kindergarten	NA	NA	NA	NA	NA	2	0	2	NA	NA	NA	NA	NA	0.68259385665529	0	0.68259385665529	293
2021-09-01	37059	Davie	Kindergarten	NA	NA	NA	NA	NA	7	1	8	NA	NA	NA	NA	NA	2.6515151515151505	0.37878787878787906	3.0303030303030294	264
2022-09-01	37059	Davie	Kindergarten	NA	NA	NA	NA	NA	16	0	16	NA	NA	NA	NA	NA	3.7209302325581404	0	3.7209302325581404	430
2023-09-01	37059	Davie	Kindergarten	NA	NA	NA	NA	NA	7	1	8	NA	NA	NA	NA	NA	1.6091954022988506	0.22988505747126406	1.8390804597701147	435
2020-09-01	37061	Duplin	Kindergarten	NA	NA	NA	NA	NA	1	0	1	NA	NA	NA	NA	NA	0.14641288433382102	0	0.14641288433382102	683
2021-09-01	37061	Duplin	Kindergarten	NA	NA	NA	NA	NA	1	1	2	NA	NA	NA	NA	NA	0.17301038062283702	0.17301038062283702	0.34602076124567405	578
2022-09-01	37061	Duplin	Kindergarten	NA	NA	NA	NA	NA	2	0	2	NA	NA	NA	NA	NA	0.28694404591104694	0	0.28694404591104694	697
2023-09-01	37061	Duplin	Kindergarten	NA	NA	NA	NA	NA	4	1	5	NA	NA	NA	NA	NA	0.518806744487678	0.12970168612192	0.6485084306095981	771
2020-09-01	37063	Durham	Kindergarten	NA	NA	NA	NA	NA	31	3	34	NA	NA	NA	NA	NA	0.9609423434593919	0.09299442033477989	1.0539367637941717	3226
2021-09-01	37063	Durham	Kindergarten	NA	NA	NA	NA	NA	21	3	24	NA	NA	NA	NA	NA	0.8117510630073439	0.11596443757247799	0.9277155005798219	2587
2022-09-01	37063	Durham	Kindergarten	NA	NA	NA	NA	NA	39	3	42	NA	NA	NA	NA	NA	1.1297798377752	0.08690614136732332	1.2166859791425233	3452
2023-09-01	37063	Durham	Kindergarten	NA	NA	NA	NA	NA	41	2	43	NA	NA	NA	NA	NA	3.07576894223556	0.150037509377344	3.225806451612904	1333
2020-09-01	37065	Edgecombe	Kindergarten	NA	NA	NA	NA	NA	2	0	2	NA	NA	NA	NA	NA	0.41322314049586795	0	0.41322314049586795	484
2021-09-01	37065	Edgecombe	Kindergarten	NA	NA	NA	NA	NA	1	0	1	NA	NA	NA	NA	NA	0.233644859813084	0	0.233644859813084	428
2022-09-01	37065	Edgecombe	Kindergarten	NA	NA	NA	NA	NA	8	0	8	NA	NA	NA	NA	NA	1.7316017316017303	0	1.7316017316017303	462
2023-09-01	37065	Edgecombe	Kindergarten	NA	NA	NA	NA	NA	4	1	5	NA	NA	NA	NA	NA	0.8639308855291579	0.215982721382289	1.0799136069114468	463
2020-09-01	37067	Forsyth	Kindergarten	NA	NA	NA	NA	NA	34	1	35	NA	NA	NA	NA	NA	0.8508508508508509	0.025025025025025	0.8758758758758759	3996
2021-09-01	37067	Forsyth	Kindergarten	NA	NA	NA	NA	NA	59	3	62	NA	NA	NA	NA	NA	1.4557118184061197	0.074019245003701	1.5297310634098207	4053
2022-09-01	37067	Forsyth	Kindergarten	NA	NA	NA	NA	NA	69	8	77	NA	NA	NA	NA	NA	1.645599809205821	0.190794180777486	1.836393989983307	4193
2023-09-01	37067	Forsyth	Kindergarten	NA	NA	NA	NA	NA	106	2	108	NA	NA	NA	NA	NA	2.49646726330664	0.04710315591144611	2.5435704192180864	4246
2020-09-01	37069	Franklin	Kindergarten	NA	NA	NA	NA	NA	12	0	12	NA	NA	NA	NA	NA	2.247191011235961	0	2.247191011235961	534
2021-09-01	37069	Franklin	Kindergarten	NA	NA	NA	NA	NA	15	0	15	NA	NA	NA	NA	NA	3.275109170305681	0	3.275109170305681	458
2022-09-01	37069	Franklin	Kindergarten	NA	NA	NA	NA	NA	28	0	28	NA	NA	NA	NA	NA	3.7634408602150504	0	3.7634408602150504	744
2023-09-01	37069	Franklin	Kindergarten	NA	NA	NA	NA	NA	31	0	31	NA	NA	NA	NA	NA	4.22343324250681	0	4.22343324250681	734
2020-09-01	37071	Gaston	Kindergarten	NA	NA	NA	NA	NA	39	4	43	NA	NA	NA	NA	NA	1.5879478827361602	0.162866449511401	1.7508143322475611	2456
2021-09-01	37071	Gaston	Kindergarten	NA	NA	NA	NA	NA	40	1	41	NA	NA	NA	NA	NA	1.6535758577924802	0.0413393964448119	1.694915254237292	2419
2022-09-01	37071	Gaston	Kindergarten	NA	NA	NA	NA	NA	55	4	59	NA	NA	NA	NA	NA	2.098435711560471	0.15261350629530698	2.251049217855778	2621
2023-09-01	37071	Gaston	Kindergarten	NA	NA	NA	NA	NA	69	1	70	NA	NA	NA	NA	NA	2.5405007363770302	0.036818851251840895	2.577319587628871	2716
2020-09-01	37073	Gates	Kindergarten	NA	NA	NA	NA	NA	0	0	0	NA	NA	NA	NA	NA	0	0	0	95
2022-09-01	37073	Gates	Kindergarten	NA	NA	NA	NA	NA	0	0	0	NA	NA	NA	NA	NA	0	0	0	104
2023-09-01	37073	Gates	Kindergarten	NA	NA	NA	NA	NA	2	0	2	NA	NA	NA	NA	NA	2.247191011235961	0	2.247191011235961	89
2020-09-01	37075	Graham	Kindergarten	NA	NA	NA	NA	NA	0	0	0	NA	NA	NA	NA	NA	0	0	0	77
2021-09-01	37075	Graham	Kindergarten	NA	NA	NA	NA	NA	2	0	2	NA	NA	NA	NA	NA	2.04081632653061	0	2.04081632653061	98
2022-09-01	37075	Graham	Kindergarten	NA	NA	NA	NA	NA	1	0	1	NA	NA	NA	NA	NA	1.1904761904761898	0	1.1904761904761898	84
2023-09-01	37075	Graham	Kindergarten	NA	NA	NA	NA	NA	2	0	2	NA	NA	NA	NA	NA	2.29885057471264	0	2.29885057471264	87
2020-09-01	37077	Granville	Kindergarten	NA	NA	NA	NA	NA	2	0	2	NA	NA	NA	NA	NA	0.32	0	0.32	625
2021-09-01	37077	Granville	Kindergarten	NA	NA	NA	NA	NA	10	2	12	NA	NA	NA	NA	NA	1.5455950540958299	0.309119010819165	1.854714064914995	647
2022-09-01	37077	Granville	Kindergarten	NA	NA	NA	NA	NA	8	1	9	NA	NA	NA	NA	NA	1.23076923076923	0.153846153846154	1.384615384615384	650
2023-09-01	37077	Granville	Kindergarten	NA	NA	NA	NA	NA	10	0	10	NA	NA	NA	NA	NA	1.5847860538827294	0	1.5847860538827294	631
2020-09-01	37079	Greene	Kindergarten	NA	NA	NA	NA	NA	1	0	1	NA	NA	NA	NA	NA	0.53475935828877	0	0.53475935828877	187
2021-09-01	37079	Greene	Kindergarten	NA	NA	NA	NA	NA	2	0	2	NA	NA	NA	NA	NA	0.9756097560975608	0	0.9756097560975608	205
2022-09-01	37079	Greene	Kindergarten	NA	NA	NA	NA	NA	2	0	2	NA	NA	NA	NA	NA	1.0471204188481698	0	1.0471204188481698	191
2023-09-01	37079	Greene	Kindergarten	NA	NA	NA	NA	NA	2	0	2	NA	NA	NA	NA	NA	0.947867298578199	0	0.947867298578199	211
2020-09-01	37081	Guilford	Kindergarten	NA	NA	NA	NA	NA	53	6	59	NA	NA	NA	NA	NA	0.9673298047088889	0.109509034495346	1.076838839204235	5479
2021-09-01	37081	Guilford	Kindergarten	NA	NA	NA	NA	NA	16	0	16	NA	NA	NA	NA	NA	1.41093474426808	0	1.41093474426808	1134
2022-09-01	37081	Guilford	Kindergarten	NA	NA	NA	NA	NA	33	9	42	NA	NA	NA	NA	NA	2.08333333333333	0.5681818181818179	2.651515151515148	1584
2023-09-01	37081	Guilford	Kindergarten	NA	NA	NA	NA	NA	113	10	123	NA	NA	NA	NA	NA	1.88994815186486	0.16725204883759798	2.057200200702458	5979
2020-09-01	37083	Halifax	Kindergarten	NA	NA	NA	NA	NA	1	0	1	NA	NA	NA	NA	NA	0.194931773879142	0	0.194931773879142	513
2021-09-01	37083	Halifax	Kindergarten	NA	NA	NA	NA	NA	5	0	5	NA	NA	NA	NA	NA	1.16822429906542	0	1.16822429906542	428
2022-09-01	37083	Halifax	Kindergarten	NA	NA	NA	NA	NA	6	1	7	NA	NA	NA	NA	NA	1.03626943005181	0.172711571675302	1.208981001727112	579
2023-09-01	37083	Halifax	Kindergarten	NA	NA	NA	NA	NA	8	0	8	NA	NA	NA	NA	NA	1.4869888475836404	0	1.4869888475836404	538
2020-09-01	37085	Harnett	Kindergarten	NA	NA	NA	NA	NA	15	3	18	NA	NA	NA	NA	NA	1.03092783505155	0.2061855670103091	1.2371134020618593	1455
2021-09-01	37085	Harnett	Kindergarten	NA	NA	NA	NA	NA	18	1	19	NA	NA	NA	NA	NA	1.28296507483963	0.07127583749109051	1.3542409123307204	1403
2022-09-01	37085	Harnett	Kindergarten	NA	NA	NA	NA	NA	29	0	29	NA	NA	NA	NA	NA	1.7824216349108801	0	1.7824216349108801	1627
2023-09-01	37085	Harnett	Kindergarten	NA	NA	NA	NA	NA	39	2	41	NA	NA	NA	NA	NA	2.53082414016872	0.129785853341986	2.660609993510706	1541
2020-09-01	37087	Haywood	Kindergarten	NA	NA	NA	NA	NA	11	0	11	NA	NA	NA	NA	NA	2.06766917293233	0	2.06766917293233	532
2021-09-01	37087	Haywood	Kindergarten	NA	NA	NA	NA	NA	9	1	10	NA	NA	NA	NA	NA	1.5706806282722494	0.174520069808028	1.7452006980802774	573
2022-09-01	37087	Haywood	Kindergarten	NA	NA	NA	NA	NA	29	4	33	NA	NA	NA	NA	NA	4.65489566613162	0.6420545746388439	5.296950240770464	623
2023-09-01	37087	Haywood	Kindergarten	NA	NA	NA	NA	NA	20	1	21	NA	NA	NA	NA	NA	3.63636363636364	0.181818181818182	3.818181818181822	550
2020-09-01	37089	Henderson	Kindergarten	NA	NA	NA	NA	NA	30	0	30	NA	NA	NA	NA	NA	2.7881040892193303	0	2.7881040892193303	1076
2021-09-01	37089	Henderson	Kindergarten	NA	NA	NA	NA	NA	33	0	33	NA	NA	NA	NA	NA	3.316582914572861	0	3.316582914572861	995
2022-09-01	37089	Henderson	Kindergarten	NA	NA	NA	NA	NA	35	2	37	NA	NA	NA	NA	NA	3.43811394891945	0.19646365422396903	3.634577603143419	1018
2023-09-01	37089	Henderson	Kindergarten	NA	NA	NA	NA	NA	54	1	55	NA	NA	NA	NA	NA	5.4822335025380715	0.10152284263959398	5.583756345177665	985
2020-09-01	37091	Hertford	Kindergarten	NA	NA	NA	NA	NA	0	0	0	NA	NA	NA	NA	NA	0	0	0	193
2021-09-01	37091	Hertford	Kindergarten	NA	NA	NA	NA	NA	2	0	2	NA	NA	NA	NA	NA	1.25	0	1.25	160
2022-09-01	37091	Hertford	Kindergarten	NA	NA	NA	NA	NA	1	0	1	NA	NA	NA	NA	NA	0.5235602094240838	0	0.5235602094240838	191
2023-09-01	37091	Hertford	Kindergarten	NA	NA	NA	NA	NA	3	0	3	NA	NA	NA	NA	NA	1.5	0	1.5	200
2020-09-01	37093	Hoke	Kindergarten	NA	NA	NA	NA	NA	2	0	2	NA	NA	NA	NA	NA	0.305343511450382	0	0.305343511450382	655
2021-09-01	37093	Hoke	Kindergarten	NA	NA	NA	NA	NA	2	0	2	NA	NA	NA	NA	NA	1.7391304347826109	0	1.7391304347826109	115
2022-09-01	37093	Hoke	Kindergarten	NA	NA	NA	NA	NA	9	0	9	NA	NA	NA	NA	NA	1.36570561456753	0	1.36570561456753	659
2023-09-01	37093	Hoke	Kindergarten	NA	NA	NA	NA	NA	8	0	8	NA	NA	NA	NA	NA	1.3201320132013201	0	1.3201320132013201	606
2020-09-01	37095	Hyde	Kindergarten	NA	NA	NA	NA	NA	0	0	0	NA	NA	NA	NA	NA	0	0	0	30
2021-09-01	37095	Hyde	Kindergarten	NA	NA	NA	NA	NA	0	0	0	NA	NA	NA	NA	NA	0	0	0	38
2022-09-01	37095	Hyde	Kindergarten	NA	NA	NA	NA	NA	0	0	0	NA	NA	NA	NA	NA	0	0	0	14
2023-09-01	37095	Hyde	Kindergarten	NA	NA	NA	NA	NA	0	0	0	NA	NA	NA	NA	NA	0	0	0	32
2020-09-01	37097	Iredell	Kindergarten	NA	NA	NA	NA	NA	46	4	50	NA	NA	NA	NA	NA	2.1988527724665405	0.191204588910134	2.3900573613766745	2092
2021-09-01	37097	Iredell	Kindergarten	NA	NA	NA	NA	NA	56	1	57	NA	NA	NA	NA	NA	2.45614035087719	0.043859649122807	2.499999999999997	2280
2022-09-01	37097	Iredell	Kindergarten	NA	NA	NA	NA	NA	114	0	114	NA	NA	NA	NA	NA	4.7979797979798	0	4.7979797979798	2376
2023-09-01	37097	Iredell	Kindergarten	NA	NA	NA	NA	NA	89	3	92	NA	NA	NA	NA	NA	3.8312526904864406	0.12914334911751998	3.9603960396039604	2323
2020-09-01	37099	Jackson	Kindergarten	NA	NA	NA	NA	NA	1	0	1	NA	NA	NA	NA	NA	0.520833333333333	0	0.520833333333333	192
2021-09-01	37099	Jackson	Kindergarten	NA	NA	NA	NA	NA	5	0	5	NA	NA	NA	NA	NA	1.7605633802816898	0	1.7605633802816898	284
2022-09-01	37099	Jackson	Kindergarten	NA	NA	NA	NA	NA	3	0	3	NA	NA	NA	NA	NA	1.5957446808510602	0	1.5957446808510602	188
2023-09-01	37099	Jackson	Kindergarten	NA	NA	NA	NA	NA	6	3	9	NA	NA	NA	NA	NA	2.3809523809523796	1.1904761904761898	3.5714285714285694	252
2020-09-01	37101	Johnston	Kindergarten	NA	NA	NA	NA	NA	26	4	30	NA	NA	NA	NA	NA	1.003861003861	0.154440154440154	1.158301158301154	2590
2021-09-01	37101	Johnston	Kindergarten	NA	NA	NA	NA	NA	36	4	40	NA	NA	NA	NA	NA	1.29963898916968	0.144404332129964	1.444043321299644	2770
2022-09-01	37101	Johnston	Kindergarten	NA	NA	NA	NA	NA	74	4	78	NA	NA	NA	NA	NA	2.57929592192402	0.13942140118508198	2.718717323109102	2869
2023-09-01	37101	Johnston	Kindergarten	NA	NA	NA	NA	NA	66	3	69	NA	NA	NA	NA	NA	2.27586206896552	0.10344827586206903	2.379310344827589	2900
2020-09-01	37103	Jones	Kindergarten	NA	NA	NA	NA	NA	2	1	3	NA	NA	NA	NA	NA	2.35294117647059	1.17647058823529	3.52941176470588	85
2021-09-01	37103	Jones	Kindergarten	NA	NA	NA	NA	NA	1	0	1	NA	NA	NA	NA	NA	2	0	2	50
2022-09-01	37103	Jones	Kindergarten	NA	NA	NA	NA	NA	3	0	3	NA	NA	NA	NA	NA	4	0	4	75
2023-09-01	37103	Jones	Kindergarten	NA	NA	NA	NA	NA	2	0	2	NA	NA	NA	NA	NA	2.4691358024691406	0	2.4691358024691406	81
2020-09-01	37105	Lee	Kindergarten	NA	NA	NA	NA	NA	7	0	7	NA	NA	NA	NA	NA	0.9296148738379809	0	0.9296148738379809	753
2021-09-01	37105	Lee	Kindergarten	NA	NA	NA	NA	NA	8	1	9	NA	NA	NA	NA	NA	1.0498687664041997	0.131233595800525	1.1811023622047248	762
2022-09-01	37105	Lee	Kindergarten	NA	NA	NA	NA	NA	14	0	14	NA	NA	NA	NA	NA	1.7114914425427907	0	1.7114914425427907	818
2023-09-01	37105	Lee	Kindergarten	NA	NA	NA	NA	NA	20	1	21	NA	NA	NA	NA	NA	2.3391812865497106	0.11695906432748499	2.4561403508771957	855
2020-09-01	37107	Lenoir	Kindergarten	NA	NA	NA	NA	NA	1	0	1	NA	NA	NA	NA	NA	0.15649452269170602	0	0.15649452269170602	639
2021-09-01	37107	Lenoir	Kindergarten	NA	NA	NA	NA	NA	3	0	3	NA	NA	NA	NA	NA	3.0927835051546397	0	3.0927835051546397	97
2022-09-01	37107	Lenoir	Kindergarten	NA	NA	NA	NA	NA	7	2	9	NA	NA	NA	NA	NA	1.05580693815988	0.30165912518853694	1.357466063348417	663
2023-09-01	37107	Lenoir	Kindergarten	NA	NA	NA	NA	NA	7	0	7	NA	NA	NA	NA	NA	1.0233918128654997	0	1.0233918128654997	684
2020-09-01	37109	Lincoln	Kindergarten	NA	NA	NA	NA	NA	16	2	18	NA	NA	NA	NA	NA	1.7640573318632897	0.22050716648291105	1.9845644983462007	907
2021-09-01	37109	Lincoln	Kindergarten	NA	NA	NA	NA	NA	20	1	21	NA	NA	NA	NA	NA	1.8552875695732804	0.0927643784786642	1.9480519480519447	1078
2022-09-01	37109	Lincoln	Kindergarten	NA	NA	NA	NA	NA	45	1	46	NA	NA	NA	NA	NA	4.233301975540922	0.09407337723424271	4.327375352775165	1063
2023-09-01	37109	Lincoln	Kindergarten	NA	NA	NA	NA	NA	63	0	63	NA	NA	NA	NA	NA	6.0229445506692185	0	6.0229445506692185	1046
2020-09-01	37113	Macon	Kindergarten	NA	NA	NA	NA	NA	2	0	2	NA	NA	NA	NA	NA	0.5586592178770949	0	0.5586592178770949	358
2021-09-01	37113	Macon	Kindergarten	NA	NA	NA	NA	NA	2	0	2	NA	NA	NA	NA	NA	0.6872852233676982	0	0.6872852233676982	291
2022-09-01	37113	Macon	Kindergarten	NA	NA	NA	NA	NA	6	0	6	NA	NA	NA	NA	NA	1.7291066282420804	0	1.7291066282420804	347
2023-09-01	37113	Macon	Kindergarten	NA	NA	NA	NA	NA	5	0	5	NA	NA	NA	NA	NA	1.6339869281045794	0	1.6339869281045794	306
2020-09-01	37115	Madison	Kindergarten	NA	NA	NA	NA	NA	9	0	9	NA	NA	NA	NA	NA	5.232558139534881	0	5.232558139534881	172
2021-09-01	37115	Madison	Kindergarten	NA	NA	NA	NA	NA	7	0	7	NA	NA	NA	NA	NA	3.8043478260869596	0	3.8043478260869596	184
2022-09-01	37115	Madison	Kindergarten	NA	NA	NA	NA	NA	4	0	4	NA	NA	NA	NA	NA	2.4844720496894395	0	2.4844720496894395	161
2023-09-01	37115	Madison	Kindergarten	NA	NA	NA	NA	NA	12	0	12	NA	NA	NA	NA	NA	6.976744186046509	0	6.976744186046509	172
2020-09-01	37117	Martin	Kindergarten	NA	NA	NA	NA	NA	3	0	3	NA	NA	NA	NA	NA	1.3761467889908299	0	1.3761467889908299	218
2021-09-01	37117	Martin	Kindergarten	NA	NA	NA	NA	NA	3	0	3	NA	NA	NA	NA	NA	1.57894736842105	0	1.57894736842105	190
2022-09-01	37117	Martin	Kindergarten	NA	NA	NA	NA	NA	0	0	0	NA	NA	NA	NA	NA	0	0	0	177
2023-09-01	37117	Martin	Kindergarten	NA	NA	NA	NA	NA	1	0	1	NA	NA	NA	NA	NA	0.452488687782806	0	0.452488687782806	221
2020-09-01	37	Mcdowell	Kindergarten	NA	NA	NA	NA	NA	6	0	6	NA	NA	NA	NA	NA	1.49253731343284	0	1.49253731343284	402
2021-09-01	37	Mcdowell	Kindergarten	NA	NA	NA	NA	NA	4	0	4	NA	NA	NA	NA	NA	1.01010101010101	0	1.01010101010101	396
2022-09-01	37	Mcdowell	Kindergarten	NA	NA	NA	NA	NA	4	1	5	NA	NA	NA	NA	NA	0.938967136150235	0.23474178403755896	1.173708920187794	426
2023-09-01	37	Mcdowell	Kindergarten	NA	NA	NA	NA	NA	8	0	8	NA	NA	NA	NA	NA	1.9002375296912097	0	1.9002375296912097	421
2020-09-01	37119	Mecklenburg	Kindergarten	NA	NA	NA	NA	NA	235	14	249	NA	NA	NA	NA	NA	2.0342797783933495	0.12119113573407199	2.1554709141274215	11552
2021-09-01	37119	Mecklenburg	Kindergarten	NA	NA	NA	NA	NA	175	4	179	NA	NA	NA	NA	NA	2.5089605734767	0.05734767025089609	2.566308243727596	6975
2022-09-01	37119	Mecklenburg	Kindergarten	NA	NA	NA	NA	NA	235	11	246	NA	NA	NA	NA	NA	3.0385311611068007	0.14222911817946698	3.1807602792862677	7734
2023-09-01	37119	Mecklenburg	Kindergarten	NA	NA	NA	NA	NA	423	16	439	NA	NA	NA	NA	NA	3.11556308462842	0.11784635781100398	3.233409442439424	13577
2020-09-01	37121	Mitchell	Kindergarten	NA	NA	NA	NA	NA	2	0	2	NA	NA	NA	NA	NA	1.66666666666667	0	1.66666666666667	120
2021-09-01	37121	Mitchell	Kindergarten	NA	NA	NA	NA	NA	7	0	7	NA	NA	NA	NA	NA	2.5830258302583	0	2.5830258302583	271
2022-09-01	37121	Mitchell	Kindergarten	NA	NA	NA	NA	NA	5	0	5	NA	NA	NA	NA	NA	3.9370078740157513	0	3.9370078740157513	127
2023-09-01	37121	Mitchell	Kindergarten	NA	NA	NA	NA	NA	6	0	6	NA	NA	NA	NA	NA	4.545454545454549	0	4.545454545454549	132
2020-09-01	37123	Montgomery	Kindergarten	NA	NA	NA	NA	NA	2	0	2	NA	NA	NA	NA	NA	0.775193798449612	0	0.775193798449612	258
2021-09-01	37123	Montgomery	Kindergarten	NA	NA	NA	NA	NA	2	0	2	NA	NA	NA	NA	NA	0.8333333333333329	0	0.8333333333333329	240
2022-09-01	37123	Montgomery	Kindergarten	NA	NA	NA	NA	NA	0	0	0	NA	NA	NA	NA	NA	0	0	0	258
2023-09-01	37123	Montgomery	Kindergarten	NA	NA	NA	NA	NA	1	0	1	NA	NA	NA	NA	NA	0.35714285714285704	0	0.35714285714285704	280
2020-09-01	37125	Moore	Kindergarten	NA	NA	NA	NA	NA	13	1	14	NA	NA	NA	NA	NA	1.18613138686131	0.0912408759124088	1.2773722627737187	1096
2021-09-01	37125	Moore	Kindergarten	NA	NA	NA	NA	NA	7	0	7	NA	NA	NA	NA	NA	1.0218978102189797	0	1.0218978102189797	685
2022-09-01	37125	Moore	Kindergarten	NA	NA	NA	NA	NA	35	3	38	NA	NA	NA	NA	NA	2.734375	0.23437500000000003	2.96875	1280
2023-09-01	37125	Moore	Kindergarten	NA	NA	NA	NA	NA	48	0	48	NA	NA	NA	NA	NA	3.8647342995169103	0	3.8647342995169103	1242
2020-09-01	37127	Nash	Kindergarten	NA	NA	NA	NA	NA	5	1	6	NA	NA	NA	NA	NA	0.5107252298263529	0.10214504596527096	0.6128702757916239	979
2021-09-01	37127	Nash	Kindergarten	NA	NA	NA	NA	NA	5	1	6	NA	NA	NA	NA	NA	0.433651344319167	0.08673026886383349	0.5203816131830005	1153
2022-09-01	37127	Nash	Kindergarten	NA	NA	NA	NA	NA	8	1	9	NA	NA	NA	NA	NA	0.6739679865206399	0.08424599831508002	0.75821398483572	1187
2023-09-01	37127	Nash	Kindergarten	NA	NA	NA	NA	NA	8	4	12	NA	NA	NA	NA	NA	0.6441223832528179	0.322061191626409	0.9661835748792269	1242
2020-09-01	37129	New Hanover	Kindergarten	NA	NA	NA	NA	NA	52	1	53	NA	NA	NA	NA	NA	2.5267249757045698	0.0485908649173955	2.575315840621965	2058
2021-09-01	37129	New Hanover	Kindergarten	NA	NA	NA	NA	NA	36	2	38	NA	NA	NA	NA	NA	2.6335040234089204	0.14630577907827397	2.7798098024871942	1367
2022-09-01	37129	New Hanover	Kindergarten	NA	NA	NA	NA	NA	72	4	76	NA	NA	NA	NA	NA	3.3302497687326604	0.18501387604070296	3.5152636447733636	2162
2023-09-01	37129	New Hanover	Kindergarten	NA	NA	NA	NA	NA	78	4	82	NA	NA	NA	NA	NA	4.047742605085629	0.207576543850545	4.255319148936174	1927
2020-09-01	37131	Northampton	Kindergarten	NA	NA	NA	NA	NA	0	0	0	NA	NA	NA	NA	NA	0	0	0	178
2021-09-01	37131	Northampton	Kindergarten	NA	NA	NA	NA	NA	0	0	0	NA	NA	NA	NA	NA	0	0	0	95
2022-09-01	37131	Northampton	Kindergarten	NA	NA	NA	NA	NA	0	0	0	NA	NA	NA	NA	NA	0	0	0	207
2023-09-01	37131	Northampton	Kindergarten	NA	NA	NA	NA	NA	0	0	0	NA	NA	NA	NA	NA	0	0	0	81
2020-09-01	37133	Onslow	Kindergarten	NA	NA	NA	NA	NA	25	3	28	NA	NA	NA	NA	NA	1.3116474291710403	0.15739769150052502	1.4690451206715653	1906
2021-09-01	37133	Onslow	Kindergarten	NA	NA	NA	NA	NA	31	1	32	NA	NA	NA	NA	NA	1.69029443838604	0.054525627044711006	1.744820065430751	1834
2022-09-01	37133	Onslow	Kindergarten	NA	NA	NA	NA	NA	67	4	71	NA	NA	NA	NA	NA	2.7951606174384604	0.16687526074259498	2.9620358781810556	2397
2023-09-01	37133	Onslow	Kindergarten	NA	NA	NA	NA	NA	73	3	76	NA	NA	NA	NA	NA	3.280898876404491	0.134831460674157	3.415730337078648	2225
2020-09-01	37135	Orange	Kindergarten	NA	NA	NA	NA	NA	13	2	15	NA	NA	NA	NA	NA	1.183970856102	0.18214936247723096	1.366120218579231	1098
2021-09-01	37135	Orange	Kindergarten	NA	NA	NA	NA	NA	15	4	19	NA	NA	NA	NA	NA	1.3876040703052703	0.3700277520814059	1.7576318223866763	1081
2022-09-01	37135	Orange	Kindergarten	NA	NA	NA	NA	NA	22	0	22	NA	NA	NA	NA	NA	2.0295202952029503	0	2.0295202952029503	1084
2023-09-01	37135	Orange	Kindergarten	NA	NA	NA	NA	NA	15	2	17	NA	NA	NA	NA	NA	1.3077593722755003	0.17436791630340004	1.4821272885789003	1147
2020-09-01	37137	Pamlico	Kindergarten	NA	NA	NA	NA	NA	1	0	1	NA	NA	NA	NA	NA	1.03092783505155	0	1.03092783505155	97
2021-09-01	37137	Pamlico	Kindergarten	NA	NA	NA	NA	NA	1	0	1	NA	NA	NA	NA	NA	2.12765957446809	0	2.12765957446809	47
2022-09-01	37137	Pamlico	Kindergarten	NA	NA	NA	NA	NA	12	0	12	NA	NA	NA	NA	NA	8.219178082191783	0	8.219178082191783	146
2023-09-01	37137	Pamlico	Kindergarten	NA	NA	NA	NA	NA	5	1	6	NA	NA	NA	NA	NA	4	0.8	4.8	125
2020-09-01	37139	Pasquotank	Kindergarten	NA	NA	NA	NA	NA	0	1	1	NA	NA	NA	NA	NA	0	0.249376558603491	0.249376558603491	401
2021-09-01	37139	Pasquotank	Kindergarten	NA	NA	NA	NA	NA	3	0	3	NA	NA	NA	NA	NA	14.285714285714304	0	14.285714285714304	21
2022-09-01	37139	Pasquotank	Kindergarten	NA	NA	NA	NA	NA	6	0	6	NA	NA	NA	NA	NA	1.3392857142857102	0	1.3392857142857102	448
2023-09-01	37139	Pasquotank	Kindergarten	NA	NA	NA	NA	NA	23	0	23	NA	NA	NA	NA	NA	4.811715481171551	0	4.811715481171551	478
2020-09-01	37141	Pender	Kindergarten	NA	NA	NA	NA	NA	11	2	13	NA	NA	NA	NA	NA	1.5873015873015897	0.288600288600289	1.8759018759018786	693
2021-09-01	37141	Pender	Kindergarten	NA	NA	NA	NA	NA	17	1	18	NA	NA	NA	NA	NA	2.23684210526316	0.131578947368421	2.368421052631581	760
2022-09-01	37141	Pender	Kindergarten	NA	NA	NA	NA	NA	22	0	22	NA	NA	NA	NA	NA	2.9411764705882395	0	2.9411764705882395	748
2023-09-01	37141	Pender	Kindergarten	NA	NA	NA	NA	NA	27	1	28	NA	NA	NA	NA	NA	3.8848920863309404	0.143884892086331	4.028776978417271	695
2020-09-01	37143	Perquimans	Kindergarten	NA	NA	NA	NA	NA	1	0	1	NA	NA	NA	NA	NA	0.9174311926605508	0	0.9174311926605508	109
2021-09-01	37143	Perquimans	Kindergarten	NA	NA	NA	NA	NA	2	0	2	NA	NA	NA	NA	NA	1.6806722689075595	0	1.6806722689075595	119
2022-09-01	37143	Perquimans	Kindergarten	NA	NA	NA	NA	NA	2	0	2	NA	NA	NA	NA	NA	1.86915887850467	0	1.86915887850467	107
2023-09-01	37143	Perquimans	Kindergarten	NA	NA	NA	NA	NA	3	0	3	NA	NA	NA	NA	NA	2.7272727272727297	0	2.7272727272727297	110
2020-09-01	37145	Person	Kindergarten	NA	NA	NA	NA	NA	1	0	1	NA	NA	NA	NA	NA	0.251889168765743	0	0.251889168765743	397
2021-09-01	37145	Person	Kindergarten	NA	NA	NA	NA	NA	1	1	2	NA	NA	NA	NA	NA	0.43290043290043306	0.43290043290043306	0.8658008658008661	231
2022-09-01	37145	Person	Kindergarten	NA	NA	NA	NA	NA	5	0	5	NA	NA	NA	NA	NA	1.0989010989011	0	1.0989010989011	455
2023-09-01	37145	Person	Kindergarten	NA	NA	NA	NA	NA	4	0	4	NA	NA	NA	NA	NA	0.9756097560975608	0	0.9756097560975608	410
2020-09-01	37147	Pitt	Kindergarten	NA	NA	NA	NA	NA	9	1	10	NA	NA	NA	NA	NA	0.501952035694367	0.05577244841048518	0.5577244841048522	1793
2021-09-01	37147	Pitt	Kindergarten	NA	NA	NA	NA	NA	11	0	11	NA	NA	NA	NA	NA	0.8215085884988802	0	0.8215085884988802	1339
2022-09-01	37147	Pitt	Kindergarten	NA	NA	NA	NA	NA	22	2	24	NA	NA	NA	NA	NA	1.3309134906231102	0.12099213551119205	1.4519056261343022	1653
2023-09-01	37147	Pitt	Kindergarten	NA	NA	NA	NA	NA	45	2	47	NA	NA	NA	NA	NA	2.29709035222052	0.10209290454313404	2.399183256763654	1959
2020-09-01	37149	Polk	Kindergarten	NA	NA	NA	NA	NA	4	0	4	NA	NA	NA	NA	NA	2.77777777777778	0	2.77777777777778	144
2021-09-01	37149	Polk	Kindergarten	NA	NA	NA	NA	NA	13	0	13	NA	NA	NA	NA	NA	8.227848101265819	0	8.227848101265819	158
2022-09-01	37149	Polk	Kindergarten	NA	NA	NA	NA	NA	9	1	10	NA	NA	NA	NA	NA	5.625	0.625	6.25	160
2023-09-01	37149	Polk	Kindergarten	NA	NA	NA	NA	NA	12	0	12	NA	NA	NA	NA	NA	7.843137254901962	0	7.843137254901962	153
2020-09-01	37151	Randolph	Kindergarten	NA	NA	NA	NA	NA	12	0	12	NA	NA	NA	NA	NA	0.824742268041237	0	0.824742268041237	1455
2021-09-01	37151	Randolph	Kindergarten	NA	NA	NA	NA	NA	18	3	21	NA	NA	NA	NA	NA	1.30057803468208	0.21676300578034693	1.517341040462427	1384
2022-09-01	37151	Randolph	Kindergarten	NA	NA	NA	NA	NA	46	2	48	NA	NA	NA	NA	NA	2.7122641509433993	0.11792452830188696	2.8301886792452864	1696
2023-09-01	37151	Randolph	Kindergarten	NA	NA	NA	NA	NA	62	1	63	NA	NA	NA	NA	NA	3.66213821618429	0.0590667454223272	3.721204961606617	1693
2020-09-01	37153	Richmond	Kindergarten	NA	NA	NA	NA	NA	3	0	3	NA	NA	NA	NA	NA	0.671140939597315	0	0.671140939597315	447
2021-09-01	37153	Richmond	Kindergarten	NA	NA	NA	NA	NA	3	0	3	NA	NA	NA	NA	NA	0.6329113924050631	0	0.6329113924050631	474
2022-09-01	37153	Richmond	Kindergarten	NA	NA	NA	NA	NA	3	0	3	NA	NA	NA	NA	NA	0.601202404809619	0	0.601202404809619	499
2023-09-01	37153	Richmond	Kindergarten	NA	NA	NA	NA	NA	1	0	1	NA	NA	NA	NA	NA	0.210970464135021	0	0.210970464135021	474
2020-09-01	37155	Robeson	Kindergarten	NA	NA	NA	NA	NA	0	0	0	NA	NA	NA	NA	NA	0	0	0	1457
2021-09-01	37155	Robeson	Kindergarten	NA	NA	NA	NA	NA	1	0	1	NA	NA	NA	NA	NA	0.0983284169124877	0	0.0983284169124877	1017
2022-09-01	37155	Robeson	Kindergarten	NA	NA	NA	NA	NA	2	1	3	NA	NA	NA	NA	NA	0.10875475802066298	0.0543773790103317	0.16313213703099466	1839
2023-09-01	37155	Robeson	Kindergarten	NA	NA	NA	NA	NA	9	1	10	NA	NA	NA	NA	NA	0.579150579150579	0.06435006435006438	0.6435006435006434	1554
2020-09-01	37157	Rockingham	Kindergarten	NA	NA	NA	NA	NA	4	0	4	NA	NA	NA	NA	NA	0.4956629491945479	0	0.4956629491945479	807
2021-09-01	37157	Rockingham	Kindergarten	NA	NA	NA	NA	NA	5	0	5	NA	NA	NA	NA	NA	0.5500550055005499	0	0.5500550055005499	909
2022-09-01	37157	Rockingham	Kindergarten	NA	NA	NA	NA	NA	11	1	12	NA	NA	NA	NA	NA	1.26146788990826	0.11467889908256901	1.376146788990829	872
2023-09-01	37157	Rockingham	Kindergarten	NA	NA	NA	NA	NA	16	9	25	NA	NA	NA	NA	NA	1.7112299465240597	0.9625668449197856	2.6737967914438454	935
2020-09-01	37159	Rowan	Kindergarten	NA	NA	NA	NA	NA	21	3	24	NA	NA	NA	NA	NA	1.4593467685892998	0.208478109798471	1.6678248783877707	1439
2021-09-01	37159	Rowan	Kindergarten	NA	NA	NA	NA	NA	17	1	18	NA	NA	NA	NA	NA	1.03092783505155	0.06064281382656159	1.0915706488781116	1649
2022-09-01	37159	Rowan	Kindergarten	NA	NA	NA	NA	NA	28	7	35	NA	NA	NA	NA	NA	1.8779342723004702	0.4694835680751169	2.347417840375587	1491
2023-09-01	37159	Rowan	Kindergarten	NA	NA	NA	NA	NA	31	5	36	NA	NA	NA	NA	NA	2.1723896285914495	0.3503854239663631	2.5227750525578125	1427
2020-09-01	37161	Rutherford	Kindergarten	NA	NA	NA	NA	NA	15	0	15	NA	NA	NA	NA	NA	2	0	2	750
2021-09-01	37161	Rutherford	Kindergarten	NA	NA	NA	NA	NA	18	1	19	NA	NA	NA	NA	NA	2.635431918008791	0.14641288433382102	2.781844802342612	683
2022-09-01	37161	Rutherford	Kindergarten	NA	NA	NA	NA	NA	21	5	26	NA	NA	NA	NA	NA	2.9453015427770004	0.7012622720897619	3.646563814866762	713
2023-09-01	37161	Rutherford	Kindergarten	NA	NA	NA	NA	NA	18	2	20	NA	NA	NA	NA	NA	2.5751072961373405	0.28612303290414903	2.8612303290414896	699
2020-09-01	37163	Sampson	Kindergarten	NA	NA	NA	NA	NA	0	2	2	NA	NA	NA	NA	NA	0	0.27063599458728	0.27063599458728	739
2021-09-01	37163	Sampson	Kindergarten	NA	NA	NA	NA	NA	0	0	0	NA	NA	NA	NA	NA	0	0	0	703
2022-09-01	37163	Sampson	Kindergarten	NA	NA	NA	NA	NA	3	0	3	NA	NA	NA	NA	NA	0.344036697247706	0	0.344036697247706	872
2023-09-01	37163	Sampson	Kindergarten	NA	NA	NA	NA	NA	5	3	8	NA	NA	NA	NA	NA	0.554938956714761	0.33296337402885695	0.887902330743618	901
2020-09-01	37165	Scotland	Kindergarten	NA	NA	NA	NA	NA	0	0	0	NA	NA	NA	NA	NA	0	0	0	398
2021-09-01	37165	Scotland	Kindergarten	NA	NA	NA	NA	NA	1	0	1	NA	NA	NA	NA	NA	0.4385964912280699	0	0.4385964912280699	228
2022-09-01	37165	Scotland	Kindergarten	NA	NA	NA	NA	NA	1	0	1	NA	NA	NA	NA	NA	0.31545741324921106	0	0.31545741324921106	317
2023-09-01	37165	Scotland	Kindergarten	NA	NA	NA	NA	NA	3	0	3	NA	NA	NA	NA	NA	0.6802721088435372	0	0.6802721088435372	441
2020-09-01	37167	Stanly	Kindergarten	NA	NA	NA	NA	NA	8	4	12	NA	NA	NA	NA	NA	1.18343195266272	0.591715976331361	1.7751479289940808	676
2021-09-01	37167	Stanly	Kindergarten	NA	NA	NA	NA	NA	17	1	18	NA	NA	NA	NA	NA	2.2849462365591395	0.13440860215053801	2.4193548387096775	744
2022-09-01	37167	Stanly	Kindergarten	NA	NA	NA	NA	NA	28	1	29	NA	NA	NA	NA	NA	4.111600587371511	0.14684287812041097	4.258443465491922	681
2023-09-01	37167	Stanly	Kindergarten	NA	NA	NA	NA	NA	24	1	25	NA	NA	NA	NA	NA	3.11688311688312	0.12987012987013002	3.2467532467532503	770
2020-09-01	37169	Stokes	Kindergarten	NA	NA	NA	NA	NA	0	1	1	NA	NA	NA	NA	NA	0	0.29673590504451003	0.29673590504451003	337
2021-09-01	37169	Stokes	Kindergarten	NA	NA	NA	NA	NA	6	0	6	NA	NA	NA	NA	NA	1.35440180586907	0	1.35440180586907	443
2022-09-01	37169	Stokes	Kindergarten	NA	NA	NA	NA	NA	9	1	10	NA	NA	NA	NA	NA	2.0454545454545503	0.22727272727272702	2.2727272727272774	440
2023-09-01	37169	Stokes	Kindergarten	NA	NA	NA	NA	NA	14	0	14	NA	NA	NA	NA	NA	3.35731414868106	0	3.35731414868106	417
2020-09-01	37171	Surry	Kindergarten	NA	NA	NA	NA	NA	2	1	3	NA	NA	NA	NA	NA	0.25284450063211106	0.12642225031605603	0.3792667509481671	791
2021-09-01	37171	Surry	Kindergarten	NA	NA	NA	NA	NA	8	2	10	NA	NA	NA	NA	NA	1.3986013986014003	0.3496503496503501	1.7482517482517503	572
2022-09-01	37171	Surry	Kindergarten	NA	NA	NA	NA	NA	6	0	6	NA	NA	NA	NA	NA	0.75187969924812	0	0.75187969924812	798
2023-09-01	37171	Surry	Kindergarten	NA	NA	NA	NA	NA	16	0	16	NA	NA	NA	NA	NA	2.0779220779220795	0	2.0779220779220795	770
2020-09-01	37173	Swain	Kindergarten	NA	NA	NA	NA	NA	4	0	4	NA	NA	NA	NA	NA	2.4096385542168703	0	2.4096385542168703	166
2021-09-01	37173	Swain	Kindergarten	NA	NA	NA	NA	NA	3	0	3	NA	NA	NA	NA	NA	2	0	2	150
2022-09-01	37173	Swain	Kindergarten	NA	NA	NA	NA	NA	4	0	4	NA	NA	NA	NA	NA	2.5641025641025603	0	2.5641025641025603	156
2023-09-01	37173	Swain	Kindergarten	NA	NA	NA	NA	NA	5	1	6	NA	NA	NA	NA	NA	2.9585798816568	0.591715976331361	3.5502958579881607	169
2020-09-01	37175	Transylvania	Kindergarten	NA	NA	NA	NA	NA	15	0	15	NA	NA	NA	NA	NA	5.136986301369861	0	5.136986301369861	292
2021-09-01	37175	Transylvania	Kindergarten	NA	NA	NA	NA	NA	12	0	12	NA	NA	NA	NA	NA	3.7151702786377707	0	3.7151702786377707	323
2022-09-01	37175	Transylvania	Kindergarten	NA	NA	NA	NA	NA	13	0	13	NA	NA	NA	NA	NA	4.529616724738681	0	4.529616724738681	287
2023-09-01	37175	Transylvania	Kindergarten	NA	NA	NA	NA	NA	14	0	14	NA	NA	NA	NA	NA	4.605263157894742	0	4.605263157894742	304
2020-09-01	37177	Tyrrell	Kindergarten	NA	NA	NA	NA	NA	0	0	0	NA	NA	NA	NA	NA	0	0	0	42
2021-09-01	37177	Tyrrell	Kindergarten	NA	NA	NA	NA	NA	1	0	1	NA	NA	NA	NA	NA	3.03030303030303	0	3.03030303030303	33
2022-09-01	37177	Tyrrell	Kindergarten	NA	NA	NA	NA	NA	1	0	1	NA	NA	NA	NA	NA	4.761904761904762	0	4.761904761904762	21
2023-09-01	37177	Tyrrell	Kindergarten	NA	NA	NA	NA	NA	0	0	0	NA	NA	NA	NA	NA	0	0	0	23
2020-09-01	37179	Union	Kindergarten	NA	NA	NA	NA	NA	69	1	70	NA	NA	NA	NA	NA	2.48023005032351	0.035945363048166805	2.516175413371677	2782
2021-09-01	37179	Union	Kindergarten	NA	NA	NA	NA	NA	93	4	97	NA	NA	NA	NA	NA	3.20689655172414	0.137931034482759	3.344827586206899	2900
2022-09-01	37179	Union	Kindergarten	NA	NA	NA	NA	NA	138	2	140	NA	NA	NA	NA	NA	4.45592508879561	0.06457862447529869	4.520503713270909	3097
2023-09-01	37179	Union	Kindergarten	NA	NA	NA	NA	NA	210	4	214	NA	NA	NA	NA	NA	6.566604127579742	0.125078173858662	6.691682301438404	3198
2020-09-01	37181	Vance	Kindergarten	NA	NA	NA	NA	NA	5	0	5	NA	NA	NA	NA	NA	0.8802816901408452	0	0.8802816901408452	568
2021-09-01	37181	Vance	Kindergarten	NA	NA	NA	NA	NA	7	0	7	NA	NA	NA	NA	NA	1.0574018126888203	0	1.0574018126888203	662
2022-09-01	37181	Vance	Kindergarten	NA	NA	NA	NA	NA	8	0	8	NA	NA	NA	NA	NA	1.2403100775193798	0	1.2403100775193798	645
2023-09-01	37181	Vance	Kindergarten	NA	NA	NA	NA	NA	8	2	10	NA	NA	NA	NA	NA	1.2139605462822503	0.303490136570561	1.5174506828528114	659
2020-09-01	37183	Wake	Kindergarten	NA	NA	NA	NA	NA	213	17	230	NA	NA	NA	NA	NA	1.57323288278307	0.125563187827757	1.698796070610827	13539
2021-09-01	37183	Wake	Kindergarten	NA	NA	NA	NA	NA	181	12	193	NA	NA	NA	NA	NA	1.6720554272517298	0.110854503464203	1.7829099307159328	10825
2022-09-01	37183	Wake	Kindergarten	NA	NA	NA	NA	NA	193	12	205	NA	NA	NA	NA	NA	1.8589867077634399	0.11558466576767501	1.974571373531115	10382
2023-09-01	37183	Wake	Kindergarten	NA	NA	NA	NA	NA	301	9	310	NA	NA	NA	NA	NA	2.3373194595434104	0.06988662835844078	2.407206087901851	12878
2020-09-01	37185	Warren	Kindergarten	NA	NA	NA	NA	NA	1	0	1	NA	NA	NA	NA	NA	0.7407407407407411	0	0.7407407407407411	135
2021-09-01	37185	Warren	Kindergarten	NA	NA	NA	NA	NA	0	0	0	NA	NA	NA	NA	NA	0	0	0	113
2022-09-01	37185	Warren	Kindergarten	NA	NA	NA	NA	NA	1	0	1	NA	NA	NA	NA	NA	0.813008130081301	0	0.813008130081301	123
2023-09-01	37185	Warren	Kindergarten	NA	NA	NA	NA	NA	1	0	1	NA	NA	NA	NA	NA	0.854700854700855	0	0.854700854700855	117
2020-09-01	37187	Washington	Kindergarten	NA	NA	NA	NA	NA	0	0	0	NA	NA	NA	NA	NA	0	0	0	87
2022-09-01	37187	Washington	Kindergarten	NA	NA	NA	NA	NA	0	0	0	NA	NA	NA	NA	NA	0	0	0	115
2023-09-01	37187	Washington	Kindergarten	NA	NA	NA	NA	NA	0	1	1	NA	NA	NA	NA	NA	0	0.900900900900901	0.900900900900901	111
2020-09-01	37189	Watauga	Kindergarten	NA	NA	NA	NA	NA	5	1	6	NA	NA	NA	NA	NA	1.8248175182481803	0.3649635036496349	2.189781021897815	274
2021-09-01	37189	Watauga	Kindergarten	NA	NA	NA	NA	NA	4	0	4	NA	NA	NA	NA	NA	2.63157894736842	0	2.63157894736842	152
2022-09-01	37189	Watauga	Kindergarten	NA	NA	NA	NA	NA	17	0	17	NA	NA	NA	NA	NA	4.450261780104711	0	4.450261780104711	382
2023-09-01	37189	Watauga	Kindergarten	NA	NA	NA	NA	NA	13	2	15	NA	NA	NA	NA	NA	3.5230352303522996	0.542005420054201	4.065040650406501	369
2020-09-01	37191	Wayne	Kindergarten	NA	NA	NA	NA	NA	10	1	11	NA	NA	NA	NA	NA	0.685400959561343	0.06854009595613429	0.7539410555174773	1459
2021-09-01	37191	Wayne	Kindergarten	NA	NA	NA	NA	NA	4	0	4	NA	NA	NA	NA	NA	0.27700831024930805	0	0.27700831024930805	1444
2022-09-01	37191	Wayne	Kindergarten	NA	NA	NA	NA	NA	21	1	22	NA	NA	NA	NA	NA	1.3249211356466906	0.06309148264984228	1.3880126182965329	1585
2023-09-01	37191	Wayne	Kindergarten	NA	NA	NA	NA	NA	20	2	22	NA	NA	NA	NA	NA	1.33244503664224	0.133244503664224	1.465689540306464	1501
2020-09-01	37193	Wilkes	Kindergarten	NA	NA	NA	NA	NA	3	0	3	NA	NA	NA	NA	NA	0.5145797598627789	0	0.5145797598627789	583
2021-09-01	37193	Wilkes	Kindergarten	NA	NA	NA	NA	NA	11	0	11	NA	NA	NA	NA	NA	1.66414523449319	0	1.66414523449319	661
2022-09-01	37193	Wilkes	Kindergarten	NA	NA	NA	NA	NA	11	0	11	NA	NA	NA	NA	NA	1.73228346456693	0	1.73228346456693	635
2023-09-01	37193	Wilkes	Kindergarten	NA	NA	NA	NA	NA	9	0	9	NA	NA	NA	NA	NA	1.3372956909361102	0	1.3372956909361102	673
2020-09-01	37195	Wilson	Kindergarten	NA	NA	NA	NA	NA	2	1	3	NA	NA	NA	NA	NA	0.21208907741251298	0.10604453870625699	0.31813361611877	943
2021-09-01	37195	Wilson	Kindergarten	NA	NA	NA	NA	NA	2	0	2	NA	NA	NA	NA	NA	0.27510316368638205	0	0.27510316368638205	727
2022-09-01	37195	Wilson	Kindergarten	NA	NA	NA	NA	NA	6	1	7	NA	NA	NA	NA	NA	0.651465798045603	0.10857763300760002	0.760043431053203	921
2023-09-01	37195	Wilson	Kindergarten	NA	NA	NA	NA	NA	16	2	18	NA	NA	NA	NA	NA	1.4939309056956105	0.186741363211951	1.6806722689075615	1071
2020-09-01	37197	Yadkin	Kindergarten	NA	NA	NA	NA	NA	1	2	3	NA	NA	NA	NA	NA	0.2906976744186049	0.581395348837209	0.872093023255814	344
2021-09-01	37197	Yadkin	Kindergarten	NA	NA	NA	NA	NA	5	0	5	NA	NA	NA	NA	NA	1.30548302872063	0	1.30548302872063	383
2022-09-01	37197	Yadkin	Kindergarten	NA	NA	NA	NA	NA	0	1	1	NA	NA	NA	NA	NA	0	0.25316455696202506	0.25316455696202506	395
2023-09-01	37197	Yadkin	Kindergarten	NA	NA	NA	NA	NA	1	1	2	NA	NA	NA	NA	NA	0.263852242744063	0.263852242744063	0.527704485488126	379
2020-09-01	37199	Yancey	Kindergarten	NA	NA	NA	NA	NA	1	0	1	NA	NA	NA	NA	NA	0.662251655629139	0	0.662251655629139	151
2021-09-01	37199	Yancey	Kindergarten	NA	NA	NA	NA	NA	0	0	0	NA	NA	NA	NA	NA	0	0	0	171
2022-09-01	37199	Yancey	Kindergarten	NA	NA	NA	NA	NA	1	0	1	NA	NA	NA	NA	NA	0.6666666666666671	0	0.6666666666666671	150
2023-09-01	37199	Yancey	Kindergarten	NA	NA	NA	NA	NA	1	1	2	NA	NA	NA	NA	NA	0.595238095238095	0.595238095238095	1.19047619047619	168
