time	geography	geography_name	grade	N_dtap	N_polio	N_mmr	N_hep_b	N_varicella	N_personal_exempt	N_medical_exempt	N_full_exempt	pct_dtap	pct_polio	pct_mmr	pct_hep_b	pct_varicella	pct_personal_exempt	pct_medical_exempt	pct_full_exempt	enrollment	n_religious_exempt	pct_religious_exempt	n_religious_membership_exempt	pct_religious_membership_exempt
2019-09-01	53001	Adams	Kindergarten	NA	NA	NA	NA	NA	8	0	9	NA	NA	NA	NA	NA	1.9230769229999993	0	2.1634615380000004	416	1	0.2403846154	0	0
2019-09-01	53001	Adams	Kindergarten	NA	NA	NA	NA	NA	4	3	9	NA	NA	NA	NA	NA	1.00755667506297	0.7556675062999999	2.267002519	397	4	1.0075566750000002	0	0
2019-09-01	53001	Adams	Kindergarten	NA	NA	NA	NA	NA	3	2	6	NA	NA	NA	NA	NA	0.6802721088435372	0.4535147391999999	1.360544218	441	1	0.2267573696000001	1	0.2267573696000001
2019-09-01	53001	Adams	Kindergarten	NA	NA	NA	NA	NA	3	2	6	NA	NA	NA	NA	NA	0.8498583569405098	0.5665722379999999	1.6997167140000002	353	2	0.5665722379999999	0	0
2019-09-01	53001	Adams	Kindergarten	NA	NA	NA	NA	NA	3	0	7	NA	NA	NA	NA	NA	0.735294117647059	0	1.7156862749999997	408	7	1.7156862749999997	0	0
2019-09-01	53001	Adams	Kindergarten	NA	NA	NA	NA	NA	4	2	17	NA	NA	NA	NA	NA	1.1428571428571395	0.5714285713999999	4.857142857	350	12	3.428571429	2	0.5714285713999999
2019-09-01	53003	Asotin	Kindergarten	NA	NA	NA	NA	NA	0	2	2	NA	NA	NA	NA	NA	0	3.1746031749999992	3.1746031749999992	63	0	0	0	0
2019-09-01	53003	Asotin	Kindergarten	NA	NA	NA	NA	NA	3	5	10	NA	NA	NA	NA	NA	1.2244897959183703	2.040816327	4.081632653000001	245	3	1.224489796	0	0
2019-09-01	53003	Asotin	Kindergarten	NA	NA	NA	NA	NA	2	5	9	NA	NA	NA	NA	NA	0.7142857142857139	1.7857142860000002	3.2142857140000016	280	2	0.7142857143	0	0
2019-09-01	53003	Asotin	Kindergarten	NA	NA	NA	NA	NA	2	1	2	NA	NA	NA	NA	NA	2.1978021978022	1.098901099	2.1978021980000007	91	1	1.098901099	0	0
2019-09-01	53003	Asotin	Kindergarten	NA	NA	NA	NA	NA	0	2	7	NA	NA	NA	NA	NA	0	0.8474576271000002	2.9661016950000003	236	5	2.118644068	0	0
2019-09-01	53003	Asotin	Kindergarten	NA	NA	NA	NA	NA	2	1	13	NA	NA	NA	NA	NA	0.8403361344537819	0.4201680672	5.462184874000002	238	11	4.621848739	0	0
2019-09-01	53005	Benton	Kindergarten	NA	NA	NA	NA	NA	68	9	78	NA	NA	NA	NA	NA	2.6614481409002	0.3522504892	3.052837573	2555	1	0.039138943249999995	1	0.039138943249999995
2019-09-01	53005	Benton	Kindergarten	NA	NA	NA	NA	NA	26	17	74	NA	NA	NA	NA	NA	1.09936575052854	0.7188160677000001	3.1289640590000003	2365	41	1.733615222	1	0.0422832981
2019-09-01	53005	Benton	Kindergarten	NA	NA	NA	NA	NA	29	25	75	NA	NA	NA	NA	NA	1.07327905255366	0.9252405625	2.775721688	2702	49	1.8134715030000002	2	0.074019245
2019-09-01	53005	Benton	Kindergarten	NA	NA	NA	NA	NA	28	18	88	NA	NA	NA	NA	NA	0.963192294461644	0.6191950464	3.027175783	2907	55	1.891984864	5	0.17199862400000002
2019-09-01	53005	Benton	Kindergarten	NA	NA	NA	NA	NA	27	13	78	NA	NA	NA	NA	NA	0.9850419554906971	0.4742794601000001	2.8456767600000004	2741	50	1.8241517690000004	7	0.25538124770000004
2019-09-01	53005	Benton	Kindergarten	NA	NA	NA	NA	NA	24	3	102	NA	NA	NA	NA	NA	0.895856662933931	0.1119820829	3.8073908170000004	2679	76	2.8368794330000004	18	0.6718924971999999
2019-09-01	53007	Chelan	Kindergarten	NA	NA	NA	NA	NA	41	4	46	NA	NA	NA	NA	NA	4.875148632580259	0.47562425679999987	5.469678954000001	841	1	0.11890606420000001	0	0
2019-09-01	53007	Chelan	Kindergarten	NA	NA	NA	NA	NA	21	7	31	NA	NA	NA	NA	NA	2.24119530416222	0.7470651014	3.3084311630000003	937	8	0.8537886873000002	0	0
2019-09-01	53007	Chelan	Kindergarten	NA	NA	NA	NA	NA	15	5	22	NA	NA	NA	NA	NA	1.8427518427518403	0.6142506143	2.702702703	814	11	1.3513513510000001	1	0.12285012290000001
2019-09-01	53007	Chelan	Kindergarten	NA	NA	NA	NA	NA	18	2	31	NA	NA	NA	NA	NA	1.8461538461538505	0.2051282051	3.1794871789999997	975	21	2.153846154	1	0.10256410259999998
2019-09-01	53007	Chelan	Kindergarten	NA	NA	NA	NA	NA	22	5	37	NA	NA	NA	NA	NA	2.4017467248908297	0.5458515284	4.039301310000001	916	24	2.620087336	3	0.327510917
2019-09-01	53007	Chelan	Kindergarten	NA	NA	NA	NA	NA	22	2	41	NA	NA	NA	NA	NA	2.4282560706401797	0.22075055190000004	4.525386313000001	906	30	3.3112582780000013	3	0.33112582780000005
2019-09-01	53009	Clallam	Kindergarten	NA	NA	NA	NA	NA	42	20	62	NA	NA	NA	NA	NA	6.431852986217458	3.062787136	9.494640123	653	0	0	1	0.15313935679999996
2019-09-01	53009	Clallam	Kindergarten	NA	NA	NA	NA	NA	15	14	33	NA	NA	NA	NA	NA	2.69299820466786	2.513464991	5.92459605	557	13	2.333931777	0	0
2019-09-01	53009	Clallam	Kindergarten	NA	NA	NA	NA	NA	11	3	25	NA	NA	NA	NA	NA	2.2774327122153206	0.6211180124	5.175983437	483	15	3.1055900620000005	0	0
2019-09-01	53009	Clallam	Kindergarten	NA	NA	NA	NA	NA	12	19	41	NA	NA	NA	NA	NA	1.8209408194233705	2.8831562969999998	6.2215478	659	16	2.427921093	3	0.4552352049
2019-09-01	53009	Clallam	Kindergarten	NA	NA	NA	NA	NA	10	2	29	NA	NA	NA	NA	NA	1.7331022530329299	0.3466204506000001	5.025996534000001	577	23	3.986135182	5	0.8665511264999999
2019-09-01	53009	Clallam	Kindergarten	NA	NA	NA	NA	NA	16	10	54	NA	NA	NA	NA	NA	2.9038112522685995	1.814882033	9.800362976000002	551	37	6.715063521	4	0.7259528130999999
2019-09-01	53011	Clark	Kindergarten	NA	NA	NA	NA	NA	406	57	488	NA	NA	NA	NA	NA	7.025436926803952	0.9863298147999997	8.444367538000002	5779	17	0.2941685413	11	0.19034435019999998
2019-09-01	53011	Clark	Kindergarten	NA	NA	NA	NA	NA	173	56	362	NA	NA	NA	NA	NA	3.1842444321737498	1.030738082	6.662985459	5433	193	3.5523651760000003	23	0.4233388551
2019-09-01	53011	Clark	Kindergarten	NA	NA	NA	NA	NA	121	43	310	NA	NA	NA	NA	NA	2.515592515592521	0.893970894	6.444906445	4810	179	3.7214137210000007	22	0.45738045739999994
2019-09-01	53011	Clark	Kindergarten	NA	NA	NA	NA	NA	153	58	416	NA	NA	NA	NA	NA	2.9159519725557503	1.1053935579999998	7.928340004000001	5247	248	4.726510386999999	27	0.5145797599
2019-09-01	53011	Clark	Kindergarten	NA	NA	NA	NA	NA	180	46	471	NA	NA	NA	NA	NA	3.3027522935779805	0.8440366972000001	8.642201835	5450	327	6	31	0.5688073394
2019-09-01	53011	Clark	Kindergarten	NA	NA	NA	NA	NA	138	33	474	NA	NA	NA	NA	NA	2.6042649556520097	0.6227590111	8.945083977999998	5299	362	6.831477637000001	31	0.5850160408
2019-09-01	53013	Columbia	Kindergarten	NA	NA	NA	NA	NA	2	0	2	NA	NA	NA	NA	NA	7.407407407407411	0	7.407407407000003	27	0	0	0	0
2019-09-01	53013	Columbia	Kindergarten	NA	NA	NA	NA	NA	2	1	3	NA	NA	NA	NA	NA	6.25	3.125	9.375	32	1	3.125	0	0
2019-09-01	53013	Columbia	Kindergarten	NA	NA	NA	NA	NA	0	1	1	NA	NA	NA	NA	NA	0	2.702702703	2.702702703	37	0	0	0	0
2019-09-01	53013	Columbia	Kindergarten	NA	NA	NA	NA	NA	0	0	1	NA	NA	NA	NA	NA	0	0	2.43902439	41	1	2.43902439	0	0
2019-09-01	53013	Columbia	Kindergarten	NA	NA	NA	NA	NA	1	1	4	NA	NA	NA	NA	NA	1.5873015873015897	1.587301587	6.349206349	63	2	3.1746031749999992	0	0
2019-09-01	53013	Columbia	Kindergarten	NA	NA	NA	NA	NA	3	0	10	NA	NA	NA	NA	NA	3.1914893617021294	0	10.63829787	94	5	5.319148936	6	6.382978723000001
2019-09-01	53015	Cowlitz	Kindergarten	NA	NA	NA	NA	NA	53	6	60	NA	NA	NA	NA	NA	4.31244914564687	0.4882017901000001	4.882017901	1229	2	0.16273393	0	0
2019-09-01	53015	Cowlitz	Kindergarten	NA	NA	NA	NA	NA	18	11	47	NA	NA	NA	NA	NA	1.4839241549876303	0.9068425392	3.8746908489999994	1213	24	1.9785655400000002	1	0.08244023083000002
2019-09-01	53015	Cowlitz	Kindergarten	NA	NA	NA	NA	NA	15	8	35	NA	NA	NA	NA	NA	1.42314990512334	0.7590132827	3.320683112	1054	16	1.518026565	1	0.09487666033999999
2019-09-01	53015	Cowlitz	Kindergarten	NA	NA	NA	NA	NA	19	12	49	NA	NA	NA	NA	NA	1.4866979655712103	0.9389671361999999	3.8341158060000007	1278	30	2.34741784	0	0
2019-09-01	53015	Cowlitz	Kindergarten	NA	NA	NA	NA	NA	29	8	64	NA	NA	NA	NA	NA	2.21205186880244	0.6102212052	4.881769641000001	1311	44	3.356216629000001	6	0.45766590389999995
2019-09-01	53015	Cowlitz	Kindergarten	NA	NA	NA	NA	NA	20	6	48	NA	NA	NA	NA	NA	1.65700082850041	0.4971002485999999	3.9768019879999996	1207	26	2.154101077	0	0
2019-09-01	53017	Douglas	Kindergarten	NA	NA	NA	NA	NA	3	3	9	NA	NA	NA	NA	NA	0.5576208178438659	0.5576208177999998	1.672862454	538	2	0.3717472119	1	0.1858736059
2019-09-01	53017	Douglas	Kindergarten	NA	NA	NA	NA	NA	4	1	6	NA	NA	NA	NA	NA	1.0230179028133	0.25575447570000004	1.5345268539999999	391	1	0.25575447570000004	0	0
2019-09-01	53017	Douglas	Kindergarten	NA	NA	NA	NA	NA	5	0	6	NA	NA	NA	NA	NA	1.2135922330097102	0	1.4563106799999999	412	1	0.24271844660000005	1	0.24271844660000005
2019-09-01	53017	Douglas	Kindergarten	NA	NA	NA	NA	NA	6	1	8	NA	NA	NA	NA	NA	1.44927536231884	0.2415458937	1.9323671500000001	414	2	0.4830917874	0	0
2019-09-01	53017	Douglas	Kindergarten	NA	NA	NA	NA	NA	8	3	17	NA	NA	NA	NA	NA	1.7167381974248903	0.643776824	3.6480686699999993	466	10	2.1459227469999997	3	0.643776824
2019-09-01	53017	Douglas	Kindergarten	NA	NA	NA	NA	NA	5	0	9	NA	NA	NA	NA	NA	1.0395010395010402	0	1.8711018710000002	481	5	1.03950104	2	0.41580041579999993
2019-09-01	53019	Ferry	Kindergarten	NA	NA	NA	NA	NA	3	8	11	NA	NA	NA	NA	NA	5.35714285714286	14.285714290000001	19.64285714	56	0	0	0	0
2019-09-01	53019	Ferry	Kindergarten	NA	NA	NA	NA	NA	4	9	11	NA	NA	NA	NA	NA	6.896551724137932	15.517241380000002	18.96551724	58	0	0	0	0
2019-09-01	53019	Ferry	Kindergarten	NA	NA	NA	NA	NA	1	3	4	NA	NA	NA	NA	NA	1.7857142857142898	5.357142857000001	7.142857143000001	56	0	0	0	0
2019-09-01	53019	Ferry	Kindergarten	NA	NA	NA	NA	NA	0	0	3	NA	NA	NA	NA	NA	0	0	5	60	2	3.3333333330000006	1	1.666666667
2019-09-01	53019	Ferry	Kindergarten	NA	NA	NA	NA	NA	1	0	0	NA	NA	NA	NA	NA	1.3698630136986303	0	0	73	1	1.3698630139999999	0	0
2019-09-01	53019	Ferry	Kindergarten	NA	NA	NA	NA	NA	2	0	5	NA	NA	NA	NA	NA	3.3333333333333304	0	8.333333332999999	60	3	5	1	1.666666667
2019-09-01	53021	Franklin	Kindergarten	NA	NA	NA	NA	NA	32	3	31	NA	NA	NA	NA	NA	2.1739130434782594	0.2038043478000001	2.105978261	1472	0	0	0	0
2019-09-01	53021	Franklin	Kindergarten	NA	NA	NA	NA	NA	2	5	15	NA	NA	NA	NA	NA	0.1953125	0.48828125	1.4648437499999998	1024	6	0.5859375	2	0.1953125
2019-09-01	53021	Franklin	Kindergarten	NA	NA	NA	NA	NA	0	6	21	NA	NA	NA	NA	NA	0	0.42075736329999996	1.472650771	1426	15	1.0518934079999998	0	0
2019-09-01	53021	Franklin	Kindergarten	NA	NA	NA	NA	NA	2	4	22	NA	NA	NA	NA	NA	0.123762376237624	0.24752475250000003	1.3613861390000002	1616	17	1.051980198	2	0.12376237620000002
2019-09-01	53021	Franklin	Kindergarten	NA	NA	NA	NA	NA	4	5	33	NA	NA	NA	NA	NA	0.26350461133069797	0.32938076419999995	2.1739130429999998	1518	30	1.976284585	0	0
2019-09-01	53021	Franklin	Kindergarten	NA	NA	NA	NA	NA	3	2	48	NA	NA	NA	NA	NA	0.21171489061397297	0.1411432604	3.38743825	1417	39	2.752293578	7	0.4940014113999999
2019-09-01	53023	Garfield	Kindergarten	NA	NA	NA	NA	NA	0	0	0	NA	NA	NA	NA	NA	0	0	0	30	0	0	0	0
2019-09-01	53023	Garfield	Kindergarten	NA	NA	NA	NA	NA	0	0	0	NA	NA	NA	NA	NA	0	0	0	17	0	0	0	0
2019-09-01	53023	Garfield	Kindergarten	NA	NA	NA	NA	NA	0	0	0	NA	NA	NA	NA	NA	0	0	0	24	0	0	0	0
2019-09-01	53023	Garfield	Kindergarten	NA	NA	NA	NA	NA	0	0	0	NA	NA	NA	NA	NA	0	0	0	29	0	0	0	0
2019-09-01	53023	Garfield	Kindergarten	NA	NA	NA	NA	NA	1	0	1	NA	NA	NA	NA	NA	2.8571428571428603	0	2.8571428570000004	35	0	0	0	0
2019-09-01	53023	Garfield	Kindergarten	NA	NA	NA	NA	NA	0	0	0	NA	NA	NA	NA	NA	0	0	0	17	0	0	0	0
2019-09-01	53025	Grant	Kindergarten	NA	NA	NA	NA	NA	26	6	35	NA	NA	NA	NA	NA	2.77481323372465	0.6403415155000001	3.735325507	937	2	0.21344717179999995	1	0.1067235859
2019-09-01	53025	Grant	Kindergarten	NA	NA	NA	NA	NA	25	7	52	NA	NA	NA	NA	NA	1.6914749661705	0.4736129905	3.51826793	1478	30	2.029769959	5	0.3382949932
2019-09-01	53025	Grant	Kindergarten	NA	NA	NA	NA	NA	8	3	33	NA	NA	NA	NA	NA	0.550206327372765	0.20632737280000002	2.2696011	1454	17	1.1691884459999997	9	0.6189821183
2019-09-01	53025	Grant	Kindergarten	NA	NA	NA	NA	NA	17	4	39	NA	NA	NA	NA	NA	1.1038961038961	0.2597402597	2.5324675320000005	1540	22	1.428571429	8	0.5194805194999998
2019-09-01	53025	Grant	Kindergarten	NA	NA	NA	NA	NA	21	1	46	NA	NA	NA	NA	NA	1.37254901960784	0.06535947711999998	3.0065359480000002	1530	33	2.156862745	11	0.7189542484
2019-09-01	53025	Grant	Kindergarten	NA	NA	NA	NA	NA	18	3	58	NA	NA	NA	NA	NA	1.23456790123457	0.20576131690000005	3.978052126	1458	34	2.3319615910000002	16	1.09739369
2019-09-01	53027	Grays Harbor	Kindergarten	NA	NA	NA	NA	NA	21	9	31	NA	NA	NA	NA	NA	2.7522935779816495	1.179554391	4.062909567	763	2	0.2621231979	0	0
2019-09-01	53027	Grays Harbor	Kindergarten	NA	NA	NA	NA	NA	14	4	21	NA	NA	NA	NA	NA	1.96353436185133	0.5610098177	2.945301543	713	8	1.122019635	1	0.14025245440000003
2019-09-01	53027	Grays Harbor	Kindergarten	NA	NA	NA	NA	NA	8	3	20	NA	NA	NA	NA	NA	1.0596026490066202	0.3973509933999999	2.649006623	755	14	1.8543046360000002	2	0.2649006623
2019-09-01	53027	Grays Harbor	Kindergarten	NA	NA	NA	NA	NA	4	1	8	NA	NA	NA	NA	NA	0.5586592178770949	0.13966480449999996	1.1173184359999997	716	7	0.9776536313000002	0	0
2019-09-01	53027	Grays Harbor	Kindergarten	NA	NA	NA	NA	NA	6	2	22	NA	NA	NA	NA	NA	0.7905138339920952	0.26350461129999997	2.898550725	759	12	1.581027668	4	0.5270092227000001
2019-09-01	53027	Grays Harbor	Kindergarten	NA	NA	NA	NA	NA	10	2	31	NA	NA	NA	NA	NA	1.3550135501355	0.27100271	4.200542005	738	20	2.7100271	6	0.8130081301000001
2019-09-01	53029	Island	Kindergarten	NA	NA	NA	NA	NA	26	11	38	NA	NA	NA	NA	NA	3.3248081841432193	1.406649616	4.859335038	782	1	0.1278772379	0	0
2019-09-01	53029	Island	Kindergarten	NA	NA	NA	NA	NA	24	9	41	NA	NA	NA	NA	NA	2.9813664596273295	1.1180124219999996	5.093167702000001	805	19	2.3602484469999996	2	0.248447205
2019-09-01	53029	Island	Kindergarten	NA	NA	NA	NA	NA	14	5	24	NA	NA	NA	NA	NA	1.8918918918918906	0.6756756757	3.2432432429999998	740	12	1.621621622	0	0
2019-09-01	53029	Island	Kindergarten	NA	NA	NA	NA	NA	20	8	36	NA	NA	NA	NA	NA	2.4479804161566703	0.9791921664999996	4.406364749000001	817	18	2.2031823749999995	2	0.24479804160000002
2019-09-01	53029	Island	Kindergarten	NA	NA	NA	NA	NA	26	1	45	NA	NA	NA	NA	NA	3.262233375156841	0.1254705144	5.646173148999999	797	28	3.5131744040000004	4	0.5018820576999999
2019-09-01	53029	Island	Kindergarten	NA	NA	NA	NA	NA	19	4	35	NA	NA	NA	NA	NA	2.64993026499303	0.5578800557999999	4.881450488	717	17	2.3709902369999996	6	0.8368200836999999
2019-09-01	53031	Jefferson	Kindergarten	NA	NA	NA	NA	NA	20	5	24	NA	NA	NA	NA	NA	10.256410256410302	2.564102564	12.307692310000002	195	1	0.5128205128	0	0
2019-09-01	53031	Jefferson	Kindergarten	NA	NA	NA	NA	NA	10	5	19	NA	NA	NA	NA	NA	6.329113924050632	3.1645569620000007	12.02531646	158	8	5.063291139	3	1.8987341770000004
2019-09-01	53031	Jefferson	Kindergarten	NA	NA	NA	NA	NA	3	2	11	NA	NA	NA	NA	NA	1.9480519480519498	1.2987012990000002	7.142857143000001	154	5	3.246753246999999	2	1.2987012990000002
2019-09-01	53031	Jefferson	Kindergarten	NA	NA	NA	NA	NA	18	7	25	NA	NA	NA	NA	NA	7.964601769911499	3.097345133	11.061946899999999	226	15	6.637168142000001	0	0
2019-09-01	53031	Jefferson	Kindergarten	NA	NA	NA	NA	NA	7	3	22	NA	NA	NA	NA	NA	2.9045643153527	1.2448132779999999	9.128630705	241	13	5.394190871000001	3	1.2448132779999999
2019-09-01	53031	Jefferson	Kindergarten	NA	NA	NA	NA	NA	10	4	17	NA	NA	NA	NA	NA	4.62962962962963	1.8518518520000007	7.870370370000003	216	4	1.8518518520000007	3	1.3888888890000002
2019-09-01	53033	King	Kindergarten	NA	NA	NA	NA	NA	795	136	948	NA	NA	NA	NA	NA	3.0436447166921896	0.5206738132	3.629402757	26120	41	0.15696784069999997	17	0.06508422665
2019-09-01	53033	King	Kindergarten	NA	NA	NA	NA	NA	533	127	861	NA	NA	NA	NA	NA	2.34522814273771	0.5588067057	3.7884454609999993	22727	411	1.8084217010000003	25	0.11000132
2019-09-01	53033	King	Kindergarten	NA	NA	NA	NA	NA	296	43	459	NA	NA	NA	NA	NA	1.44970124400039	0.21059849149999993	2.248016456	20418	236	1.1558428839999997	19	0.09305514742
2019-09-01	53033	King	Kindergarten	NA	NA	NA	NA	NA	317	74	547	NA	NA	NA	NA	NA	1.3834337086497301	0.32294667019999995	2.3871868729999997	22914	354	1.544907044	25	0.10910360480000002
2019-09-01	53033	King	Kindergarten	NA	NA	NA	NA	NA	288	63	596	NA	NA	NA	NA	NA	1.24940349659451	0.2733070149	2.5855711250000004	23051	481	2.0866773679999997	27	0.11713157779999997
2019-09-01	53033	King	Kindergarten	NA	NA	NA	NA	NA	312	46	657	NA	NA	NA	NA	NA	1.40357191056728	0.20693688429999998	2.955598542	22229	490	2.2043276799999996	57	0.2564217914
2019-09-01	53035	Kitsap	Kindergarten	NA	NA	NA	NA	NA	108	25	138	NA	NA	NA	NA	NA	3.9633027522935813	0.9174311926999998	5.064220183000001	2725	6	0.22018348620000003	1	0.03669724770999999
2019-09-01	53035	Kitsap	Kindergarten	NA	NA	NA	NA	NA	67	25	112	NA	NA	NA	NA	NA	2.39200285612281	0.8925383792	3.998571938999999	2801	42	1.499464477	0	0
2019-09-01	53035	Kitsap	Kindergarten	NA	NA	NA	NA	NA	22	16	68	NA	NA	NA	NA	NA	0.9373668512995309	0.6817213463999999	2.8973157220000005	2347	32	1.3634426930000003	3	0.1278227524
2019-09-01	53035	Kitsap	Kindergarten	NA	NA	NA	NA	NA	46	19	84	NA	NA	NA	NA	NA	1.6819012797074997	0.6946983547000001	3.071297989	2735	41	1.499085923	3	0.1096892139
2019-09-01	53035	Kitsap	Kindergarten	NA	NA	NA	NA	NA	35	21	94	NA	NA	NA	NA	NA	1.3242527430949704	0.7945516459000003	3.5565645099999994	2643	53	2.0052970110000006	8	0.30268634130000005
2019-09-01	53035	Kitsap	Kindergarten	NA	NA	NA	NA	NA	44	15	106	NA	NA	NA	NA	NA	1.69753086419753	0.5787037037	4.089506173000001	2592	61	2.3533950620000006	14	0.5401234568
2019-09-01	53037	Kittitas	Kindergarten	NA	NA	NA	NA	NA	19	4	23	NA	NA	NA	NA	NA	4.545454545454549	0.9569377989999999	5.502392344	418	0	0	0	0
2019-09-01	53037	Kittitas	Kindergarten	NA	NA	NA	NA	NA	6	4	12	NA	NA	NA	NA	NA	1.5624999999999998	1.0416666669999999	3.125	384	5	1.3020833330000001	0	0
2019-09-01	53037	Kittitas	Kindergarten	NA	NA	NA	NA	NA	5	1	13	NA	NA	NA	NA	NA	2.63157894736842	0.5263157895	6.8421052630000005	190	6	3.157894737	3	1.578947368
2019-09-01	53037	Kittitas	Kindergarten	NA	NA	NA	NA	NA	1	2	9	NA	NA	NA	NA	NA	0.259067357512953	0.518134715	2.331606218	386	6	1.5544041450000001	1	0.25906735750000004
2019-09-01	53037	Kittitas	Kindergarten	NA	NA	NA	NA	NA	10	1	28	NA	NA	NA	NA	NA	2.42130750605327	0.24213075060000003	6.779661017000002	413	17	4.116222760000001	7	1.6949152539999999
2019-09-01	53037	Kittitas	Kindergarten	NA	NA	NA	NA	NA	7	3	21	NA	NA	NA	NA	NA	1.8276762402088798	0.7832898172	5.483028721000002	383	12	3.1331592690000005	5	1.3054830290000001
2019-09-01	53039	Klickitat	Kindergarten	NA	NA	NA	NA	NA	17	2	19	NA	NA	NA	NA	NA	7.456140350877191	0.8771929825	8.333333332999999	228	1	0.4385964911999999	0	0
2019-09-01	53039	Klickitat	Kindergarten	NA	NA	NA	NA	NA	9	4	24	NA	NA	NA	NA	NA	4.265402843601901	1.8957345970000008	11.374407580000002	211	14	6.63507109	7	3.317535545
2019-09-01	53039	Klickitat	Kindergarten	NA	NA	NA	NA	NA	7	3	14	NA	NA	NA	NA	NA	3.2258064516129004	1.3824884790000003	6.451612903000001	217	6	2.7649769589999993	2	0.9216589862000002
2019-09-01	53039	Klickitat	Kindergarten	NA	NA	NA	NA	NA	8	4	28	NA	NA	NA	NA	NA	2.58899676375405	1.294498382	9.061488673	309	17	5.501618123000001	3	0.9708737863999997
2019-09-01	53039	Klickitat	Kindergarten	NA	NA	NA	NA	NA	12	3	21	NA	NA	NA	NA	NA	4.3956043956043995	1.098901099	7.692307692000003	273	6	2.1978021980000007	2	0.7326007325999999
2019-09-01	53039	Klickitat	Kindergarten	NA	NA	NA	NA	NA	21	2	37	NA	NA	NA	NA	NA	8.01526717557252	0.7633587785999999	14.122137400000002	262	23	8.778625954000002	3	1.1450381679999997
2019-09-01	53041	Lewis	Kindergarten	NA	NA	NA	NA	NA	40	9	49	NA	NA	NA	NA	NA	4.47928331466965	1.007838746	5.487122060000002	893	1	0.1119820829	1	0.1119820829
2019-09-01	53041	Lewis	Kindergarten	NA	NA	NA	NA	NA	25	5	32	NA	NA	NA	NA	NA	3.1486146095717897	0.6297229218999999	4.030226700000001	794	13	1.6372795970000003	1	0.1259445844
2019-09-01	53041	Lewis	Kindergarten	NA	NA	NA	NA	NA	22	2	36	NA	NA	NA	NA	NA	2.6159334126040408	0.23781212840000002	4.2806183120000005	841	20	2.378121284	4	0.47562425679999987
2019-09-01	53041	Lewis	Kindergarten	NA	NA	NA	NA	NA	18	0	30	NA	NA	NA	NA	NA	1.9845644983461999	0	3.3076074969999993	907	20	2.205071665	1	0.11025358320000003
2019-09-01	53041	Lewis	Kindergarten	NA	NA	NA	NA	NA	19	1	40	NA	NA	NA	NA	NA	2.0719738276990194	0.10905125410000001	4.362050164000001	917	24	2.6172300980000003	5	0.5452562703999999
2019-09-01	53041	Lewis	Kindergarten	NA	NA	NA	NA	NA	19	1	45	NA	NA	NA	NA	NA	2.24852071005917	0.11834319530000001	5.325443786999999	845	28	3.3136094670000005	9	1.065088757
2019-09-01	53043	Lincoln	Kindergarten	NA	NA	NA	NA	NA	3	1	4	NA	NA	NA	NA	NA	3.0927835051546397	1.0309278350000002	4.123711340000001	97	0	0	0	0
2019-09-01	53043	Lincoln	Kindergarten	NA	NA	NA	NA	NA	4	1	5	NA	NA	NA	NA	NA	2.4844720496894395	0.6211180124	3.1055900620000005	161	4	2.4844720499999995	0	0
2019-09-01	53043	Lincoln	Kindergarten	NA	NA	NA	NA	NA	0	1	3	NA	NA	NA	NA	NA	0	0.8771929825	2.631578947	114	2	1.754385965	0	0
2019-09-01	53043	Lincoln	Kindergarten	NA	NA	NA	NA	NA	3	0	4	NA	NA	NA	NA	NA	2.2900763358778597	0	3.0534351150000005	131	4	3.0534351150000005	1	0.7633587785999999
2019-09-01	53043	Lincoln	Kindergarten	NA	NA	NA	NA	NA	8	1	14	NA	NA	NA	NA	NA	4.14507772020725	0.518134715	7.253886009999999	193	8	4.145077720000001	2	1.03626943
2019-09-01	53043	Lincoln	Kindergarten	NA	NA	NA	NA	NA	3	0	15	NA	NA	NA	NA	NA	1.50753768844221	0	7.537688442000001	199	9	4.522613065	5	2.5125628140000003
2019-09-01	53045	Mason	Kindergarten	NA	NA	NA	NA	NA	20	7	31	NA	NA	NA	NA	NA	2.07253886010363	0.725388601	3.2124352330000003	965	4	0.41450777199999994	0	0
2019-09-01	53045	Mason	Kindergarten	NA	NA	NA	NA	NA	9	4	19	NA	NA	NA	NA	NA	1.8907563025210103	0.8403361344999999	3.9915966389999995	476	11	2.3109243699999995	0	0
2019-09-01	53045	Mason	Kindergarten	NA	NA	NA	NA	NA	11	3	22	NA	NA	NA	NA	NA	1.9097222222222199	0.5208333333	3.8194444439999997	576	12	2.0833333329999997	0	0
2019-09-01	53045	Mason	Kindergarten	NA	NA	NA	NA	NA	6	8	34	NA	NA	NA	NA	NA	0.865800865800866	1.1544011539999999	4.906204906	693	21	3.0303030300000002	2	0.2886002886
2019-09-01	53045	Mason	Kindergarten	NA	NA	NA	NA	NA	7	6	24	NA	NA	NA	NA	NA	1.0159651669085599	0.8708272859000001	3.483309144000001	689	12	1.7416545720000003	3	0.43541364299999996
2019-09-01	53045	Mason	Kindergarten	NA	NA	NA	NA	NA	9	8	28	NA	NA	NA	NA	NA	1.31386861313869	1.167883212	4.087591241	685	11	1.605839416000001	5	0.7299270072999999
2019-09-01	53047	Okanogan	Kindergarten	NA	NA	NA	NA	NA	17	2	24	NA	NA	NA	NA	NA	2.9616724738675995	0.3484320557	4.181184669000001	574	5	0.8710801394	0	0
2019-09-01	53047	Okanogan	Kindergarten	NA	NA	NA	NA	NA	13	4	29	NA	NA	NA	NA	NA	2.7027027027027004	0.8316008316000002	6.029106029	481	20	4.158004158	0	0
2019-09-01	53047	Okanogan	Kindergarten	NA	NA	NA	NA	NA	2	2	11	NA	NA	NA	NA	NA	0.45662100456621	0.4566210046	2.5114155250000003	438	10	2.2831050229999996	0	0
2019-09-01	53047	Okanogan	Kindergarten	NA	NA	NA	NA	NA	1	0	7	NA	NA	NA	NA	NA	0.163934426229508	0	1.147540984	610	6	0.9836065574000001	2	0.3278688525000001
2019-09-01	53047	Okanogan	Kindergarten	NA	NA	NA	NA	NA	4	2	11	NA	NA	NA	NA	NA	0.670016750418761	0.3350083752	1.8425460640000006	597	9	1.507537688	1	0.16750418759999997
2019-09-01	53047	Okanogan	Kindergarten	NA	NA	NA	NA	NA	10	5	22	NA	NA	NA	NA	NA	1.7953321364452406	0.8976660682000001	3.9497307000000004	557	8	1.436265709	5	0.8976660682000001
2019-09-01	53049	Pacific	Kindergarten	NA	NA	NA	NA	NA	13	6	19	NA	NA	NA	NA	NA	6.341463414634149	2.9268292679999997	9.268292683	205	0	0	0	0
2019-09-01	53049	Pacific	Kindergarten	NA	NA	NA	NA	NA	2	0	2	NA	NA	NA	NA	NA	1.75438596491228	0	1.754385965	114	0	0	1	0.8771929825
2019-09-01	53049	Pacific	Kindergarten	NA	NA	NA	NA	NA	5	1	7	NA	NA	NA	NA	NA	2.63157894736842	0.5263157895	3.684210526	190	2	1.0526315790000003	2	1.0526315790000003
2019-09-01	53049	Pacific	Kindergarten	NA	NA	NA	NA	NA	2	0	9	NA	NA	NA	NA	NA	1.1976047904191598	0	5.389221557000001	167	5	2.994011976	4	2.3952095810000005
2019-09-01	53049	Pacific	Kindergarten	NA	NA	NA	NA	NA	2	1	12	NA	NA	NA	NA	NA	1.1111111111111098	0.5555555555999998	6.666666667000001	180	9	5	4	2.222222221999999
2019-09-01	53049	Pacific	Kindergarten	NA	NA	NA	NA	NA	4	5	13	NA	NA	NA	NA	NA	2.1857923497267806	2.732240437	7.103825137000001	183	6	3.2786885249999993	0	0
2019-09-01	53051	Pend Oreille	Kindergarten	NA	NA	NA	NA	NA	3	1	4	NA	NA	NA	NA	NA	3.1914893617021294	1.063829787	4.255319149000001	94	0	0	0	0
2019-09-01	53051	Pend Oreille	Kindergarten	NA	NA	NA	NA	NA	0	0	0	NA	NA	NA	NA	NA	0	0	0	41	0	0	0	0
2019-09-01	53051	Pend Oreille	Kindergarten	NA	NA	NA	NA	NA	0	0	2	NA	NA	NA	NA	NA	0	0	3.5087719299999995	57	2	3.5087719299999995	0	0
2019-09-01	53051	Pend Oreille	Kindergarten	NA	NA	NA	NA	NA	0	1	2	NA	NA	NA	NA	NA	0	1.1627906979999998	2.3255813950000004	86	1	1.1627906979999998	0	0
2019-09-01	53051	Pend Oreille	Kindergarten	NA	NA	NA	NA	NA	1	0	5	NA	NA	NA	NA	NA	0.819672131147541	0	4.098360656	122	4	3.2786885249999993	0	0
2019-09-01	53051	Pend Oreille	Kindergarten	NA	NA	NA	NA	NA	1	0	2	NA	NA	NA	NA	NA	0.869565217391304	0	1.7391304350000008	115	1	0.8695652174	0	0
2019-09-01	53053	Pierce	Kindergarten	NA	NA	NA	NA	NA	358	64	445	NA	NA	NA	NA	NA	3.4960937499999996	0.625	4.345703125	10240	26	0.25390625	8	0.078125
2019-09-01	53053	Pierce	Kindergarten	NA	NA	NA	NA	NA	206	58	494	NA	NA	NA	NA	NA	1.96903077805391	0.5543873063999999	4.721850507	10462	274	2.619002103	30	0.2867520551
2019-09-01	53053	Pierce	Kindergarten	NA	NA	NA	NA	NA	139	35	276	NA	NA	NA	NA	NA	1.66009793383495	0.4180102711000001	3.2963095659999997	8373	173	2.0661650540000003	21	0.25080616270000006
2019-09-01	53053	Pierce	Kindergarten	NA	NA	NA	NA	NA	196	65	480	NA	NA	NA	NA	NA	1.7545430131590705	0.5818637543999999	4.2968400319999995	11171	322	2.882463522	36	0.32226300239999994
2019-09-01	53053	Pierce	Kindergarten	NA	NA	NA	NA	NA	164	36	459	NA	NA	NA	NA	NA	1.5196441808747196	0.33358042990000003	4.253150482000001	10792	362	3.3543365460000003	42	0.38917716830000004
2019-09-01	53053	Pierce	Kindergarten	NA	NA	NA	NA	NA	202	53	546	NA	NA	NA	NA	NA	1.9029674988224203	0.4992934526999999	5.1436646260000005	10615	425	4.003768252	41	0.3862458785
2019-09-01	53055	San Juan	Kindergarten	NA	NA	NA	NA	NA	7	2	8	NA	NA	NA	NA	NA	4.26829268292683	1.2195121949999999	4.878048779999999	164	0	0	0	0
2019-09-01	53055	San Juan	Kindergarten	NA	NA	NA	NA	NA	4	1	4	NA	NA	NA	NA	NA	3.3057851239669414	0.8264462810000002	3.305785124000001	121	1	0.8264462810000002	1	0.8264462810000002
2019-09-01	53055	San Juan	Kindergarten	NA	NA	NA	NA	NA	2	2	5	NA	NA	NA	NA	NA	2.77777777777778	2.777777778	6.944444444	72	1	1.3888888890000002	0	0
2019-09-01	53055	San Juan	Kindergarten	NA	NA	NA	NA	NA	2	4	8	NA	NA	NA	NA	NA	1.9417475728155305	3.8834951459999996	7.766990291000002	103	3	2.9126213589999996	0	0
2019-09-01	53055	San Juan	Kindergarten	NA	NA	NA	NA	NA	0	2	3	NA	NA	NA	NA	NA	0	2.3809523809999997	3.5714285709999993	84	1	1.1904761899999998	0	0
2019-09-01	53055	San Juan	Kindergarten	NA	NA	NA	NA	NA	3	1	5	NA	NA	NA	NA	NA	2.7027027027027004	0.9009009009000001	4.504504504999999	111	2	1.8018018020000006	0	0
2019-09-01	53057	Skagit	Kindergarten	NA	NA	NA	NA	NA	77	9	92	NA	NA	NA	NA	NA	5.36959553695955	0.6276150627999999	6.415620642000001	1434	4	0.2789400279	3	0.20920502089999998
2019-09-01	53057	Skagit	Kindergarten	NA	NA	NA	NA	NA	25	19	73	NA	NA	NA	NA	NA	1.6578249336869997	1.25994695	4.8408488059999994	1508	35	2.3209549069999995	4	0.2652519894
2019-09-01	53057	Skagit	Kindergarten	NA	NA	NA	NA	NA	24	7	42	NA	NA	NA	NA	NA	1.856148491879351	0.5413766435	3.248259861	1293	22	1.7014694510000004	3	0.2320185615
2019-09-01	53057	Skagit	Kindergarten	NA	NA	NA	NA	NA	23	4	49	NA	NA	NA	NA	NA	1.5519568151147098	0.2699055331	3.3063427800000005	1482	36	2.4291497980000005	0	0
2019-09-01	53057	Skagit	Kindergarten	NA	NA	NA	NA	NA	29	19	82	NA	NA	NA	NA	NA	2.08483105679367	1.3659237960000001	5.89503954	1391	49	3.5226455789999993	6	0.4313443566
2019-09-01	53057	Skagit	Kindergarten	NA	NA	NA	NA	NA	33	8	84	NA	NA	NA	NA	NA	2.4535315985130106	0.5947955389999999	6.2453531600000005	1345	59	4.3866171000000005	10	0.7434944237999999
2019-09-01	53059	Skamania	Kindergarten	NA	NA	NA	NA	NA	0	0	0	NA	NA	NA	NA	NA	NA	0	0	0	0	0	0	0
2019-09-01	53059	Skamania	Kindergarten	NA	NA	NA	NA	NA	3	1	5	NA	NA	NA	NA	NA	3.79746835443038	1.2658227850000001	6.329113924000001	79	2	2.5316455700000002	2	2.5316455700000002
2019-09-01	53059	Skamania	Kindergarten	NA	NA	NA	NA	NA	0	2	4	NA	NA	NA	NA	NA	0	2.272727272999999	4.545454544999998	88	2	2.272727272999999	0	0
2019-09-01	53059	Skamania	Kindergarten	NA	NA	NA	NA	NA	4	1	4	NA	NA	NA	NA	NA	6.25	1.5624999999999998	6.25	64	1	1.5624999999999998	0	0
2019-09-01	53059	Skamania	Kindergarten	NA	NA	NA	NA	NA	5	3	9	NA	NA	NA	NA	NA	4.1666666666666705	2.5	7.500000000000001	120	6	5	0	0
2019-09-01	53059	Skamania	Kindergarten	NA	NA	NA	NA	NA	4	1	12	NA	NA	NA	NA	NA	4.210526315789469	1.0526315790000003	12.631578950000003	95	8	8.421052632	2	2.105263158
2019-09-01	53061	Snohomish	Kindergarten	NA	NA	NA	NA	NA	407	104	521	NA	NA	NA	NA	NA	4.77980035231944	1.221374046	6.11861421	8515	11	0.12918379330000002	8	0.09395184968
2019-09-01	53061	Snohomish	Kindergarten	NA	NA	NA	NA	NA	239	78	405	NA	NA	NA	NA	NA	2.82572712225112	0.9222038306999999	4.788366044000001	8458	211	2.4946795930000003	11	0.1300543864
2019-09-01	53061	Snohomish	Kindergarten	NA	NA	NA	NA	NA	146	79	354	NA	NA	NA	NA	NA	1.8024691358024707	0.9753086419999998	4.370370370000001	8100	167	2.061728395	28	0.34567901230000003
2019-09-01	53061	Snohomish	Kindergarten	NA	NA	NA	NA	NA	152	46	329	NA	NA	NA	NA	NA	1.61684927135411	0.48930964790000014	3.499627698999999	9401	187	1.98915009	30	0.31911498779999997
2019-09-01	53061	Snohomish	Kindergarten	NA	NA	NA	NA	NA	170	48	432	NA	NA	NA	NA	NA	1.8640350877193006	0.5263157895	4.736842105	9120	289	3.168859649	33	0.36184210529999994
2019-09-01	53061	Snohomish	Kindergarten	NA	NA	NA	NA	NA	182	38	454	NA	NA	NA	NA	NA	2.06489675516224	0.4311322895	5.150896301	8814	296	3.358293624	54	0.6126616746
2019-09-01	53063	Spokane	Kindergarten	NA	NA	NA	NA	NA	394	64	478	NA	NA	NA	NA	NA	7.553680981595091	1.2269938649999999	9.164110428999999	5216	17	0.3259202454	8	0.15337423310000003
2019-09-01	53063	Spokane	Kindergarten	NA	NA	NA	NA	NA	184	50	383	NA	NA	NA	NA	NA	3.6170631020247708	0.9828975820999999	7.528995479000001	5087	221	4.344407313	74	1.4546884210000002
2019-09-01	53063	Spokane	Kindergarten	NA	NA	NA	NA	NA	113	27	283	NA	NA	NA	NA	NA	2.1911964320341304	0.5235602093999998	5.487686640000001	5157	185	3.5873569900000004	28	0.5429513283
2019-09-01	53063	Spokane	Kindergarten	NA	NA	NA	NA	NA	159	28	343	NA	NA	NA	NA	NA	2.6018654884634307	0.45819014890000015	5.612829324000001	6111	242	3.960072001000001	28	0.45819014890000015
2019-09-01	53063	Spokane	Kindergarten	NA	NA	NA	NA	NA	107	16	267	NA	NA	NA	NA	NA	1.7904953145917006	0.2677376171	4.467871486	5976	198	3.313253012000001	29	0.4852744311
2019-09-01	53063	Spokane	Kindergarten	NA	NA	NA	NA	NA	147	19	444	NA	NA	NA	NA	NA	2.5834797891036896	0.3339191564	7.803163445000003	5690	357	6.274165202000001	48	0.8435852373000001
2019-09-01	53065	Stevens	Kindergarten	NA	NA	NA	NA	NA	179	11	51	NA	NA	NA	NA	NA	36.755646817248504	2.258726899	10.472279260000002	487	1	0.205338809	1	0.205338809
2019-09-01	53065	Stevens	Kindergarten	NA	NA	NA	NA	NA	32	7	53	NA	NA	NA	NA	NA	7.322654462242562	1.6018306640000004	12.128146450000001	437	30	6.864988558	2	0.45766590389999995
2019-09-01	53065	Stevens	Kindergarten	NA	NA	NA	NA	NA	21	10	37	NA	NA	NA	NA	NA	5.37084398976982	2.5575447570000005	9.462915601	391	22	5.626598464999999	1	0.25575447570000004
2019-09-01	53065	Stevens	Kindergarten	NA	NA	NA	NA	NA	16	13	49	NA	NA	NA	NA	NA	3.252032520325201	2.6422764229999998	9.959349592999999	492	26	5.284552846	6	1.2195121949999999
2019-09-01	53065	Stevens	Kindergarten	NA	NA	NA	NA	NA	36	15	102	NA	NA	NA	NA	NA	6.18556701030928	2.5773195880000004	17.525773200000003	582	64	10.996563570000001	8	1.374570447
2019-09-01	53065	Stevens	Kindergarten	NA	NA	NA	NA	NA	21	16	97	NA	NA	NA	NA	NA	4.751131221719461	3.619909502	21.94570136	442	60	13.574660630000002	16	3.619909502
2019-09-01	53067	Thurston	Kindergarten	NA	NA	NA	NA	NA	140	21	174	NA	NA	NA	NA	NA	4.48143405889885	0.6722151088	5.569782330000001	3124	13	0.4161331626000001	4	0.12804097310000004
2019-09-01	53067	Thurston	Kindergarten	NA	NA	NA	NA	NA	79	19	146	NA	NA	NA	NA	NA	2.36102809324567	0.5678421995999999	4.363419008000001	3346	79	2.361028093	6	0.17931858940000003
2019-09-01	53067	Thurston	Kindergarten	NA	NA	NA	NA	NA	44	9	87	NA	NA	NA	NA	NA	1.5703069236259797	0.3211991435	3.1049250539999997	2802	44	1.5703069239999996	5	0.1784439686
2019-09-01	53067	Thurston	Kindergarten	NA	NA	NA	NA	NA	62	14	130	NA	NA	NA	NA	NA	1.835405565423331	0.41444641799999987	3.848431024	3378	66	1.9538188279999997	15	0.4440497336
2019-09-01	53067	Thurston	Kindergarten	NA	NA	NA	NA	NA	55	13	124	NA	NA	NA	NA	NA	1.7361111111111105	0.41035353539999997	3.9141414140000004	3168	73	2.304292929	17	0.5366161616
2019-09-01	53067	Thurston	Kindergarten	NA	NA	NA	NA	NA	51	13	132	NA	NA	NA	NA	NA	1.6693944353518804	0.42553191489999986	4.320785597	3055	70	2.2913256960000004	27	0.883797054
2019-09-01	53069	Wahkiakum	Kindergarten	NA	NA	NA	NA	NA	2	1	4	NA	NA	NA	NA	NA	4.347826086956521	2.1739130429999998	8.695652174000001	46	1	2.1739130429999998	0	0
2019-09-01	53069	Wahkiakum	Kindergarten	NA	NA	NA	NA	NA	0	0	0	NA	NA	NA	NA	NA	NA	0	0	0	0	0	0	0
2019-09-01	53069	Wahkiakum	Kindergarten	NA	NA	NA	NA	NA	0	0	2	NA	NA	NA	NA	NA	0	0	1.0309278350000002	194	0	0	2	1.0309278350000002
2019-09-01	53069	Wahkiakum	Kindergarten	NA	NA	NA	NA	NA	0	0	1	NA	NA	NA	NA	NA	0	0	3.7037037040000005	27	1	3.7037037040000005	0	0
2019-09-01	53069	Wahkiakum	Kindergarten	NA	NA	NA	NA	NA	0	0	0	NA	NA	NA	NA	NA	0	0	0	27	0	0	0	0
2019-09-01	53069	Wahkiakum	Kindergarten	NA	NA	NA	NA	NA	0	0	0	NA	NA	NA	NA	NA	0	0	0	32	0	0	0	0
2019-09-01	53071	Walla Walla	Kindergarten	NA	NA	NA	NA	NA	22	1	23	NA	NA	NA	NA	NA	3.9426523297490994	0.17921146950000003	4.121863799000001	558	0	0	0	0
2019-09-01	53071	Walla Walla	Kindergarten	NA	NA	NA	NA	NA	18	3	28	NA	NA	NA	NA	NA	2.4556616643929106	0.4092769441	3.819918145	733	7	0.9549795362000001	4	0.5457025921
2019-09-01	53071	Walla Walla	Kindergarten	NA	NA	NA	NA	NA	6	1	15	NA	NA	NA	NA	NA	1.0016694490818001	0.16694490819999996	2.504173623	599	11	1.8363939900000008	0	0
2019-09-01	53071	Walla Walla	Kindergarten	NA	NA	NA	NA	NA	5	2	15	NA	NA	NA	NA	NA	0.7598784194528878	0.30395136780000004	2.279635258	658	11	1.671732523	0	0
2019-09-01	53071	Walla Walla	Kindergarten	NA	NA	NA	NA	NA	14	1	29	NA	NA	NA	NA	NA	2.1875	0.15625	4.531250000000001	640	23	3.5937499999999996	2	0.3125
2019-09-01	53071	Walla Walla	Kindergarten	NA	NA	NA	NA	NA	4	2	22	NA	NA	NA	NA	NA	0.6309148264984231	0.31545741320000004	3.470031546	634	15	2.3659305990000004	4	0.6309148265000001
2019-09-01	53073	Whatcom	Kindergarten	NA	NA	NA	NA	NA	142	21	163	NA	NA	NA	NA	NA	6.40505187189896	0.9472259811000002	7.352277853000003	2217	6	0.2706359946	2	0.0902119982
2019-09-01	53073	Whatcom	Kindergarten	NA	NA	NA	NA	NA	88	15	147	NA	NA	NA	NA	NA	3.9373601789709216	0.6711409395999999	6.577181208000001	2235	74	3.3109619690000014	0	0
2019-09-01	53073	Whatcom	Kindergarten	NA	NA	NA	NA	NA	57	9	106	NA	NA	NA	NA	NA	2.72206303724928	0.42979942689999995	5.062082139000001	2094	62	2.9608404970000004	1	0.04775549188000001
2019-09-01	53073	Whatcom	Kindergarten	NA	NA	NA	NA	NA	40	11	81	NA	NA	NA	NA	NA	1.8173557473875497	0.4997728305	3.6801453879999992	2201	57	2.58973194	2	0.09086778737
2019-09-01	53073	Whatcom	Kindergarten	NA	NA	NA	NA	NA	62	8	103	NA	NA	NA	NA	NA	2.6507054296708006	0.34202650710000004	4.4035912779999995	2339	71	3.0354852500000002	8	0.34202650710000004
2019-09-01	53073	Whatcom	Kindergarten	NA	NA	NA	NA	NA	52	12	120	NA	NA	NA	NA	NA	2.1711899791231697	0.5010438413	5.010438413	2395	85	3.5490605429999995	2	0.08350730689000001
2019-09-01	53075	Whitman	Kindergarten	NA	NA	NA	NA	NA	15	0	15	NA	NA	NA	NA	NA	3.46420323325635	0	3.464203233	433	0	0	0	0
2019-09-01	53075	Whitman	Kindergarten	NA	NA	NA	NA	NA	5	5	16	NA	NA	NA	NA	NA	1.3262599469496001	1.3262599470000003	4.24403183	377	7	1.8567639260000004	0	0
2019-09-01	53075	Whitman	Kindergarten	NA	NA	NA	NA	NA	6	0	5	NA	NA	NA	NA	NA	2.23880597014925	0	1.8656716420000004	268	2	0.7462686567000001	0	0
2019-09-01	53075	Whitman	Kindergarten	NA	NA	NA	NA	NA	5	1	8	NA	NA	NA	NA	NA	1.44927536231884	0.2898550725	2.3188405800000003	345	5	1.4492753619999998	0	0
2019-09-01	53075	Whitman	Kindergarten	NA	NA	NA	NA	NA	0	3	7	NA	NA	NA	NA	NA	0	0.9375	2.1875	320	3	0.9375	2	0.625
2019-09-01	53075	Whitman	Kindergarten	NA	NA	NA	NA	NA	1	0	12	NA	NA	NA	NA	NA	0.294117647058824	0	3.529411765	340	11	3.2352941180000006	1	0.2941176471
2019-09-01	53077	Yakima	Kindergarten	NA	NA	NA	NA	NA	53	18	79	NA	NA	NA	NA	NA	1.4394350896252002	0.4888647474	2.1455730580000005	3682	7	0.19011406839999997	2	0.05431830526999999
2019-09-01	53077	Yakima	Kindergarten	NA	NA	NA	NA	NA	11	10	43	NA	NA	NA	NA	NA	0.2972972972972969	0.27027027029999995	1.1621621619999996	3700	25	0.6756756757	4	0.10810810809999997
2019-09-01	53077	Yakima	Kindergarten	NA	NA	NA	NA	NA	18	9	37	NA	NA	NA	NA	NA	0.4736842105263158	0.23684210529999997	0.9736842105000001	3800	16	0.4210526315999999	1	0.026315789470000003
2019-09-01	53077	Yakima	Kindergarten	NA	NA	NA	NA	NA	22	13	49	NA	NA	NA	NA	NA	0.6160739288714651	0.3640436851999999	1.3721646599999997	3571	23	0.6440772893000001	0	0
2019-09-01	53077	Yakima	Kindergarten	NA	NA	NA	NA	NA	18	3	51	NA	NA	NA	NA	NA	0.48661800486618007	0.08110300081	1.378751014	3699	41	1.108407678	3	0.08110300081
2019-09-01	53077	Yakima	Kindergarten	NA	NA	NA	NA	NA	24	13	86	NA	NA	NA	NA	NA	0.6580751302440361	0.35645736220000007	2.3581025500000004	3647	58	1.5903482310000001	4	0.10967918839999996
2021-09-01	53001	Adams	7th grade	NA	NA	NA	NA	NA	4	1	5	NA	NA	NA	NA	NA	0.8999999999999999	0.22999999999999998	1.13	442	0	0.8999999999999999	0	0
2021-09-01	53001	Adams	7th grade	NA	NA	NA	NA	NA	2	1	3	NA	NA	NA	NA	NA	0.51	0.26	0.77	389	1	0.51	0	0
2021-09-01	53001	Adams	7th grade	NA	NA	NA	NA	NA	1	0	2	NA	NA	NA	NA	NA	0.22999999999999998	0	0.45999999999999996	432	0	0.22999999999999998	1	0.22999999999999998
2021-09-01	53001	Adams	7th grade	NA	NA	NA	NA	NA	7	2	12	NA	NA	NA	NA	NA	1.6099999999999999	0.45999999999999996	2.76	435	4	1.6099999999999999	2	0.45999999999999996
2021-09-01	53003	Asotin	7th grade	NA	NA	NA	NA	NA	6	3	10	NA	NA	NA	NA	NA	2.46	1.23	4.1000000000000005	244	2	2.46	1	0.41000000000000003
2021-09-01	53003	Asotin	7th grade	NA	NA	NA	NA	NA	1	0	1	NA	NA	NA	NA	NA	1.82	0	1.82	55	0	1.82	0	0
2021-09-01	53003	Asotin	7th grade	NA	NA	NA	NA	NA	5	4	7	NA	NA	NA	NA	NA	2.1900000000000004	1.7500000000000002	3.07	228	1	2.1900000000000004	0	0
2021-09-01	53003	Asotin	7th grade	NA	NA	NA	NA	NA	0	1	2	NA	NA	NA	NA	NA	0	0.41000000000000003	0.83	241	1	0	0	0
2021-09-01	53005	Benton	7th grade	NA	NA	NA	NA	NA	63	40	123	NA	NA	NA	NA	NA	2.1300000000000003	1.35	4.16	2957	28	2.1300000000000003	6	0.2
2021-09-01	53005	Benton	7th grade	NA	NA	NA	NA	NA	42	16	70	NA	NA	NA	NA	NA	1.3900000000000001	0.53	2.31	3032	18	1.3900000000000001	2	0.06999999999999999
2021-09-01	53005	Benton	7th grade	NA	NA	NA	NA	NA	54	16	98	NA	NA	NA	NA	NA	1.81	0.54	3.29	2983	31	1.81	9	0.3
2021-09-01	53005	Benton	7th grade	NA	NA	NA	NA	NA	55	21	115	NA	NA	NA	NA	NA	1.7400000000000002	0.67	3.65	3153	41	1.7400000000000002	13	0.41000000000000003
2021-09-01	53007	Chelan	7th grade	NA	NA	NA	NA	NA	15	3	23	NA	NA	NA	NA	NA	1.48	0.3	2.2699999999999996	1014	10	1.48	1	0.1
2021-09-01	53007	Chelan	7th grade	NA	NA	NA	NA	NA	27	11	38	NA	NA	NA	NA	NA	2.54	1.03	3.5699999999999994	1064	15	2.54	1	0.09000000000000001
2021-09-01	53007	Chelan	7th grade	NA	NA	NA	NA	NA	32	7	46	NA	NA	NA	NA	NA	2.94	0.64	4.22	1090	13	2.94	3	0.27999999999999997
2021-09-01	53007	Chelan	7th grade	NA	NA	NA	NA	NA	32	9	49	NA	NA	NA	NA	NA	3.06	0.86	4.68	1046	17	3.06	3	0.29
2021-09-01	53009	Clallam	7th grade	NA	NA	NA	NA	NA	25	7	38	NA	NA	NA	NA	NA	4.010000000000001	1.1199999999999999	6.1	623	13	4.010000000000001	1	0.15999999999999998
2021-09-01	53009	Clallam	7th grade	NA	NA	NA	NA	NA	10	5	21	NA	NA	NA	NA	NA	1.52	0.76	3.2	656	9	1.52	0	0
2021-09-01	53009	Clallam	7th grade	NA	NA	NA	NA	NA	26	15	41	NA	NA	NA	NA	NA	4.14	2.39	6.529999999999999	628	9	4.14	1	0.15999999999999998
2021-09-01	53009	Clallam	7th grade	NA	NA	NA	NA	NA	22	7	44	NA	NA	NA	NA	NA	2.78	0.88	5.5600000000000005	792	22	2.78	4	0.51
2021-09-01	53011	Clark	7th grade	NA	NA	NA	NA	NA	212	67	365	NA	NA	NA	NA	NA	3.4100000000000006	1.08	5.87	6219	121	3.4100000000000006	30	0.48000000000000004
2021-09-01	53011	Clark	7th grade	NA	NA	NA	NA	NA	219	67	398	NA	NA	NA	NA	NA	3.5999999999999996	1.0999999999999999	6.54	6082	134	3.5999999999999996	29	0.48000000000000004
2021-09-01	53011	Clark	7th grade	NA	NA	NA	NA	NA	259	62	470	NA	NA	NA	NA	NA	4.24	1.02	7.700000000000001	6104	179	4.24	41	0.67
2021-09-01	53011	Clark	7th grade	NA	NA	NA	NA	NA	259	75	516	NA	NA	NA	NA	NA	4.25	1.23	8.47	6094	215	4.25	56	0.9199999999999999
2021-09-01	53013	Columbia	7th grade	NA	NA	NA	NA	NA	1	0	1	NA	NA	NA	NA	NA	3.3300000000000005	0	3.3300000000000005	30	1	3.3300000000000005	0	0
2021-09-01	53013	Columbia	7th grade	NA	NA	NA	NA	NA	1	1	2	NA	NA	NA	NA	NA	3.1199999999999997	3.1199999999999997	6.25	32	1	3.1199999999999997	0	0
2021-09-01	53013	Columbia	7th grade	NA	NA	NA	NA	NA	1	1	7	NA	NA	NA	NA	NA	1.02	1.02	7.140000000000001	98	4	1.02	1	1.02
2021-09-01	53013	Columbia	7th grade	NA	NA	NA	NA	NA	1	0	3	NA	NA	NA	NA	NA	0.83	0	2.5	120	0	0.83	2	1.67
2021-09-01	53015	Cowlitz	7th grade	NA	NA	NA	NA	NA	18	15	39	NA	NA	NA	NA	NA	1.36	1.13	2.94	1325	8	1.36	0	0
2021-09-01	53015	Cowlitz	7th grade	NA	NA	NA	NA	NA	27	13	55	NA	NA	NA	NA	NA	2.08	1	4.24	1297	19	2.08	4	0.31
2021-09-01	53015	Cowlitz	7th grade	NA	NA	NA	NA	NA	36	9	64	NA	NA	NA	NA	NA	2.75	0.69	4.88	1311	24	2.75	3	0.22999999999999998
2021-09-01	53015	Cowlitz	7th grade	NA	NA	NA	NA	NA	35	13	60	NA	NA	NA	NA	NA	2.6900000000000004	1	4.61	1302	17	2.6900000000000004	3	0.22999999999999998
2021-09-01	53017	Douglas	7th grade	NA	NA	NA	NA	NA	3	2	6	NA	NA	NA	NA	NA	0.5	0.33	1	600	1	0.5	0	0
2021-09-01	53017	Douglas	7th grade	NA	NA	NA	NA	NA	2	3	6	NA	NA	NA	NA	NA	0.4	0.61	1.21	495	1	0.4	3	0.61
2021-09-01	53017	Douglas	7th grade	NA	NA	NA	NA	NA	6	1	8	NA	NA	NA	NA	NA	1.01	0.17	1.35	593	2	1.01	0	0
2021-09-01	53017	Douglas	7th grade	NA	NA	NA	NA	NA	9	0	14	NA	NA	NA	NA	NA	1.5399999999999998	0	2.4	584	6	1.5399999999999998	2	0.34
2021-09-01	53019	Ferry	7th grade	NA	NA	NA	NA	NA	0	0	0	NA	NA	NA	NA	NA	0	0	0	60	0	0	0	0
2021-09-01	53019	Ferry	7th grade	NA	NA	NA	NA	NA	1	1	2	NA	NA	NA	NA	NA	1.7900000000000003	1.7900000000000003	3.5699999999999994	56	1	1.7900000000000003	0	0
2021-09-01	53019	Ferry	7th grade	NA	NA	NA	NA	NA	2	1	3	NA	NA	NA	NA	NA	2.7	1.35	4.05	74	1	2.7	0	0
2021-09-01	53019	Ferry	7th grade	NA	NA	NA	NA	NA	5	0	5	NA	NA	NA	NA	NA	8.33	0	8.33	60	2	8.33	0	0
2021-09-01	53021	Franklin	7th grade	NA	NA	NA	NA	NA	10	4	24	NA	NA	NA	NA	NA	0.6	0.24000000000000002	1.44	1663	11	0.6	1	0.060000000000000005
2021-09-01	53021	Franklin	7th grade	NA	NA	NA	NA	NA	17	6	34	NA	NA	NA	NA	NA	1.01	0.36	2.02	1687	12	1.01	0	0
2021-09-01	53021	Franklin	7th grade	NA	NA	NA	NA	NA	12	6	25	NA	NA	NA	NA	NA	0.73	0.36	1.52	1644	8	0.73	0	0
2021-09-01	53021	Franklin	7th grade	NA	NA	NA	NA	NA	11	9	29	NA	NA	NA	NA	NA	0.69	0.5700000000000001	1.8300000000000003	1589	12	0.69	0	0
2021-09-01	53023	Garfield	7th grade	NA	NA	NA	NA	NA	2	0	2	NA	NA	NA	NA	NA	7.690000000000001	0	7.690000000000001	26	0	7.690000000000001	0	0
2021-09-01	53023	Garfield	7th grade	NA	NA	NA	NA	NA	0	0	0	NA	NA	NA	NA	NA	0	0	0	25	0	0	0	0
2021-09-01	53023	Garfield	7th grade	NA	NA	NA	NA	NA	1	0	0	NA	NA	NA	NA	NA	5	0	0	20	0	5	0	0
2021-09-01	53023	Garfield	7th grade	NA	NA	NA	NA	NA	0	0	0	NA	NA	NA	NA	NA	0	0	0	23	0	0	0	0
2021-09-01	53025	Grant	7th grade	NA	NA	NA	NA	NA	11	5	28	NA	NA	NA	NA	NA	0.67	0.3	1.6900000000000002	1654	11	0.67	8	0.48000000000000004
2021-09-01	53025	Grant	7th grade	NA	NA	NA	NA	NA	12	4	30	NA	NA	NA	NA	NA	0.76	0.25	1.91	1571	12	0.76	4	0.25
2021-09-01	53025	Grant	7th grade	NA	NA	NA	NA	NA	12	5	45	NA	NA	NA	NA	NA	0.75	0.31	2.83	1590	26	0.75	9	0.5700000000000001
2021-09-01	53025	Grant	7th grade	NA	NA	NA	NA	NA	20	7	55	NA	NA	NA	NA	NA	1.17	0.41000000000000003	3.2199999999999998	1706	23	1.17	17	1
2021-09-01	53027	Grays Harbor	7th grade	NA	NA	NA	NA	NA	7	8	21	NA	NA	NA	NA	NA	1.36	1.55	4.07	516	7	1.36	0	0
2021-09-01	53027	Grays Harbor	7th grade	NA	NA	NA	NA	NA	13	9	20	NA	NA	NA	NA	NA	1.6400000000000001	1.14	2.5300000000000002	792	4	1.6400000000000001	2	0.25
2021-09-01	53027	Grays Harbor	7th grade	NA	NA	NA	NA	NA	13	6	22	NA	NA	NA	NA	NA	1.49	0.69	2.5300000000000002	870	5	1.49	1	0.11
2021-09-01	53027	Grays Harbor	7th grade	NA	NA	NA	NA	NA	23	5	33	NA	NA	NA	NA	NA	2.79	0.61	4	825	13	2.79	0	0
2021-09-01	53029	Island	7th grade	NA	NA	NA	NA	NA	27	7	32	NA	NA	NA	NA	NA	4.42	1.15	5.24	611	10	4.42	1	0.15999999999999998
2021-09-01	53029	Island	7th grade	NA	NA	NA	NA	NA	20	4	27	NA	NA	NA	NA	NA	3.4800000000000004	0.7000000000000001	4.7	574	9	3.4800000000000004	1	0.17
2021-09-01	53029	Island	7th grade	NA	NA	NA	NA	NA	18	4	32	NA	NA	NA	NA	NA	2.9699999999999998	0.66	5.28	606	17	2.9699999999999998	0	0
2021-09-01	53029	Island	7th grade	NA	NA	NA	NA	NA	23	11	41	NA	NA	NA	NA	NA	3.6699999999999995	1.76	6.550000000000001	626	11	3.6699999999999995	1	0.15999999999999998
2021-09-01	53031	Jefferson	7th grade	NA	NA	NA	NA	NA	4	2	11	NA	NA	NA	NA	NA	2.1500000000000004	1.08	5.910000000000001	186	5	2.1500000000000004	2	1.08
2021-09-01	53031	Jefferson	7th grade	NA	NA	NA	NA	NA	15	11	23	NA	NA	NA	NA	NA	6.670000000000001	4.89	10.22	225	15	6.670000000000001	1	0.44
2021-09-01	53031	Jefferson	7th grade	NA	NA	NA	NA	NA	9	5	17	NA	NA	NA	NA	NA	3.95	2.1900000000000004	7.460000000000002	228	8	3.95	1	0.44
2021-09-01	53031	Jefferson	7th grade	NA	NA	NA	NA	NA	13	5	28	NA	NA	NA	NA	NA	5.75	2.21	12.39	226	14	5.75	2	0.88
2021-09-01	53033	King	7th grade	NA	NA	NA	NA	NA	479	181	737	NA	NA	NA	NA	NA	2.01	0.76	3.09	23818	199	2.01	23	0.1
2021-09-01	53033	King	7th grade	NA	NA	NA	NA	NA	497	193	745	NA	NA	NA	NA	NA	2.04	0.79	3.06	24309	214	2.04	22	0.09000000000000001
2021-09-01	53033	King	7th grade	NA	NA	NA	NA	NA	471	143	695	NA	NA	NA	NA	NA	1.9900000000000002	0.6	2.93	23713	262	1.9900000000000002	21	0.09000000000000001
2021-09-01	53033	King	7th grade	NA	NA	NA	NA	NA	460	106	702	NA	NA	NA	NA	NA	1.94	0.45000000000000007	2.9699999999999998	23651	259	1.94	47	0.2
2021-09-01	53035	Kitsap	7th grade	NA	NA	NA	NA	NA	52	20	80	NA	NA	NA	NA	NA	2.04	0.79	3.1399999999999997	2544	20	2.04	0	0
2021-09-01	53035	Kitsap	7th grade	NA	NA	NA	NA	NA	61	26	94	NA	NA	NA	NA	NA	2.2699999999999996	0.9699999999999999	3.49	2691	20	2.2699999999999996	7	0.26
2021-09-01	53035	Kitsap	7th grade	NA	NA	NA	NA	NA	55	20	84	NA	NA	NA	NA	NA	2.2199999999999998	0.8099999999999999	3.4000000000000004	2474	27	2.2199999999999998	3	0.12000000000000001
2021-09-01	53035	Kitsap	7th grade	NA	NA	NA	NA	NA	71	16	105	NA	NA	NA	NA	NA	2.68	0.6	3.9600000000000004	2650	32	2.68	5	0.19
2021-09-01	53037	Kittitas	7th grade	NA	NA	NA	NA	NA	11	8	14	NA	NA	NA	NA	NA	2.9199999999999995	2.12	3.71	377	9	2.9199999999999995	4	1.06
2021-09-01	53037	Kittitas	7th grade	NA	NA	NA	NA	NA	11	2	19	NA	NA	NA	NA	NA	2.6100000000000003	0.47000000000000003	4.5	422	4	2.6100000000000003	5	1.18
2021-09-01	53037	Kittitas	7th grade	NA	NA	NA	NA	NA	10	0	14	NA	NA	NA	NA	NA	2.33	0	3.2600000000000002	429	5	2.33	3	0.7000000000000001
2021-09-01	53037	Kittitas	7th grade	NA	NA	NA	NA	NA	13	1	19	NA	NA	NA	NA	NA	3.0199999999999996	0.22999999999999998	4.41	431	7	3.0199999999999996	0	0
2021-09-01	53039	Klickitat	7th grade	NA	NA	NA	NA	NA	15	8	33	NA	NA	NA	NA	NA	4.09	2.18	8.99	367	13	4.09	2	0.54
2021-09-01	53039	Klickitat	7th grade	NA	NA	NA	NA	NA	8	7	29	NA	NA	NA	NA	NA	2.23	1.95	8.08	359	9	2.23	5	1.3900000000000001
2021-09-01	53039	Klickitat	7th grade	NA	NA	NA	NA	NA	13	4	29	NA	NA	NA	NA	NA	3.5399999999999996	1.09	7.9	367	11	3.5399999999999996	2	0.54
2021-09-01	53039	Klickitat	7th grade	NA	NA	NA	NA	NA	10	6	37	NA	NA	NA	NA	NA	2.5900000000000003	1.55	9.59	386	13	2.5900000000000003	9	2.33
2021-09-01	53041	Lewis	7th grade	NA	NA	NA	NA	NA	12	9	29	NA	NA	NA	NA	NA	1.23	0.9199999999999999	2.9699999999999998	978	6	1.23	4	0.41000000000000003
2021-09-01	53041	Lewis	7th grade	NA	NA	NA	NA	NA	9	3	19	NA	NA	NA	NA	NA	0.95	0.32	2	950	9	0.95	2	0.21
2021-09-01	53041	Lewis	7th grade	NA	NA	NA	NA	NA	12	6	30	NA	NA	NA	NA	NA	1.23	0.61	3.07	977	12	1.23	5	0.51
2021-09-01	53041	Lewis	7th grade	NA	NA	NA	NA	NA	29	3	45	NA	NA	NA	NA	NA	3.0199999999999996	0.31	4.6899999999999995	959	18	3.0199999999999996	6	0.63
2021-09-01	53043	Lincoln	7th grade	NA	NA	NA	NA	NA	2	0	2	NA	NA	NA	NA	NA	1.5699999999999998	0	1.5699999999999998	127	2	1.5699999999999998	0	0
2021-09-01	53043	Lincoln	7th grade	NA	NA	NA	NA	NA	5	1	3	NA	NA	NA	NA	NA	3.9699999999999998	0.79	2.38	126	1	3.9699999999999998	1	0.79
2021-09-01	53043	Lincoln	7th grade	NA	NA	NA	NA	NA	5	2	10	NA	NA	NA	NA	NA	2.75	1.0999999999999999	5.49	182	4	2.75	1	0.5499999999999999
2021-09-01	53043	Lincoln	7th grade	NA	NA	NA	NA	NA	7	2	12	NA	NA	NA	NA	NA	3.0199999999999996	0.86	5.17	232	4	3.0199999999999996	2	0.86
2021-09-01	53045	Mason	7th grade	NA	NA	NA	NA	NA	11	6	19	NA	NA	NA	NA	NA	1.9799999999999998	1.08	3.42	556	4	1.9799999999999998	2	0.36
2021-09-01	53045	Mason	7th grade	NA	NA	NA	NA	NA	3	5	18	NA	NA	NA	NA	NA	0.45000000000000007	0.75	2.71	663	10	0.45000000000000007	3	0.45000000000000007
2021-09-01	53045	Mason	7th grade	NA	NA	NA	NA	NA	8	15	34	NA	NA	NA	NA	NA	1.09	2.04	4.61	737	10	1.09	9	1.22
2021-09-01	53045	Mason	7th grade	NA	NA	NA	NA	NA	7	5	25	NA	NA	NA	NA	NA	1	0.72	3.5899999999999994	697	14	1	4	0.5700000000000001
2021-09-01	53047	Okanogan	7th grade	NA	NA	NA	NA	NA	17	5	34	NA	NA	NA	NA	NA	3.09	0.9099999999999999	6.17	551	15	3.09	2	0.36
2021-09-01	53047	Okanogan	7th grade	NA	NA	NA	NA	NA	20	5	25	NA	NA	NA	NA	NA	2.9699999999999998	0.74	3.71	673	13	2.9699999999999998	0	0
2021-09-01	53047	Okanogan	7th grade	NA	NA	NA	NA	NA	18	3	19	NA	NA	NA	NA	NA	2.9799999999999995	0.5	3.15	604	5	2.9799999999999995	2	0.33
2021-09-01	53047	Okanogan	7th grade	NA	NA	NA	NA	NA	24	5	26	NA	NA	NA	NA	NA	4.41	0.9199999999999999	4.78	544	14	4.41	1	0.18
2021-09-01	53049	Pacific	7th grade	NA	NA	NA	NA	NA	2	2	6	NA	NA	NA	NA	NA	0.96	0.96	2.87	209	2	0.96	1	0.48000000000000004
2021-09-01	53049	Pacific	7th grade	NA	NA	NA	NA	NA	4	2	7	NA	NA	NA	NA	NA	2.16	1.08	3.7800000000000002	185	1	2.16	0	0
2021-09-01	53049	Pacific	7th grade	NA	NA	NA	NA	NA	4	4	11	NA	NA	NA	NA	NA	1.6500000000000001	1.6500000000000001	4.53	243	4	1.6500000000000001	1	0.41000000000000003
2021-09-01	53049	Pacific	7th grade	NA	NA	NA	NA	NA	6	2	10	NA	NA	NA	NA	NA	2.78	0.9299999999999999	4.63	216	4	2.78	0	0
2021-09-01	53051	Pend Oreille	7th grade	NA	NA	NA	NA	NA	0	0	0	NA	NA	NA	NA	NA	0	0	0	76	0	0	0	0
2021-09-01	53051	Pend Oreille	7th grade	NA	NA	NA	NA	NA	2	0	1	NA	NA	NA	NA	NA	1.9799999999999998	0	0.9899999999999999	101	0	1.9799999999999998	0	0
2021-09-01	53051	Pend Oreille	7th grade	NA	NA	NA	NA	NA	4	1	11	NA	NA	NA	NA	NA	2.9899999999999998	0.75	8.21	134	9	2.9899999999999998	0	0
2021-09-01	53051	Pend Oreille	7th grade	NA	NA	NA	NA	NA	8	1	11	NA	NA	NA	NA	NA	6.959999999999999	0.8699999999999999	9.57	115	7	6.959999999999999	0	0
2021-09-01	53053	Pierce	7th grade	NA	NA	NA	NA	NA	138	56	281	NA	NA	NA	NA	NA	1.44	0.5800000000000001	2.93	9577	103	1.44	24	0.25
2021-09-01	53053	Pierce	7th grade	NA	NA	NA	NA	NA	176	90	359	NA	NA	NA	NA	NA	1.6400000000000001	0.84	3.35	10707	134	1.6400000000000001	24	0.22
2021-09-01	53053	Pierce	7th grade	NA	NA	NA	NA	NA	177	63	342	NA	NA	NA	NA	NA	1.6500000000000001	0.59	3.19	10717	152	1.6500000000000001	19	0.18
2021-09-01	53053	Pierce	7th grade	NA	NA	NA	NA	NA	238	63	494	NA	NA	NA	NA	NA	2.16	0.5700000000000001	4.4799999999999995	11034	259	2.16	53	0.48000000000000004
2021-09-01	53055	San Juan	7th grade	NA	NA	NA	NA	NA	5	4	13	NA	NA	NA	NA	NA	5.62	4.489999999999999	14.610000000000001	89	5	5.62	2	2.25
2021-09-01	53055	San Juan	7th grade	NA	NA	NA	NA	NA	13	7	16	NA	NA	NA	NA	NA	6.570000000000001	3.5399999999999996	8.08	198	6	6.570000000000001	0	0
2021-09-01	53055	San Juan	7th grade	NA	NA	NA	NA	NA	11	2	18	NA	NA	NA	NA	NA	6.63	1.2	10.840000000000002	166	7	6.63	3	1.81
2021-09-01	53055	San Juan	7th grade	NA	NA	NA	NA	NA	12	6	17	NA	NA	NA	NA	NA	8.28	4.14	11.72	145	4	8.28	3	2.07
2021-09-01	53057	Skagit	7th grade	NA	NA	NA	NA	NA	45	21	87	NA	NA	NA	NA	NA	2.9799999999999995	1.3900000000000001	5.7700000000000005	1508	16	2.9799999999999995	15	0.9899999999999999
2021-09-01	53057	Skagit	7th grade	NA	NA	NA	NA	NA	49	16	70	NA	NA	NA	NA	NA	3.18	1.04	4.539999999999999	1541	15	3.18	6	0.38999999999999996
2021-09-01	53057	Skagit	7th grade	NA	NA	NA	NA	NA	49	25	98	NA	NA	NA	NA	NA	3.44	1.76	6.88	1424	30	3.44	14	0.98
2021-09-01	53057	Skagit	7th grade	NA	NA	NA	NA	NA	46	22	99	NA	NA	NA	NA	NA	3.1199999999999997	1.49	6.720000000000001	1473	36	3.1199999999999997	12	0.8099999999999999
2021-09-01	53059	Skamania	7th grade	NA	NA	NA	NA	NA	3	1	4	NA	NA	NA	NA	NA	2.0300000000000002	0.68	2.7	148	0	2.0300000000000002	0	0
2021-09-01	53059	Skamania	7th grade	NA	NA	NA	NA	NA	1	0	3	NA	NA	NA	NA	NA	0.83	0	2.5	120	2	0.83	0	0
2021-09-01	53059	Skamania	7th grade	NA	NA	NA	NA	NA	10	3	14	NA	NA	NA	NA	NA	6.8500000000000005	2.0500000000000003	9.59	146	1	6.8500000000000005	1	0.68
2021-09-01	53059	Skamania	7th grade	NA	NA	NA	NA	NA	5	3	13	NA	NA	NA	NA	NA	3.6199999999999997	2.17	9.42	138	6	3.6199999999999997	0	0
2021-09-01	53061	Snohomish	7th grade	NA	NA	NA	NA	NA	268	111	419	NA	NA	NA	NA	NA	2.81	1.16	4.390000000000001	9546	122	2.81	13	0.13999999999999999
2021-09-01	53061	Snohomish	7th grade	NA	NA	NA	NA	NA	222	108	363	NA	NA	NA	NA	NA	2.41	1.17	3.94	9204	107	2.41	11	0.12000000000000001
2021-09-01	53061	Snohomish	7th grade	NA	NA	NA	NA	NA	220	78	386	NA	NA	NA	NA	NA	2.43	0.86	4.2700000000000005	9041	156	2.43	21	0.22999999999999998
2021-09-01	53061	Snohomish	7th grade	NA	NA	NA	NA	NA	245	63	453	NA	NA	NA	NA	NA	2.6900000000000004	0.69	4.97	9112	175	2.6900000000000004	43	0.47000000000000003
2021-09-01	53063	Spokane	7th grade	NA	NA	NA	NA	NA	150	78	295	NA	NA	NA	NA	NA	2.54	1.32	4.99	5914	100	2.54	15	0.25
2021-09-01	53063	Spokane	7th grade	NA	NA	NA	NA	NA	153	68	312	NA	NA	NA	NA	NA	2.54	1.13	5.19	6016	111	2.54	21	0.35000000000000003
2021-09-01	53063	Spokane	7th grade	NA	NA	NA	NA	NA	119	37	245	NA	NA	NA	NA	NA	1.97	0.61	4.0600000000000005	6036	126	1.97	26	0.43
2021-09-01	53063	Spokane	7th grade	NA	NA	NA	NA	NA	227	57	447	NA	NA	NA	NA	NA	3.7199999999999998	0.9299999999999999	7.33	6101	199	3.7199999999999998	59	0.9699999999999999
2021-09-01	53065	Stevens	7th grade	NA	NA	NA	NA	NA	18	16	44	NA	NA	NA	NA	NA	3.7800000000000002	3.3600000000000003	9.24	476	10	3.7800000000000002	5	1.05
2021-09-01	53065	Stevens	7th grade	NA	NA	NA	NA	NA	11	14	41	NA	NA	NA	NA	NA	2.17	2.76	8.07	508	17	2.17	4	0.79
2021-09-01	53065	Stevens	7th grade	NA	NA	NA	NA	NA	33	15	77	NA	NA	NA	NA	NA	5.7700000000000005	2.62	13.459999999999999	572	35	5.7700000000000005	4	0.7000000000000001
2021-09-01	53065	Stevens	7th grade	NA	NA	NA	NA	NA	30	12	73	NA	NA	NA	NA	NA	5.010000000000001	2	12.190000000000001	599	40	5.010000000000001	10	1.67
2021-09-01	53067	Thurston	7th grade	NA	NA	NA	NA	NA	104	34	165	NA	NA	NA	NA	NA	3	0.98	4.760000000000001	3466	40	3	8	0.22999999999999998
2021-09-01	53067	Thurston	7th grade	NA	NA	NA	NA	NA	73	29	145	NA	NA	NA	NA	NA	2.01	0.8	4	3629	48	2.01	11	0.3
2021-09-01	53067	Thurston	7th grade	NA	NA	NA	NA	NA	77	24	139	NA	NA	NA	NA	NA	2.23	0.7000000000000001	4.03	3446	52	2.23	7	0.2
2021-09-01	53067	Thurston	7th grade	NA	NA	NA	NA	NA	78	31	146	NA	NA	NA	NA	NA	2.33	0.9199999999999999	4.3500000000000005	3353	72	2.33	41	1.22
2021-09-01	53069	Wahkiakum	7th grade	NA	NA	NA	NA	NA	0	0	0	NA	NA	NA	NA	NA	0	0	0	1	0	0	0	0
2021-09-01	53069	Wahkiakum	7th grade	NA	NA	NA	NA	NA	1	1	1	NA	NA	NA	NA	NA	2.7	2.7	2.7	37	0	2.7	0	0
2021-09-01	53069	Wahkiakum	7th grade	NA	NA	NA	NA	NA	1	0	1	NA	NA	NA	NA	NA	3.5699999999999994	0	3.5699999999999994	28	0	3.5699999999999994	0	0
2021-09-01	53069	Wahkiakum	7th grade	NA	NA	NA	NA	NA	1	0	0	NA	NA	NA	NA	NA	4	0	0	25	0	4	0	0
2021-09-01	53071	Walla Walla	7th grade	NA	NA	NA	NA	NA	10	3	14	NA	NA	NA	NA	NA	1.4500000000000002	0.43	2.0300000000000002	691	2	1.4500000000000002	1	0.13999999999999999
2021-09-01	53071	Walla Walla	7th grade	NA	NA	NA	NA	NA	14	4	22	NA	NA	NA	NA	NA	1.7900000000000003	0.51	2.82	781	8	1.7900000000000003	1	0.13
2021-09-01	53071	Walla Walla	7th grade	NA	NA	NA	NA	NA	9	5	19	NA	NA	NA	NA	NA	1.29	0.72	2.73	697	12	1.29	0	0
2021-09-01	53071	Walla Walla	7th grade	NA	NA	NA	NA	NA	11	3	27	NA	NA	NA	NA	NA	1.6099999999999999	0.44	3.95	683	12	1.6099999999999999	2	0.29
2021-09-01	53073	Whatcom	7th grade	NA	NA	NA	NA	NA	111	33	153	NA	NA	NA	NA	NA	4.86	1.44	6.69	2286	49	4.86	1	0.04
2021-09-01	53073	Whatcom	7th grade	NA	NA	NA	NA	NA	92	13	100	NA	NA	NA	NA	NA	4.53	0.64	4.92	2031	58	4.53	1	0.05
2021-09-01	53073	Whatcom	7th grade	NA	NA	NA	NA	NA	97	16	132	NA	NA	NA	NA	NA	4.25	0.7000000000000001	5.78	2283	49	4.25	4	0.18
2021-09-01	53073	Whatcom	7th grade	NA	NA	NA	NA	NA	87	15	126	NA	NA	NA	NA	NA	3.83	0.66	5.54	2274	51	3.83	4	0.18
2021-09-01	53075	Whitman	7th grade	NA	NA	NA	NA	NA	11	1	16	NA	NA	NA	NA	NA	3.25	0.3	4.73	338	2	3.25	2	0.59
2021-09-01	53075	Whitman	7th grade	NA	NA	NA	NA	NA	2	0	4	NA	NA	NA	NA	NA	0.7100000000000001	0	1.4200000000000002	282	4	0.7100000000000001	0	0
2021-09-01	53075	Whitman	7th grade	NA	NA	NA	NA	NA	6	3	13	NA	NA	NA	NA	NA	1.6300000000000001	0.8200000000000001	3.53	368	3	1.6300000000000001	3	0.8200000000000001
2021-09-01	53075	Whitman	7th grade	NA	NA	NA	NA	NA	6	3	17	NA	NA	NA	NA	NA	1.5699999999999998	0.79	4.46	381	11	1.5699999999999998	2	0.52
2021-09-01	53077	Yakima	7th grade	NA	NA	NA	NA	NA	26	17	46	NA	NA	NA	NA	NA	0.6	0.38999999999999996	1.05	4369	9	0.6	4	0.09000000000000001
2021-09-01	53077	Yakima	7th grade	NA	NA	NA	NA	NA	17	22	46	NA	NA	NA	NA	NA	0.38	0.5	1.04	4433	17	0.38	1	0.02
2021-09-01	53077	Yakima	7th grade	NA	NA	NA	NA	NA	13	16	41	NA	NA	NA	NA	NA	0.31	0.38	0.9699999999999999	4208	16	0.31	4	0.1
2021-09-01	53077	Yakima	7th grade	NA	NA	NA	NA	NA	33	18	68	NA	NA	NA	NA	NA	0.8	0.44	1.6500000000000001	4117	20	0.8	8	0.19
2019-09-01	53001	Adams	K-12	NA	NA	NA	NA	NA	94	20	119	NA	NA	NA	NA	NA	1.86	0.4	2.36	5047	6	0.12000000000000001	0	0
2019-09-01	53001	Adams	K-12	NA	NA	NA	NA	NA	67	15	83	NA	NA	NA	NA	NA	2	0.45000000000000007	2.48	3350	19	0.5700000000000001	0	0
2019-09-01	53001	Adams	K-12	NA	NA	NA	NA	NA	57	22	86	NA	NA	NA	NA	NA	1.01	0.38999999999999996	1.53	5625	16	0.27999999999999997	3	0.05
2019-09-01	53001	Adams	K-12	NA	NA	NA	NA	NA	44	20	73	NA	NA	NA	NA	NA	0.8699999999999999	0.4	1.4500000000000002	5045	19	0.38	3	0.060000000000000005
2019-09-01	53001	Adams	K-12	NA	NA	NA	NA	NA	48	23	87	NA	NA	NA	NA	NA	0.9199999999999999	0.44	1.67	5223	29	0.5599999999999999	4	0.08
2019-09-01	53001	Adams	K-12	NA	NA	NA	NA	NA	60	22	114	NA	NA	NA	NA	NA	1.16	0.42	2.1999999999999997	5184	45	0.8699999999999999	7	0.13999999999999999
2019-09-01	53003	Asotin	K-12	NA	NA	NA	NA	NA	20	23	44	NA	NA	NA	NA	NA	2.79	3.2	6.13	718	1	0.13999999999999999	0	0
2019-09-01	53003	Asotin	K-12	NA	NA	NA	NA	NA	33	17	53	NA	NA	NA	NA	NA	2.37	1.22	3.81	1391	5	0.36	0	0
2019-09-01	53003	Asotin	K-12	NA	NA	NA	NA	NA	89	35	138	NA	NA	NA	NA	NA	2.8400000000000003	1.1199999999999999	4.3999999999999995	3134	21	0.67	4	0.13
2019-09-01	53003	Asotin	K-12	NA	NA	NA	NA	NA	7	11	17	NA	NA	NA	NA	NA	0.9699999999999999	1.53	2.36	719	2	0.27999999999999997	0	0
2019-09-01	53003	Asotin	K-12	NA	NA	NA	NA	NA	46	27	87	NA	NA	NA	NA	NA	1.44	0.8500000000000001	2.73	3192	24	0.75	6	0.19
2019-09-01	53003	Asotin	K-12	NA	NA	NA	NA	NA	57	32	139	NA	NA	NA	NA	NA	1.7900000000000003	1.01	4.380000000000001	3176	55	1.7300000000000002	3	0.09000000000000001
2019-09-01	53005	Benton	K-12	NA	NA	NA	NA	NA	1002	153	1192	NA	NA	NA	NA	NA	2.68	0.41000000000000003	3.19	37363	46	0.12000000000000001	16	0.04
2019-09-01	53005	Benton	K-12	NA	NA	NA	NA	NA	430	152	732	NA	NA	NA	NA	NA	1.81	0.64	3.0799999999999996	23799	199	0.84	15	0.060000000000000005
2019-09-01	53005	Benton	K-12	NA	NA	NA	NA	NA	570	303	1072	NA	NA	NA	NA	NA	1.5799999999999998	0.84	2.9799999999999995	36001	323	0.8999999999999999	54	0.15
2019-09-01	53005	Benton	K-12	NA	NA	NA	NA	NA	550	231	1112	NA	NA	NA	NA	NA	1.44	0.6	2.9099999999999997	38278	393	1.03	40	0.1
2019-09-01	53005	Benton	K-12	NA	NA	NA	NA	NA	524	249	1153	NA	NA	NA	NA	NA	1.33	0.63	2.9199999999999995	39537	489	1.24	73	0.18
2019-09-01	53005	Benton	K-12	NA	NA	NA	NA	NA	559	289	1341	NA	NA	NA	NA	NA	1.3800000000000001	0.72	3.32	40397	555	1.37	123	0.3
2019-09-01	53007	Chelan	K-12	NA	NA	NA	NA	NA	513	54	580	NA	NA	NA	NA	NA	3.5999999999999996	0.38	4.07	14265	22	0.15	3	0.02
2019-09-01	53007	Chelan	K-12	NA	NA	NA	NA	NA	302	45	348	NA	NA	NA	NA	NA	3.1	0.45999999999999996	3.58	9731	130	1.34	4	0.04
2019-09-01	53007	Chelan	K-12	NA	NA	NA	NA	NA	213	57	311	NA	NA	NA	NA	NA	1.7900000000000003	0.48000000000000004	2.62	11885	104	0.88	13	0.11
2019-09-01	53007	Chelan	K-12	NA	NA	NA	NA	NA	272	58	406	NA	NA	NA	NA	NA	2.06	0.44	3.0799999999999996	13190	148	1.1199999999999999	17	0.13
2019-09-01	53007	Chelan	K-12	NA	NA	NA	NA	NA	295	69	451	NA	NA	NA	NA	NA	2.1999999999999997	0.52	3.37	13398	167	1.25	27	0.2
2019-09-01	53007	Chelan	K-12	NA	NA	NA	NA	NA	306	63	464	NA	NA	NA	NA	NA	2.35	0.48000000000000004	3.5699999999999994	12998	203	1.5599999999999998	28	0.22
2019-09-01	53009	Clallam	K-12	NA	NA	NA	NA	NA	533	180	769	NA	NA	NA	NA	NA	6.1899999999999995	2.0900000000000003	8.93	8613	63	0.73	13	0.15
2019-09-01	53009	Clallam	K-12	NA	NA	NA	NA	NA	411	201	672	NA	NA	NA	NA	NA	4.22	2.07	6.909999999999999	9732	231	2.37	18	0.18
2019-09-01	53009	Clallam	K-12	NA	NA	NA	NA	NA	288	95	480	NA	NA	NA	NA	NA	3.75	1.24	6.239999999999999	7688	176	2.29	10	0.13
2019-09-01	53009	Clallam	K-12	NA	NA	NA	NA	NA	256	111	482	NA	NA	NA	NA	NA	2.45	1.06	4.6	10467	179	1.71	14	0.13
2019-09-01	53009	Clallam	K-12	NA	NA	NA	NA	NA	209	84	394	NA	NA	NA	NA	NA	2.82	1.13	5.32	7401	164	2.2199999999999998	23	0.31
2019-09-01	53009	Clallam	K-12	NA	NA	NA	NA	NA	317	128	706	NA	NA	NA	NA	NA	2.96	1.2	6.59	10709	371	3.4600000000000004	44	0.41000000000000003
2019-09-01	53011	Clark	K-12	NA	NA	NA	NA	NA	4845	754	6106	NA	NA	NA	NA	NA	5.930000000000001	0.9199999999999999	7.4700000000000015	81731	446	0.5499999999999999	173	0.21
2019-09-01	53011	Clark	K-12	NA	NA	NA	NA	NA	3003	706	4343	NA	NA	NA	NA	NA	4.22	0.9899999999999999	6.1	71217	1514	2.1300000000000003	296	0.42
2019-09-01	53011	Clark	K-12	NA	NA	NA	NA	NA	2663	648	4548	NA	NA	NA	NA	NA	3.5699999999999994	0.8699999999999999	6.1	74608	1685	2.26	311	0.42
2019-09-01	53011	Clark	K-12	NA	NA	NA	NA	NA	2660	660	4966	NA	NA	NA	NA	NA	3.49	0.8699999999999999	6.5200000000000005	76134	2048	2.6900000000000004	345	0.45000000000000007
2019-09-01	53011	Clark	K-12	NA	NA	NA	NA	NA	2849	707	5592	NA	NA	NA	NA	NA	3.58	0.89	7.020000000000001	79613	2547	3.2	440	0.5499999999999999
2019-09-01	53011	Clark	K-12	NA	NA	NA	NA	NA	2848	704	6005	NA	NA	NA	NA	NA	3.53	0.8699999999999999	7.44	80746	3190	3.95	534	0.66
2019-09-01	53013	Columbia	K-12	NA	NA	NA	NA	NA	18	4	22	NA	NA	NA	NA	NA	4.34	0.96	5.300000000000001	415	0	0	0	0
2019-09-01	53013	Columbia	K-12	NA	NA	NA	NA	NA	19	5	24	NA	NA	NA	NA	NA	4.62	1.22	5.84	411	11	2.68	0	0
2019-09-01	53013	Columbia	K-12	NA	NA	NA	NA	NA	17	4	22	NA	NA	NA	NA	NA	4.010000000000001	0.9399999999999998	5.19	424	10	2.36	0	0
2019-09-01	53013	Columbia	K-12	NA	NA	NA	NA	NA	10	1	11	NA	NA	NA	NA	NA	2.5700000000000003	0.26	2.83	389	8	2.06	0	0
2019-09-01	53013	Columbia	K-12	NA	NA	NA	NA	NA	13	6	57	NA	NA	NA	NA	NA	0.9899999999999999	0.45999999999999996	4.3500000000000005	1311	21	1.6	17	1.3
2019-09-01	53013	Columbia	K-12	NA	NA	NA	NA	NA	24	8	98	NA	NA	NA	NA	NA	1.94	0.65	7.920000000000001	1237	34	2.75	49	3.9600000000000004
2019-09-01	53015	Cowlitz	K-12	NA	NA	NA	NA	NA	569	128	759	NA	NA	NA	NA	NA	3.42	0.77	4.5600000000000005	16652	66	0.4	14	0.08
2019-09-01	53015	Cowlitz	K-12	NA	NA	NA	NA	NA	347	158	638	NA	NA	NA	NA	NA	2.37	1.08	4.36	14627	187	1.28	26	0.18
2019-09-01	53015	Cowlitz	K-12	NA	NA	NA	NA	NA	289	118	513	NA	NA	NA	NA	NA	1.81	0.74	3.2100000000000004	15972	158	0.9899999999999999	28	0.18
2019-09-01	53015	Cowlitz	K-12	NA	NA	NA	NA	NA	309	127	574	NA	NA	NA	NA	NA	1.87	0.77	3.47	16547	206	1.24	32	0.19
2019-09-01	53015	Cowlitz	K-12	NA	NA	NA	NA	NA	397	110	708	NA	NA	NA	NA	NA	2.28	0.63	4.0600000000000005	17425	292	1.68	52	0.3
2019-09-01	53015	Cowlitz	K-12	NA	NA	NA	NA	NA	312	99	625	NA	NA	NA	NA	NA	1.81	0.5700000000000001	3.6199999999999997	17278	287	1.66	43	0.25
2019-09-01	53017	Douglas	K-12	NA	NA	NA	NA	NA	76	39	116	NA	NA	NA	NA	NA	1.15	0.59	1.76	6597	11	0.17	1	0.02
2019-09-01	53017	Douglas	K-12	NA	NA	NA	NA	NA	68	19	99	NA	NA	NA	NA	NA	1.0999999999999999	0.31	1.6	6205	15	0.24000000000000002	2	0.030000000000000002
2019-09-01	53017	Douglas	K-12	NA	NA	NA	NA	NA	42	14	66	NA	NA	NA	NA	NA	0.61	0.2	0.95	6937	12	0.17	8	0.12000000000000001
2019-09-01	53017	Douglas	K-12	NA	NA	NA	NA	NA	43	9	62	NA	NA	NA	NA	NA	0.7000000000000001	0.15	1.01	6162	16	0.26	5	0.08
2019-09-01	53017	Douglas	K-12	NA	NA	NA	NA	NA	56	14	97	NA	NA	NA	NA	NA	0.8099999999999999	0.2	1.41	6894	41	0.59	11	0.15999999999999998
2019-09-01	53017	Douglas	K-12	NA	NA	NA	NA	NA	57	13	99	NA	NA	NA	NA	NA	0.83	0.19	1.44	6893	47	0.68	11	0.15999999999999998
2019-09-01	53019	Ferry	K-12	NA	NA	NA	NA	NA	64	40	119	NA	NA	NA	NA	NA	8.07	5.04	15.010000000000002	793	19	2.4	1	0.13
2019-09-01	53019	Ferry	K-12	NA	NA	NA	NA	NA	31	46	81	NA	NA	NA	NA	NA	4.37	6.4799999999999995	11.41	710	16	2.25	0	0
2019-09-01	53019	Ferry	K-12	NA	NA	NA	NA	NA	21	10	37	NA	NA	NA	NA	NA	2.56	1.22	4.51	820	13	1.59	0	0
2019-09-01	53019	Ferry	K-12	NA	NA	NA	NA	NA	23	11	40	NA	NA	NA	NA	NA	2.83	1.35	4.930000000000001	812	16	1.97	1	0.12000000000000001
2019-09-01	53019	Ferry	K-12	NA	NA	NA	NA	NA	28	11	59	NA	NA	NA	NA	NA	2.74	1.08	5.7700000000000005	1023	34	3.32	4	0.38999999999999996
2019-09-01	53019	Ferry	K-12	NA	NA	NA	NA	NA	34	11	79	NA	NA	NA	NA	NA	3.8	1.23	8.829999999999998	895	45	5.03	3	0.34
2019-09-01	53021	Franklin	K-12	NA	NA	NA	NA	NA	278	38	324	NA	NA	NA	NA	NA	1.37	0.19	1.6	20250	13	0.060000000000000005	0	0
2019-09-01	53021	Franklin	K-12	NA	NA	NA	NA	NA	84	46	174	NA	NA	NA	NA	NA	0.54	0.3	1.1199999999999999	15498	83	0.54	8	0.05
2019-09-01	53021	Franklin	K-12	NA	NA	NA	NA	NA	87	68	241	NA	NA	NA	NA	NA	0.43	0.34	1.2	20150	88	0.44	3	0.01
2019-09-01	53021	Franklin	K-12	NA	NA	NA	NA	NA	110	67	284	NA	NA	NA	NA	NA	0.52	0.32	1.34	21178	119	0.5599999999999999	4	0.02
2019-09-01	53021	Franklin	K-12	NA	NA	NA	NA	NA	99	66	320	NA	NA	NA	NA	NA	0.47000000000000003	0.32	1.53	20951	181	0.86	4	0.02
2019-09-01	53021	Franklin	K-12	NA	NA	NA	NA	NA	91	60	368	NA	NA	NA	NA	NA	0.43	0.29	1.76	20933	213	1.02	27	0.13
2019-09-01	53023	Garfield	K-12	NA	NA	NA	NA	NA	9	0	8	NA	NA	NA	NA	NA	2.8400000000000003	0	2.52	317	0	0	0	0
2019-09-01	53023	Garfield	K-12	NA	NA	NA	NA	NA	8	0	7	NA	NA	NA	NA	NA	2.6100000000000003	0	2.29	306	0	0	0	0
2019-09-01	53023	Garfield	K-12	NA	NA	NA	NA	NA	6	0	5	NA	NA	NA	NA	NA	2	0	1.67	300	0	0	0	0
2019-09-01	53023	Garfield	K-12	NA	NA	NA	NA	NA	6	1	6	NA	NA	NA	NA	NA	1.8800000000000001	0.31	1.8800000000000001	320	0	0	0	0
2019-09-01	53023	Garfield	K-12	NA	NA	NA	NA	NA	5	0	4	NA	NA	NA	NA	NA	1.52	0	1.22	328	0	0	0	0
2019-09-01	53023	Garfield	K-12	NA	NA	NA	NA	NA	5	0	4	NA	NA	NA	NA	NA	1.5399999999999998	0	1.23	324	0	0	0	0
2019-09-01	53025	Grant	K-12	NA	NA	NA	NA	NA	340	86	504	NA	NA	NA	NA	NA	2.0900000000000003	0.53	3.1	16259	53	0.33	34	0.21
2019-09-01	53025	Grant	K-12	NA	NA	NA	NA	NA	236	76	422	NA	NA	NA	NA	NA	1.52	0.49	2.73	15480	184	1.19	35	0.22999999999999998
2019-09-01	53025	Grant	K-12	NA	NA	NA	NA	NA	216	52	443	NA	NA	NA	NA	NA	1.08	0.26	2.2199999999999998	19974	195	0.98	85	0.43
2019-09-01	53025	Grant	K-12	NA	NA	NA	NA	NA	180	52	437	NA	NA	NA	NA	NA	0.88	0.25	2.14	20418	205	1	79	0.38999999999999996
2019-09-01	53025	Grant	K-12	NA	NA	NA	NA	NA	207	63	558	NA	NA	NA	NA	NA	1	0.3	2.6900000000000004	20779	277	1.33	125	0.6
2019-09-01	53025	Grant	K-12	NA	NA	NA	NA	NA	212	56	595	NA	NA	NA	NA	NA	1.03	0.27	2.88	20643	305	1.48	143	0.69
2019-09-01	53027	Grays Harbor	K-12	NA	NA	NA	NA	NA	287	59	370	NA	NA	NA	NA	NA	2.7	0.5499999999999999	3.4800000000000004	10634	25	0.24000000000000002	6	0.060000000000000005
2019-09-01	53027	Grays Harbor	K-12	NA	NA	NA	NA	NA	181	65	260	NA	NA	NA	NA	NA	2.48	0.89	3.56	7311	60	0.8200000000000001	8	0.11
2019-09-01	53027	Grays Harbor	K-12	NA	NA	NA	NA	NA	147	60	256	NA	NA	NA	NA	NA	1.7900000000000003	0.73	3.1199999999999997	8213	84	1.02	12	0.15
2019-09-01	53027	Grays Harbor	K-12	NA	NA	NA	NA	NA	146	61	254	NA	NA	NA	NA	NA	1.4500000000000002	0.61	2.5300000000000002	10054	82	0.8200000000000001	18	0.18
2019-09-01	53027	Grays Harbor	K-12	NA	NA	NA	NA	NA	172	77	334	NA	NA	NA	NA	NA	1.55	0.69	3.01	11107	113	1.02	28	0.25
2019-09-01	53027	Grays Harbor	K-12	NA	NA	NA	NA	NA	160	62	339	NA	NA	NA	NA	NA	1.49	0.5800000000000001	3.16	10720	143	1.33	31	0.29
2019-09-01	53029	Island	K-12	NA	NA	NA	NA	NA	465	136	624	NA	NA	NA	NA	NA	5.15	1.5099999999999998	6.92	9021	38	0.42	7	0.08
2019-09-01	53029	Island	K-12	NA	NA	NA	NA	NA	254	89	358	NA	NA	NA	NA	NA	3.55	1.24	5	7154	87	1.22	7	0.1
2019-09-01	53029	Island	K-12	NA	NA	NA	NA	NA	342	80	458	NA	NA	NA	NA	NA	4	0.9399999999999998	5.3500000000000005	8556	133	1.55	13	0.15
2019-09-01	53029	Island	K-12	NA	NA	NA	NA	NA	310	86	453	NA	NA	NA	NA	NA	3.5199999999999996	0.98	5.15	8803	139	1.5799999999999998	13	0.15
2019-09-01	53029	Island	K-12	NA	NA	NA	NA	NA	304	72	481	NA	NA	NA	NA	NA	3.4000000000000004	0.8099999999999999	5.380000000000001	8942	199	2.23	12	0.13
2019-09-01	53029	Island	K-12	NA	NA	NA	NA	NA	285	73	514	NA	NA	NA	NA	NA	3.1399999999999997	0.8	5.66	9083	225	2.48	34	0.37
2019-09-01	53031	Jefferson	K-12	NA	NA	NA	NA	NA	291	43	352	NA	NA	NA	NA	NA	10.63	1.5699999999999998	12.86	2737	14	0.51	5	0.18
2019-09-01	53031	Jefferson	K-12	NA	NA	NA	NA	NA	62	24	74	NA	NA	NA	NA	NA	6.550000000000001	2.54	7.820000000000002	946	26	2.75	5	0.53
2019-09-01	53031	Jefferson	K-12	NA	NA	NA	NA	NA	115	29	172	NA	NA	NA	NA	NA	5.28	1.33	7.9	2178	61	2.8000000000000003	12	0.5499999999999999
2019-09-01	53031	Jefferson	K-12	NA	NA	NA	NA	NA	226	83	305	NA	NA	NA	NA	NA	7.9799999999999995	2.93	10.770000000000001	2832	113	3.9899999999999998	12	0.42
2019-09-01	53031	Jefferson	K-12	NA	NA	NA	NA	NA	148	70	323	NA	NA	NA	NA	NA	5.140000000000001	2.43	11.22	2880	130	4.51	28	0.9699999999999999
2019-09-01	53031	Jefferson	K-12	NA	NA	NA	NA	NA	353	153	365	NA	NA	NA	NA	NA	13.47	5.84	13.930000000000001	2621	273	10.420000000000002	24	0.9199999999999999
2019-09-01	53033	King	K-12	NA	NA	NA	NA	NA	9428	2964	12427	NA	NA	NA	NA	NA	2.74	0.86	3.61	344682	573	0.17	126	0.04
2019-09-01	53033	King	K-12	NA	NA	NA	NA	NA	6727	2602	9690	NA	NA	NA	NA	NA	2.52	0.9699999999999999	3.6199999999999997	267362	2648	0.9899999999999999	276	0.1
2019-09-01	53033	King	K-12	NA	NA	NA	NA	NA	5536	1749	8252	NA	NA	NA	NA	NA	1.8500000000000003	0.5800000000000001	2.76	299174	2393	0.8	257	0.09000000000000001
2019-09-01	53033	King	K-12	NA	NA	NA	NA	NA	5510	1677	8608	NA	NA	NA	NA	NA	1.77	0.54	2.77	310561	2955	0.95	296	0.1
2019-09-01	53033	King	K-12	NA	NA	NA	NA	NA	5369	1507	8412	NA	NA	NA	NA	NA	1.7300000000000002	0.49	2.71	310584	3635	1.17	380	0.12000000000000001
2019-09-01	53033	King	K-12	NA	NA	NA	NA	NA	4578	1143	8262	NA	NA	NA	NA	NA	1.4500000000000002	0.36	2.6100000000000003	315952	4048	1.28	551	0.17
2019-09-01	53035	Kitsap	K-12	NA	NA	NA	NA	NA	1349	293	1729	NA	NA	NA	NA	NA	3.6899999999999995	0.8	4.73	36532	98	0.27	21	0.060000000000000005
2019-09-01	53035	Kitsap	K-12	NA	NA	NA	NA	NA	919	358	1362	NA	NA	NA	NA	NA	2.93	1.14	4.34	31383	330	1.05	53	0.17
2019-09-01	53035	Kitsap	K-12	NA	NA	NA	NA	NA	780	262	1180	NA	NA	NA	NA	NA	2.31	0.78	3.4999999999999996	33706	270	0.8	26	0.08
2019-09-01	53035	Kitsap	K-12	NA	NA	NA	NA	NA	767	317	1227	NA	NA	NA	NA	NA	2.1500000000000004	0.89	3.45	35607	368	1.03	35	0.1
2019-09-01	53035	Kitsap	K-12	NA	NA	NA	NA	NA	719	299	1305	NA	NA	NA	NA	NA	2.0500000000000003	0.8500000000000001	3.7199999999999998	35054	455	1.3	60	0.17
2019-09-01	53035	Kitsap	K-12	NA	NA	NA	NA	NA	733	302	1372	NA	NA	NA	NA	NA	2.04	0.84	3.82	35925	503	1.4000000000000001	88	0.24000000000000002
2019-09-01	53037	Kittitas	K-12	NA	NA	NA	NA	NA	222	47	284	NA	NA	NA	NA	NA	3.8699999999999997	0.8200000000000001	4.95	5735	23	0.4	1	0.02
2019-09-01	53037	Kittitas	K-12	NA	NA	NA	NA	NA	149	34	166	NA	NA	NA	NA	NA	3.18	0.73	3.5399999999999996	4685	45	0.96	15	0.32
2019-09-01	53037	Kittitas	K-12	NA	NA	NA	NA	NA	124	36	288	NA	NA	NA	NA	NA	2.78	0.8099999999999999	6.460000000000001	4455	66	1.48	22	0.49
2019-09-01	53037	Kittitas	K-12	NA	NA	NA	NA	NA	94	31	165	NA	NA	NA	NA	NA	1.8000000000000003	0.59	3.15	5230	54	1.03	18	0.34
2019-09-01	53037	Kittitas	K-12	NA	NA	NA	NA	NA	89	23	176	NA	NA	NA	NA	NA	1.6900000000000002	0.44	3.34	5264	81	1.5399999999999998	27	0.51
2019-09-01	53037	Kittitas	K-12	NA	NA	NA	NA	NA	112	30	258	NA	NA	NA	NA	NA	2.16	0.5800000000000001	4.97	5191	131	2.52	38	0.73
2019-09-01	53039	Klickitat	K-12	NA	NA	NA	NA	NA	197	48	282	NA	NA	NA	NA	NA	7.15	1.7400000000000002	10.23	2756	34	1.23	8	0.29
2019-09-01	53039	Klickitat	K-12	NA	NA	NA	NA	NA	285	79	273	NA	NA	NA	NA	NA	8.85	2.45	8.48	3219	201	6.239999999999999	17	0.53
2019-09-01	53039	Klickitat	K-12	NA	NA	NA	NA	NA	173	73	354	NA	NA	NA	NA	NA	4.05	1.71	8.28	4275	106	2.48	36	0.84
2019-09-01	53039	Klickitat	K-12	NA	NA	NA	NA	NA	174	70	403	NA	NA	NA	NA	NA	3.85	1.55	8.92	4516	145	3.2100000000000004	42	0.9299999999999999
2019-09-01	53039	Klickitat	K-12	NA	NA	NA	NA	NA	164	72	443	NA	NA	NA	NA	NA	3.1	1.36	8.370000000000001	5294	173	3.27	58	1.0999999999999999
2019-09-01	53039	Klickitat	K-12	NA	NA	NA	NA	NA	148	80	457	NA	NA	NA	NA	NA	2.9099999999999997	1.5699999999999998	8.99	5083	177	3.4800000000000004	94	1.8500000000000003
2019-09-01	53041	Lewis	K-12	NA	NA	NA	NA	NA	433	85	547	NA	NA	NA	NA	NA	2.79	0.5499999999999999	3.53	15507	29	0.19	15	0.1
2019-09-01	53041	Lewis	K-12	NA	NA	NA	NA	NA	274	81	364	NA	NA	NA	NA	NA	3.05	0.8999999999999999	4.05	8998	126	1.4000000000000001	21	0.22999999999999998
2019-09-01	53041	Lewis	K-12	NA	NA	NA	NA	NA	220	53	364	NA	NA	NA	NA	NA	1.87	0.45000000000000007	3.09	11764	140	1.19	29	0.25
2019-09-01	53041	Lewis	K-12	NA	NA	NA	NA	NA	192	37	316	NA	NA	NA	NA	NA	1.6099999999999999	0.31	2.66	11892	152	1.28	26	0.22
2019-09-01	53041	Lewis	K-12	NA	NA	NA	NA	NA	212	50	390	NA	NA	NA	NA	NA	1.7500000000000002	0.41000000000000003	3.2199999999999998	12099	186	1.5399999999999998	42	0.35000000000000003
2019-09-01	53041	Lewis	K-12	NA	NA	NA	NA	NA	255	46	466	NA	NA	NA	NA	NA	2.0500000000000003	0.37	3.75	12433	216	1.7400000000000002	62	0.5
2019-09-01	53043	Lincoln	K-12	NA	NA	NA	NA	NA	108	18	156	NA	NA	NA	NA	NA	5.28	0.88	7.620000000000002	2047	32	1.5599999999999998	2	0.1
2019-09-01	53043	Lincoln	K-12	NA	NA	NA	NA	NA	64	12	96	NA	NA	NA	NA	NA	5.66	1.06	8.5	1130	53	4.6899999999999995	4	0.35000000000000003
2019-09-01	53043	Lincoln	K-12	NA	NA	NA	NA	NA	32	10	37	NA	NA	NA	NA	NA	2.3	0.72	2.66	1392	10	0.72	2	0.13999999999999999
2019-09-01	53043	Lincoln	K-12	NA	NA	NA	NA	NA	36	14	49	NA	NA	NA	NA	NA	2.42	0.9399999999999998	3.3000000000000003	1487	21	1.41	2	0.13
2019-09-01	53043	Lincoln	K-12	NA	NA	NA	NA	NA	65	25	130	NA	NA	NA	NA	NA	2.8000000000000003	1.08	5.6000000000000005	2323	61	2.6300000000000003	15	0.65
2019-09-01	53043	Lincoln	K-12	NA	NA	NA	NA	NA	73	23	156	NA	NA	NA	NA	NA	2.56	0.8099999999999999	5.470000000000001	2850	68	2.39	22	0.77
2019-09-01	53045	Mason	K-12	NA	NA	NA	NA	NA	294	70	398	NA	NA	NA	NA	NA	2.39	0.5700000000000001	3.2300000000000004	12326	29	0.24000000000000002	10	0.08
2019-09-01	53045	Mason	K-12	NA	NA	NA	NA	NA	99	36	201	NA	NA	NA	NA	NA	1.82	0.66	3.6899999999999995	5450	94	1.72	4	0.06999999999999999
2019-09-01	53045	Mason	K-12	NA	NA	NA	NA	NA	133	63	249	NA	NA	NA	NA	NA	1.7300000000000002	0.8200000000000001	3.25	7667	81	1.06	12	0.15999999999999998
2019-09-01	53045	Mason	K-12	NA	NA	NA	NA	NA	102	71	251	NA	NA	NA	NA	NA	1.23	0.86	3.0300000000000002	8280	99	1.2	18	0.22
2019-09-01	53045	Mason	K-12	NA	NA	NA	NA	NA	140	97	354	NA	NA	NA	NA	NA	1.5399999999999998	1.0699999999999998	3.8899999999999997	9095	128	1.41	60	0.66
2019-09-01	53045	Mason	K-12	NA	NA	NA	NA	NA	112	97	352	NA	NA	NA	NA	NA	1.22	1.05	3.82	9212	130	1.41	64	0.69
2019-09-01	53047	Okanogan	K-12	NA	NA	NA	NA	NA	390	38	472	NA	NA	NA	NA	NA	5.300000000000001	0.52	6.420000000000001	7355	48	0.65	4	0.05
2019-09-01	53047	Okanogan	K-12	NA	NA	NA	NA	NA	415	52	433	NA	NA	NA	NA	NA	5.0200000000000005	0.63	5.24	8259	161	1.95	19	0.22999999999999998
2019-09-01	53047	Okanogan	K-12	NA	NA	NA	NA	NA	203	35	316	NA	NA	NA	NA	NA	3.2	0.5499999999999999	4.98	6341	113	1.78	8	0.13
2019-09-01	53047	Okanogan	K-12	NA	NA	NA	NA	NA	182	31	275	NA	NA	NA	NA	NA	2.14	0.36	3.2300000000000004	8524	111	1.3	8	0.09000000000000001
2019-09-01	53047	Okanogan	K-12	NA	NA	NA	NA	NA	181	48	274	NA	NA	NA	NA	NA	2.02	0.54	3.06	8944	121	1.35	11	0.12000000000000001
2019-09-01	53047	Okanogan	K-12	NA	NA	NA	NA	NA	202	40	344	NA	NA	NA	NA	NA	2.67	0.53	4.539999999999999	7578	188	2.48	34	0.45000000000000007
2019-09-01	53049	Pacific	K-12	NA	NA	NA	NA	NA	99	38	148	NA	NA	NA	NA	NA	3.5199999999999996	1.35	5.260000000000001	2815	10	0.36	3	0.11
2019-09-01	53049	Pacific	K-12	NA	NA	NA	NA	NA	56	26	107	NA	NA	NA	NA	NA	2.45	1.14	4.68	2288	33	1.44	8	0.35000000000000003
2019-09-01	53049	Pacific	K-12	NA	NA	NA	NA	NA	51	22	94	NA	NA	NA	NA	NA	1.81	0.78	3.34	2816	25	0.89	8	0.27999999999999997
2019-09-01	53049	Pacific	K-12	NA	NA	NA	NA	NA	44	28	98	NA	NA	NA	NA	NA	1.86	1.18	4.130000000000001	2371	36	1.52	20	0.84
2019-09-01	53049	Pacific	K-12	NA	NA	NA	NA	NA	26	30	110	NA	NA	NA	NA	NA	0.95	1.0999999999999999	4.02	2733	47	1.72	25	0.9099999999999999
2019-09-01	53049	Pacific	K-12	NA	NA	NA	NA	NA	53	33	131	NA	NA	NA	NA	NA	1.9300000000000002	1.2	4.77	2744	62	2.26	12	0.44
2019-09-01	53051	Pend Oreille	K-12	NA	NA	NA	NA	NA	98	17	123	NA	NA	NA	NA	NA	6.420000000000001	1.1099999999999999	8.06	1527	10	0.65	1	0.06999999999999999
2019-09-01	53051	Pend Oreille	K-12	NA	NA	NA	NA	NA	77	12	84	NA	NA	NA	NA	NA	5.95	0.9299999999999999	6.49	1295	25	1.9300000000000002	1	0.08
2019-09-01	53051	Pend Oreille	K-12	NA	NA	NA	NA	NA	10	1	15	NA	NA	NA	NA	NA	1.03	0.1	1.55	968	7	0.72	2	0.21
2019-09-01	53051	Pend Oreille	K-12	NA	NA	NA	NA	NA	41	9	58	NA	NA	NA	NA	NA	3.18	0.7000000000000001	4.5	1289	20	1.55	1	0.08
2019-09-01	53051	Pend Oreille	K-12	NA	NA	NA	NA	NA	43	13	106	NA	NA	NA	NA	NA	2.5300000000000002	0.76	6.23	1701	70	4.12	3	0.18
2019-09-01	53051	Pend Oreille	K-12	NA	NA	NA	NA	NA	46	14	107	NA	NA	NA	NA	NA	2.6900000000000004	0.8200000000000001	6.260000000000001	1709	67	3.92	4	0.22999999999999998
2019-09-01	53053	Pierce	K-12	NA	NA	NA	NA	NA	3819	1048	5234	NA	NA	NA	NA	NA	2.9199999999999995	0.8	4	131002	341	0.26	127	0.1
2019-09-01	53053	Pierce	K-12	NA	NA	NA	NA	NA	2907	1074	4870	NA	NA	NA	NA	NA	2.45	0.8999999999999999	4.1000000000000005	118736	1738	1.46	268	0.22999999999999998
2019-09-01	53053	Pierce	K-12	NA	NA	NA	NA	NA	2351	824	4130	NA	NA	NA	NA	NA	1.8300000000000003	0.64	3.2100000000000004	128763	1709	1.33	280	0.22
2019-09-01	53053	Pierce	K-12	NA	NA	NA	NA	NA	2327	905	4658	NA	NA	NA	NA	NA	1.6500000000000001	0.64	3.3100000000000005	140795	2062	1.46	322	0.22999999999999998
2019-09-01	53053	Pierce	K-12	NA	NA	NA	NA	NA	2222	771	4784	NA	NA	NA	NA	NA	1.5399999999999998	0.53	3.32	144302	2454	1.7000000000000002	363	0.25
2019-09-01	53053	Pierce	K-12	NA	NA	NA	NA	NA	2494	773	5468	NA	NA	NA	NA	NA	1.7000000000000002	0.53	3.73	146772	3025	2.06	499	0.34
2019-09-01	53055	San Juan	K-12	NA	NA	NA	NA	NA	196	38	244	NA	NA	NA	NA	NA	7.490000000000001	1.4500000000000002	9.32	2618	17	0.65	4	0.15
2019-09-01	53055	San Juan	K-12	NA	NA	NA	NA	NA	76	14	92	NA	NA	NA	NA	NA	6.88	1.27	8.33	1104	17	1.5399999999999998	9	0.8200000000000001
2019-09-01	53055	San Juan	K-12	NA	NA	NA	NA	NA	71	19	104	NA	NA	NA	NA	NA	5.680000000000001	1.52	8.31	1251	21	1.68	11	0.88
2019-09-01	53055	San Juan	K-12	NA	NA	NA	NA	NA	116	42	183	NA	NA	NA	NA	NA	5.79	2.1	9.129999999999999	2004	65	3.2399999999999998	10	0.5
2019-09-01	53055	San Juan	K-12	NA	NA	NA	NA	NA	100	31	183	NA	NA	NA	NA	NA	5.210000000000001	1.6199999999999999	9.54	1919	65	3.39	22	1.15
2019-09-01	53055	San Juan	K-12	NA	NA	NA	NA	NA	102	28	172	NA	NA	NA	NA	NA	5.260000000000001	1.44	8.870000000000001	1939	57	2.94	22	1.13
2019-09-01	53057	Skagit	K-12	NA	NA	NA	NA	NA	991	207	1299	NA	NA	NA	NA	NA	4.98	1.04	6.529999999999999	19891	61	0.31	86	0.43
2019-09-01	53057	Skagit	K-12	NA	NA	NA	NA	NA	555	162	941	NA	NA	NA	NA	NA	3.42	1	5.800000000000001	16212	279	1.72	96	0.59
2019-09-01	53057	Skagit	K-12	NA	NA	NA	NA	NA	529	161	935	NA	NA	NA	NA	NA	2.9099999999999997	0.89	5.15	18171	256	1.41	104	0.5700000000000001
2019-09-01	53057	Skagit	K-12	NA	NA	NA	NA	NA	520	164	923	NA	NA	NA	NA	NA	2.6500000000000004	0.84	4.7	19629	312	1.59	88	0.45000000000000007
2019-09-01	53057	Skagit	K-12	NA	NA	NA	NA	NA	475	196	990	NA	NA	NA	NA	NA	2.45	1.01	5.11	19380	386	1.9900000000000002	100	0.52
2019-09-01	53057	Skagit	K-12	NA	NA	NA	NA	NA	478	205	1070	NA	NA	NA	NA	NA	2.48	1.06	5.55	19294	456	2.36	112	0.5800000000000001
2019-09-01	53059	Skamania	K-12	NA	NA	NA	NA	NA	40	7	59	NA	NA	NA	NA	NA	5.430000000000001	0.95	8.01	737	9	1.22	3	0.41000000000000003
2019-09-01	53059	Skamania	K-12	NA	NA	NA	NA	NA	40	12	62	NA	NA	NA	NA	NA	5.4	1.6199999999999999	8.370000000000001	741	19	2.56	1	0.13
2019-09-01	53059	Skamania	K-12	NA	NA	NA	NA	NA	45	22	84	NA	NA	NA	NA	NA	3.01	1.47	5.62	1494	26	1.7400000000000002	2	0.13
2019-09-01	53059	Skamania	K-12	NA	NA	NA	NA	NA	27	12	45	NA	NA	NA	NA	NA	2.2199999999999998	0.9899999999999999	3.6999999999999997	1217	11	0.8999999999999999	2	0.15999999999999998
2019-09-01	53059	Skamania	K-12	NA	NA	NA	NA	NA	51	20	101	NA	NA	NA	NA	NA	3.35	1.31	6.64	1521	42	2.76	2	0.13
2019-09-01	53059	Skamania	K-12	NA	NA	NA	NA	NA	54	15	108	NA	NA	NA	NA	NA	3.71	1.03	7.430000000000001	1454	56	3.85	4	0.27999999999999997
2019-09-01	53061	Snohomish	K-12	NA	NA	NA	NA	NA	4943	1218	6433	NA	NA	NA	NA	NA	4.489999999999999	1.1099999999999999	5.8500000000000005	109981	349	0.32	86	0.08
2019-09-01	53061	Snohomish	K-12	NA	NA	NA	NA	NA	3602	1122	5150	NA	NA	NA	NA	NA	3.45	1.0699999999999998	4.930000000000001	104373	1489	1.43	119	0.11
2019-09-01	53061	Snohomish	K-12	NA	NA	NA	NA	NA	3400	1084	5297	NA	NA	NA	NA	NA	2.93	0.9399999999999998	4.569999999999999	115895	1659	1.43	177	0.15
2019-09-01	53061	Snohomish	K-12	NA	NA	NA	NA	NA	2740	983	4681	NA	NA	NA	NA	NA	2.28	0.8200000000000001	3.8899999999999997	120204	1659	1.3800000000000001	213	0.18
2019-09-01	53061	Snohomish	K-12	NA	NA	NA	NA	NA	2533	866	4960	NA	NA	NA	NA	NA	2.1	0.72	4.1000000000000005	120860	2163	1.7900000000000003	319	0.26
2019-09-01	53061	Snohomish	K-12	NA	NA	NA	NA	NA	2522	702	5202	NA	NA	NA	NA	NA	2.08	0.5800000000000001	4.300000000000001	121078	2497	2.06	500	0.41000000000000003
2019-09-01	53063	Spokane	K-12	NA	NA	NA	NA	NA	4405	1123	5782	NA	NA	NA	NA	NA	6.4399999999999995	1.6400000000000001	8.46	68374	301	0.44	152	0.22
2019-09-01	53063	Spokane	K-12	NA	NA	NA	NA	NA	2038	832	3960	NA	NA	NA	NA	NA	3.61	1.47	7.020000000000001	56422	1335	2.37	106	0.19
2019-09-01	53063	Spokane	K-12	NA	NA	NA	NA	NA	1658	654	3313	NA	NA	NA	NA	NA	2.29	0.8999999999999999	4.569999999999999	72497	1330	1.8300000000000003	213	0.29
2019-09-01	53063	Spokane	K-12	NA	NA	NA	NA	NA	1902	632	3819	NA	NA	NA	NA	NA	2.4	0.8	4.8100000000000005	79334	1795	2.26	276	0.35000000000000003
2019-09-01	53063	Spokane	K-12	NA	NA	NA	NA	NA	1436	397	2992	NA	NA	NA	NA	NA	1.7900000000000003	0.49	3.7199999999999998	80390	1612	2.01	360	0.45000000000000007
2019-09-01	53063	Spokane	K-12	NA	NA	NA	NA	NA	2385	680	5446	NA	NA	NA	NA	NA	2.96	0.84	6.75	80643	2992	3.71	643	0.8
2019-09-01	53065	Stevens	K-12	NA	NA	NA	NA	NA	388	123	563	NA	NA	NA	NA	NA	6.23	1.9799999999999998	9.049999999999999	6223	38	0.61	32	0.51
2019-09-01	53065	Stevens	K-12	NA	NA	NA	NA	NA	362	150	593	NA	NA	NA	NA	NA	5.510000000000001	2.28	9.03	6570	200	3.04	35	0.53
2019-09-01	53065	Stevens	K-12	NA	NA	NA	NA	NA	230	130	456	NA	NA	NA	NA	NA	4.12	2.33	8.18	5576	163	2.9199999999999995	27	0.48000000000000004
2019-09-01	53065	Stevens	K-12	NA	NA	NA	NA	NA	242	140	574	NA	NA	NA	NA	NA	3.7800000000000002	2.1900000000000004	8.959999999999999	6407	250	3.9	56	0.8699999999999999
2019-09-01	53065	Stevens	K-12	NA	NA	NA	NA	NA	359	180	894	NA	NA	NA	NA	NA	4.79	2.4	11.94	7490	436	5.82	89	1.19
2019-09-01	53065	Stevens	K-12	NA	NA	NA	NA	NA	397	178	1021	NA	NA	NA	NA	NA	5.48	2.46	14.090000000000003	7247	542	7.48	125	1.72
2019-09-01	53067	Thurston	K-12	NA	NA	NA	NA	NA	2106	475	2765	NA	NA	NA	NA	NA	4.63	1.04	6.08	45456	193	0.42	36	0.08
2019-09-01	53067	Thurston	K-12	NA	NA	NA	NA	NA	1297	328	1848	NA	NA	NA	NA	NA	3.53	0.89	5.0200000000000005	36778	522	1.4200000000000002	61	0.17
2019-09-01	53067	Thurston	K-12	NA	NA	NA	NA	NA	1157	328	1876	NA	NA	NA	NA	NA	2.74	0.78	4.4399999999999995	42254	514	1.22	95	0.22
2019-09-01	53067	Thurston	K-12	NA	NA	NA	NA	NA	899	273	1581	NA	NA	NA	NA	NA	1.9799999999999998	0.6	3.4800000000000004	45391	510	1.1199999999999999	128	0.27999999999999997
2019-09-01	53067	Thurston	K-12	NA	NA	NA	NA	NA	990	262	1774	NA	NA	NA	NA	NA	2.2399999999999998	0.59	4.010000000000001	44235	647	1.46	156	0.35000000000000003
2019-09-01	53067	Thurston	K-12	NA	NA	NA	NA	NA	907	247	1694	NA	NA	NA	NA	NA	2.1	0.5700000000000001	3.93	43157	722	1.67	235	0.54
2019-09-01	53069	Wahkiakum	K-12	NA	NA	NA	NA	NA	16	25	53	NA	NA	NA	NA	NA	3.09	4.83	10.23	518	11	2.12	2	0.38999999999999996
2019-09-01	53069	Wahkiakum	K-12	NA	NA	NA	NA	NA	0	0	0	NA	NA	NA	NA	NA	NA	NA	NA	0	0	NA	0	NA
2019-09-01	53069	Wahkiakum	K-12	NA	NA	NA	NA	NA	2	2	6	NA	NA	NA	NA	NA	0.9399999999999998	0.9399999999999998	2.82	213	0	0	3	1.41
2019-09-01	53069	Wahkiakum	K-12	NA	NA	NA	NA	NA	4	3	11	NA	NA	NA	NA	NA	0.8699999999999999	0.65	2.38	462	4	0.8699999999999999	4	0.8699999999999999
2019-09-01	53069	Wahkiakum	K-12	NA	NA	NA	NA	NA	8	3	13	NA	NA	NA	NA	NA	1.8500000000000003	0.69	3	433	5	1.15	1	0.22999999999999998
2019-09-01	53069	Wahkiakum	K-12	NA	NA	NA	NA	NA	8	5	22	NA	NA	NA	NA	NA	1.9300000000000002	1.21	5.3100000000000005	414	6	1.4500000000000002	7	1.6900000000000002
2019-09-01	53071	Walla Walla	K-12	NA	NA	NA	NA	NA	244	40	299	NA	NA	NA	NA	NA	3.17	0.52	3.88	7704	20	0.26	3	0.04
2019-09-01	53071	Walla Walla	K-12	NA	NA	NA	NA	NA	227	83	342	NA	NA	NA	NA	NA	2.6100000000000003	0.95	3.93	8709	98	1.13	17	0.2
2019-09-01	53071	Walla Walla	K-12	NA	NA	NA	NA	NA	165	39	252	NA	NA	NA	NA	NA	1.8500000000000003	0.44	2.82	8943	69	0.77	17	0.19
2019-09-01	53071	Walla Walla	K-12	NA	NA	NA	NA	NA	184	44	291	NA	NA	NA	NA	NA	1.91	0.45999999999999996	3.0199999999999996	9644	101	1.05	18	0.19
2019-09-01	53071	Walla Walla	K-12	NA	NA	NA	NA	NA	131	39	274	NA	NA	NA	NA	NA	1.4000000000000001	0.42	2.94	9328	138	1.48	16	0.17
2019-09-01	53071	Walla Walla	K-12	NA	NA	NA	NA	NA	99	33	266	NA	NA	NA	NA	NA	1.08	0.36	2.9	9179	151	1.6500000000000001	19	0.21
2019-09-01	53073	Whatcom	K-12	NA	NA	NA	NA	NA	2022	357	2411	NA	NA	NA	NA	NA	7.010000000000001	1.24	8.360000000000001	28849	86	0.3	12	0.04
2019-09-01	53073	Whatcom	K-12	NA	NA	NA	NA	NA	1532	357	1901	NA	NA	NA	NA	NA	5.67	1.32	7.03	27025	569	2.11	33	0.12000000000000001
2019-09-01	53073	Whatcom	K-12	NA	NA	NA	NA	NA	1286	274	1786	NA	NA	NA	NA	NA	4.64	0.9899999999999999	6.45	27706	604	2.18	22	0.08
2019-09-01	53073	Whatcom	K-12	NA	NA	NA	NA	NA	1316	316	1690	NA	NA	NA	NA	NA	4.6	1.1099999999999999	5.910000000000001	28584	784	2.74	27	0.09000000000000001
2019-09-01	53073	Whatcom	K-12	NA	NA	NA	NA	NA	950	221	1553	NA	NA	NA	NA	NA	3.19	0.74	5.220000000000001	29739	684	2.3	49	0.15999999999999998
2019-09-01	53073	Whatcom	K-12	NA	NA	NA	NA	NA	913	200	1573	NA	NA	NA	NA	NA	3.06	0.67	5.2700000000000005	29862	755	2.5300000000000002	67	0.22
2019-09-01	53075	Whitman	K-12	NA	NA	NA	NA	NA	194	24	227	NA	NA	NA	NA	NA	3.53	0.44	4.130000000000001	5498	10	0.18	0	0
2019-09-01	53075	Whitman	K-12	NA	NA	NA	NA	NA	83	18	119	NA	NA	NA	NA	NA	2.66	0.5800000000000001	3.81	3126	34	1.09	3	0.1
2019-09-01	53075	Whitman	K-12	NA	NA	NA	NA	NA	86	22	131	NA	NA	NA	NA	NA	2.17	0.5499999999999999	3.3000000000000003	3966	36	0.9099999999999999	5	0.13
2019-09-01	53075	Whitman	K-12	NA	NA	NA	NA	NA	29	17	69	NA	NA	NA	NA	NA	0.7100000000000001	0.42	1.6900000000000002	4072	40	0.98	1	0.02
2019-09-01	53075	Whitman	K-12	NA	NA	NA	NA	NA	81	39	155	NA	NA	NA	NA	NA	1.7000000000000002	0.8200000000000001	3.25	4767	51	1.0699999999999998	16	0.34
2019-09-01	53075	Whitman	K-12	NA	NA	NA	NA	NA	41	34	133	NA	NA	NA	NA	NA	0.86	0.72	2.8000000000000003	4751	73	1.5399999999999998	13	0.27
2019-09-01	53077	Yakima	K-12	NA	NA	NA	NA	NA	485	171	697	NA	NA	NA	NA	NA	0.96	0.34	1.3800000000000001	50410	44	0.09000000000000001	9	0.02
2019-09-01	53077	Yakima	K-12	NA	NA	NA	NA	NA	411	203	669	NA	NA	NA	NA	NA	0.9399999999999998	0.45999999999999996	1.53	43727	159	0.36	24	0.05
2019-09-01	53077	Yakima	K-12	NA	NA	NA	NA	NA	338	152	563	NA	NA	NA	NA	NA	0.63	0.29	1.06	53243	163	0.31	26	0.05
2019-09-01	53077	Yakima	K-12	NA	NA	NA	NA	NA	326	180	630	NA	NA	NA	NA	NA	0.6	0.33	1.16	54335	213	0.38999999999999996	32	0.060000000000000005
2019-09-01	53077	Yakima	K-12	NA	NA	NA	NA	NA	277	147	606	NA	NA	NA	NA	NA	0.52	0.27	1.13	53493	257	0.48000000000000004	40	0.06999999999999999
2019-09-01	53077	Yakima	K-12	NA	NA	NA	NA	NA	289	170	719	NA	NA	NA	NA	NA	0.54	0.32	1.35	53323	320	0.6	55	0.1
