geography	geography_name	time	grade	N_students	pct_all_required	pct_conditional	pct_pme	pct_other_lacking	pct_overdue	source_grade	N_students_tdap	N_students_varicella	pct_entrants_vax_tdap	pct_entrants_vax_varicella	pct_conditional_tdap	pct_conditional_varicella	pct_pme_tdap	pct_pme_varicella	pct_other_lacking_tdap	pct_other_lacking_varicella	pct_overdue_tdap	pct_overdue_varicella
06001	Alameda	2019-09-01	Kindergarten	21622	96.45268707999999	1.0961058199999996	0.65211359	0.16649709000000001	1.6325964300000007	KG	NA	NA	NA	NA	NA	NA	NA	NA	NA	NA	NA	NA
06003	Alpine	2019-09-01	Kindergarten	9	NA	NA	NA	NA	NA	KG	NA	NA	NA	NA	NA	NA	NA	NA	NA	NA	NA	NA
06005	Amador	2019-09-01	Kindergarten	308	91.23376623	4.220779220000001	1.9480519500000002	0.64935065	1.9480519500000002	KG	NA	NA	NA	NA	NA	NA	NA	NA	NA	NA	NA	NA
06007	Butte	2019-09-01	Kindergarten	2742	95.14952589	2.6987600300000003	0.76586433	0.9846827100000001	0.40116702999999987	KG	NA	NA	NA	NA	NA	NA	NA	NA	NA	NA	NA	NA
06009	Calaveras	2019-09-01	Kindergarten	455	93.84615385000001	1.7582417600000004	1.5384615400000001	1.7582417600000004	1.0989011	KG	NA	NA	NA	NA	NA	NA	NA	NA	NA	NA	NA	NA
06011	Colusa	2019-09-01	Kindergarten	372	96.77419355	0.2688172	0	0	2.9569892499999995	KG	NA	NA	NA	NA	NA	NA	NA	NA	NA	NA	NA	NA
06013	Contra Costa	2019-09-01	Kindergarten	15692	96.17639562	1.58679582	0.75197553	0.2867703300000001	1.1980627099999999	KG	NA	NA	NA	NA	NA	NA	NA	NA	NA	NA	NA	NA
06015	Del Norte	2019-09-01	Kindergarten	394	96.95431471999999	0.76142132	0	0.76142132	1.52284264	KG	NA	NA	NA	NA	NA	NA	NA	NA	NA	NA	NA	NA
06017	El Dorado	2019-09-01	Kindergarten	2909	79.68374012	2.23444483	4.29700928	13.475421110000003	0.30938467	KG	NA	NA	NA	NA	NA	NA	NA	NA	NA	NA	NA	NA
06019	Fresno	2019-09-01	Kindergarten	18461	96.43031254999998	1.0129462099999997	0.29792536000000003	1.5925464500000004	0.6662694299999999	KG	NA	NA	NA	NA	NA	NA	NA	NA	NA	NA	NA	NA
06021	Glenn	2019-09-01	Kindergarten	576	86.11111111000001	1.38888889	0.6944444399999999	10.9375	0.8680555600000001	KG	NA	NA	NA	NA	NA	NA	NA	NA	NA	NA	NA	NA
06023	Humboldt	2019-09-01	Kindergarten	1715	88.04664722999999	2.6822157399999997	5.597667639999999	0.6997084499999999	2.9737609299999996	KG	NA	NA	NA	NA	NA	NA	NA	NA	NA	NA	NA	NA
06025	Imperial	2019-09-01	Kindergarten	3117	95.66891242000001	2.53448829	0.19249278000000003	0.38498556000000006	1.21912095	KG	NA	NA	NA	NA	NA	NA	NA	NA	NA	NA	NA	NA
06027	Inyo	2019-09-01	Kindergarten	271	97.04797047999999	2.58302583	0.36900368999999994	0	0	KG	NA	NA	NA	NA	NA	NA	NA	NA	NA	NA	NA	NA
06029	Kern	2019-09-01	Kindergarten	18327	88.61242975	1.36956403	0.6984230899999999	7.97730125	1.34228188	KG	NA	NA	NA	NA	NA	NA	NA	NA	NA	NA	NA	NA
06031	Kings	2019-09-01	Kindergarten	2576	96.93322980999999	1.9798136600000003	0.23291924999999997	0.42701863	0.42701863	KG	NA	NA	NA	NA	NA	NA	NA	NA	NA	NA	NA	NA
06033	Lake	2019-09-01	Kindergarten	796	90.82914573000002	3.1407035199999997	0.75376884	0.75376884	4.52261307	KG	NA	NA	NA	NA	NA	NA	NA	NA	NA	NA	NA	NA
06035	Lassen	2019-09-01	Kindergarten	350	92	5.42857143	1.42857143	0.8571428599999998	0.28571429	KG	NA	NA	NA	NA	NA	NA	NA	NA	NA	NA	NA	NA
06037	Los Angeles	2019-09-01	Kindergarten	133622	94.46797683000001	1.68310608	0.6174133	0.78430199	2.44720181	KG	NA	NA	NA	NA	NA	NA	NA	NA	NA	NA	NA	NA
06039	Madera	2019-09-01	Kindergarten	2727	96.14961495999998	1.4668133499999998	0.25669234	0.77007701	1.35680235	KG	NA	NA	NA	NA	NA	NA	NA	NA	NA	NA	NA	NA
06041	Marin	2019-09-01	Kindergarten	3252	93.94218942	2.30627306	2.89052891	0.30750308	0.5535055399999999	KG	NA	NA	NA	NA	NA	NA	NA	NA	NA	NA	NA	NA
06043	Mariposa	2019-09-01	Kindergarten	160	93.125	5.625	0	1.25	0	KG	NA	NA	NA	NA	NA	NA	NA	NA	NA	NA	NA	NA
06045	Mendocino	2019-09-01	Kindergarten	1218	85.71428571000001	7.22495895	3.0377668300000003	0.5747126400000001	3.4482758600000003	KG	NA	NA	NA	NA	NA	NA	NA	NA	NA	NA	NA	NA
06047	Merced	2019-09-01	Kindergarten	5321	96.65476414	1.55985717	0.11276076	0.62018418	1.05243375	KG	NA	NA	NA	NA	NA	NA	NA	NA	NA	NA	NA	NA
06049	Modoc	2019-09-01	Kindergarten	120	95.83333333	0.8333333300000001	0.8333333300000001	0	2.5	KG	NA	NA	NA	NA	NA	NA	NA	NA	NA	NA	NA	NA
06051	Mono	2019-09-01	Kindergarten	138	90.57971014	5.072463770000001	2.8985507200000002	0	1.44927536	KG	NA	NA	NA	NA	NA	NA	NA	NA	NA	NA	NA	NA
06053	Monterey	2019-09-01	Kindergarten	6733	97.0889648	1.41096094	0.8317243400000001	0.059408880000000004	0.60894104	KG	NA	NA	NA	NA	NA	NA	NA	NA	NA	NA	NA	NA
06055	Napa	2019-09-01	Kindergarten	1746	96.62084765	0.8018327599999998	1.37457045	0.34364260999999996	0.85910653	KG	NA	NA	NA	NA	NA	NA	NA	NA	NA	NA	NA	NA
06057	Nevada	2019-09-01	Kindergarten	985	79.49238579	3.3502538100000008	13.096446700000003	3.04568528	1.01522843	KG	NA	NA	NA	NA	NA	NA	NA	NA	NA	NA	NA	NA
06059	Orange	2019-09-01	Kindergarten	41381	95.51968295	1.50310529	1.10437157	0.8167999799999999	1.05604021	KG	NA	NA	NA	NA	NA	NA	NA	NA	NA	NA	NA	NA
06061	Placer	2019-09-01	Kindergarten	6709	90.5351021	2.4146668699999996	3.264271870000001	1.31167089	2.4742882699999993	KG	NA	NA	NA	NA	NA	NA	NA	NA	NA	NA	NA	NA
06063	Plumas	2019-09-01	Kindergarten	208	92.30769231	3.8461538499999994	1.4423076899999998	0.48076923000000005	1.9230769199999993	KG	NA	NA	NA	NA	NA	NA	NA	NA	NA	NA	NA	NA
06065	Riverside	2019-09-01	Kindergarten	36134	93.61543145	1.8625117600000005	0.86898766	2.5792882099999996	1.07378093	KG	NA	NA	NA	NA	NA	NA	NA	NA	NA	NA	NA	NA
06067	Sacramento	2019-09-01	Kindergarten	21495	93.31007211	2.1586415400000005	1.5910676900000005	1.8934636000000005	1.0467550599999997	KG	NA	NA	NA	NA	NA	NA	NA	NA	NA	NA	NA	NA
06069	San Benito	2019-09-01	Kindergarten	1099	96.26933576	1.27388535	0.54595086	0.09099181	1.8198362100000005	KG	NA	NA	NA	NA	NA	NA	NA	NA	NA	NA	NA	NA
06071	San Bernardino	2019-09-01	Kindergarten	34542	93.91754965000003	1.7862312500000002	0.42556886999999993	2.5070928100000005	1.36355741	KG	NA	NA	NA	NA	NA	NA	NA	NA	NA	NA	NA	NA
06073	San Diego	2019-09-01	Kindergarten	45956	92.95195403999999	1.5166681199999996	1.4318043299999998	3.5533989000000004	0.5461746000000001	KG	NA	NA	NA	NA	NA	NA	NA	NA	NA	NA	NA	NA
06075	San Francisco	2019-09-01	Kindergarten	6963	95.31811001	1.1058451799999998	0.7468045400000001	0.01436163	2.81487864	KG	NA	NA	NA	NA	NA	NA	NA	NA	NA	NA	NA	NA
06077	San Joaquin	2019-09-01	Kindergarten	12320	95.0487013	1.7370129900000002	0.38961039	1.42857143	1.3961039	KG	NA	NA	NA	NA	NA	NA	NA	NA	NA	NA	NA	NA
06079	San Luis Obispo	2019-09-01	Kindergarten	3095	94.18416801000001	1.84168013	2.1970920800000004	0.8400646199999998	0.9369951499999998	KG	NA	NA	NA	NA	NA	NA	NA	NA	NA	NA	NA	NA
06081	San Mateo	2019-09-01	Kindergarten	9168	96.60776614	1.31980803	0.69808028	0.10907503999999998	1.26527051	KG	NA	NA	NA	NA	NA	NA	NA	NA	NA	NA	NA	NA
06083	Santa Barbara	2019-09-01	Kindergarten	6500	96.2	1.4461538499999997	1.4000000000000001	0.41538462000000004	0.53846154	KG	NA	NA	NA	NA	NA	NA	NA	NA	NA	NA	NA	NA
06085	Santa Clara	2019-09-01	Kindergarten	24963	96.41469375	1.25385571	0.7491086800000001	0.22833794000000004	1.3540039300000002	KG	NA	NA	NA	NA	NA	NA	NA	NA	NA	NA	NA	NA
06087	Santa Cruz	2019-09-01	Kindergarten	3415	89.28257687	2.1669106900000004	2.75256223	4.626647139999998	1.1713030699999998	KG	NA	NA	NA	NA	NA	NA	NA	NA	NA	NA	NA	NA
06089	Shasta	2019-09-01	Kindergarten	2525	89.46534653	3.2475247499999997	2.6930693100000003	2.8514851500000002	1.7425742600000003	KG	NA	NA	NA	NA	NA	NA	NA	NA	NA	NA	NA	NA
06091	Sierra	2019-09-01	Kindergarten	25	9500	0	0	0	500	KG	NA	NA	NA	NA	NA	NA	NA	NA	NA	NA	NA	NA
06093	Siskiyou	2019-09-01	Kindergarten	530	94.90566038	1.8867924500000004	1.1320754699999998	0.56603774	1.50943396	KG	NA	NA	NA	NA	NA	NA	NA	NA	NA	NA	NA	NA
06095	Solano	2019-09-01	Kindergarten	5966	94.50217901	1.5420717399999997	0.48608782999999994	0.08380825	3.3858531700000007	KG	NA	NA	NA	NA	NA	NA	NA	NA	NA	NA	NA	NA
06097	Sonoma	2019-09-01	Kindergarten	6043	92.27205031000001	2.10160516	3.1275856399999995	0.7115671	1.7871917900000005	KG	NA	NA	NA	NA	NA	NA	NA	NA	NA	NA	NA	NA
06099	Stanislaus	2019-09-01	Kindergarten	9366	95.67584881	1.9859064699999998	0.66196882	0.28827675	1.3879991500000002	KG	NA	NA	NA	NA	NA	NA	NA	NA	NA	NA	NA	NA
06101	Sutter	2019-09-01	Kindergarten	2017	85.27516113000001	0.64452157	0.8924144799999999	13.03916708	0.14873575	KG	NA	NA	NA	NA	NA	NA	NA	NA	NA	NA	NA	NA
06103	Tehama	2019-09-01	Kindergarten	1073	93.56943150000001	2.14352283	0.6523765100000001	1.21155638	2.42311277	KG	NA	NA	NA	NA	NA	NA	NA	NA	NA	NA	NA	NA
06	Total	2019-09-01	Kindergarten	554250	94.28615246000001	1.6577356800000005	0.95047361	1.62129003	1.48434822	KG	NA	NA	NA	NA	NA	NA	NA	NA	NA	NA	NA	NA
06105	Trinity	2019-09-01	Kindergarten	138	86.95652174000001	4.34782609	5.072463770000001	0.72463768	2.8985507200000002	KG	NA	NA	NA	NA	NA	NA	NA	NA	NA	NA	NA	NA
06107	Tulare	2019-09-01	Kindergarten	9535	96.5390666	1.1746198199999998	0.24121656999999996	1.7619297299999999	0.28316727999999997	KG	NA	NA	NA	NA	NA	NA	NA	NA	NA	NA	NA	NA
06109	Tuolumne	2019-09-01	Kindergarten	584	90.23972603	3.5958904099999995	3.5958904099999995	1.36986301	1.19863014	KG	NA	NA	NA	NA	NA	NA	NA	NA	NA	NA	NA	NA
06111	Ventura	2019-09-01	Kindergarten	11466	95.50845979	1.7268445800000003	1.0901796599999998	0.60177917	1.0727367899999998	KG	NA	NA	NA	NA	NA	NA	NA	NA	NA	NA	NA	NA
06113	Yolo	2019-09-01	Kindergarten	2959	94.32240622	2.02771206	1.62216965	0.9124704299999998	1.1152416399999998	KG	NA	NA	NA	NA	NA	NA	NA	NA	NA	NA	NA	NA
06115	Yuba	2019-09-01	Kindergarten	1361	92.7994122	2.4246877299999996	0.44085230999999997	2.1307861900000002	2.20426157	KG	NA	NA	NA	NA	NA	NA	NA	NA	NA	NA	NA	NA
06115	Yuba	2019-09-01	Kindergarten	1361	92.7994122	2.4246877299999996	0.44085230999999997	2.1307861900000002	2.20426157	KG	NA	NA	NA	NA	NA	NA	NA	NA	NA	NA	NA	NA
06001	Alameda	2020-09-01	Kindergarten	19752	90.25415148	0.5822195200000001	0.30376671	0.68347509	8.1763872	KG	NA	NA	NA	NA	NA	NA	NA	NA	NA	NA	NA	NA
06003	Alpine	2020-09-01	Kindergarten	NA	NA	NA	NA	NA	NA	KG	NA	NA	NA	NA	NA	NA	NA	NA	NA	NA	NA	NA
06005	Amador	2020-09-01	Kindergarten	367	93.1880109	1.3623978199999998	1.9073569499999998	0.27247956000000007	3.269754770000001	KG	NA	NA	NA	NA	NA	NA	NA	NA	NA	NA	NA	NA
06007	Butte	2020-09-01	Kindergarten	2470	94.49392713000002	1.41700405	0.8502024300000001	1.49797571	1.7408906900000007	KG	NA	NA	NA	NA	NA	NA	NA	NA	NA	NA	NA	NA
06009	Calaveras	2020-09-01	Kindergarten	362	90.8839779	1.6574585600000005	0.5524861899999999	5.5248618800000004	1.3812154700000001	KG	NA	NA	NA	NA	NA	NA	NA	NA	NA	NA	NA	NA
06011	Colusa	2020-09-01	Kindergarten	346	94.50867052	0	0	0	5.49132948	KG	NA	NA	NA	NA	NA	NA	NA	NA	NA	NA	NA	NA
06013	Contra Costa	2020-09-01	Kindergarten	14400	94.82638888999999	0.57638889	0.4930555599999999	0.5486111100000001	3.5555555599999997	KG	NA	NA	NA	NA	NA	NA	NA	NA	NA	NA	NA	NA
06015	Del Norte	2020-09-01	Kindergarten	282	93.26241135000002	0.7092198600000001	2.4822694999999997	2.12765957	1.4184397199999998	KG	NA	NA	NA	NA	NA	NA	NA	NA	NA	NA	NA	NA
06017	El Dorado	2020-09-01	Kindergarten	2373	82.04804046000001	1.81205225	2.8655710100000005	11.588706279999998	1.6856300000000002	KG	NA	NA	NA	NA	NA	NA	NA	NA	NA	NA	NA	NA
06019	Fresno	2020-09-01	Kindergarten	16220	97.31812577	0.5487053000000001	0.12946979	1.2577065400000003	0.7459926	KG	NA	NA	NA	NA	NA	NA	NA	NA	NA	NA	NA	NA
06021	Glenn	2020-09-01	Kindergarten	544	88.41911765000002	0.5514705899999999	0.18382353	8.82352941	2.02205882	KG	NA	NA	NA	NA	NA	NA	NA	NA	NA	NA	NA	NA
06023	Humboldt	2020-09-01	Kindergarten	1447	87.76779544000001	0.9675189999999998	3.9391845200000004	2.0041465100000004	5.321354530000001	KG	NA	NA	NA	NA	NA	NA	NA	NA	NA	NA	NA	NA
06025	Imperial	2020-09-01	Kindergarten	2762	93.22954381000001	1.37581463	0.036205650000000006	0.65170167	4.70673425	KG	NA	NA	NA	NA	NA	NA	NA	NA	NA	NA	NA	NA
06027	Inyo	2020-09-01	Kindergarten	187	96.25668448999998	0.53475936	0	0.53475936	2.6737967900000004	KG	NA	NA	NA	NA	NA	NA	NA	NA	NA	NA	NA	NA
06029	Kern	2020-09-01	Kindergarten	15354	87.98358734000003	1.38074769	0.45590726000000004	7.157743909999999	3.02201381	KG	NA	NA	NA	NA	NA	NA	NA	NA	NA	NA	NA	NA
06031	Kings	2020-09-01	Kindergarten	2341	97.82144382999999	0.85433575	0.25630073000000003	0.5980350299999999	0.46988465999999995	KG	NA	NA	NA	NA	NA	NA	NA	NA	NA	NA	NA	NA
06033	Lake	2020-09-01	Kindergarten	768	91.66666667	0.91145833	0.78125	0.78125	5.859375000000001	KG	NA	NA	NA	NA	NA	NA	NA	NA	NA	NA	NA	NA
06035	Lassen	2020-09-01	Kindergarten	335	92.23880596999999	1.7910447800000002	1.1940298499999997	1.49253731	3.283582090000001	KG	NA	NA	NA	NA	NA	NA	NA	NA	NA	NA	NA	NA
06037	Los Angeles	2020-09-01	Kindergarten	114141	91.60336776000001	0.71578136	0.4205324999999999	1.0723578699999998	6.187960500000001	KG	NA	NA	NA	NA	NA	NA	NA	NA	NA	NA	NA	NA
06039	Madera	2020-09-01	Kindergarten	2586	96.82907966	0.3866976	0.15467904	0.7733952	1.8561484900000007	KG	NA	NA	NA	NA	NA	NA	NA	NA	NA	NA	NA	NA
06041	Marin	2020-09-01	Kindergarten	2832	96.25706215	0.7415254199999999	2.01271186	0.07062146999999999	0.9180790999999997	KG	NA	NA	NA	NA	NA	NA	NA	NA	NA	NA	NA	NA
06043	Mariposa	2020-09-01	Kindergarten	163	80.36809816	4.294478529999999	0	5.52147239	9.815950919999999	KG	NA	NA	NA	NA	NA	NA	NA	NA	NA	NA	NA	NA
06045	Mendocino	2020-09-01	Kindergarten	1084	87.26937269000001	4.5202952	2.67527675	0.5535055399999999	4.981549820000001	KG	NA	NA	NA	NA	NA	NA	NA	NA	NA	NA	NA	NA
06047	Merced	2020-09-01	Kindergarten	4566	94.4152431	1.09505037	0.08760403	0.6132282099999999	3.7888742899999994	KG	NA	NA	NA	NA	NA	NA	NA	NA	NA	NA	NA	NA
06049	Modoc	2020-09-01	Kindergarten	117	94.87179486999999	0.85470085	0	0	4.27350427	KG	NA	NA	NA	NA	NA	NA	NA	NA	NA	NA	NA	NA
06051	Mono	2020-09-01	Kindergarten	124	96.77419355	0.80645161	0	0	2.4193548399999996	KG	NA	NA	NA	NA	NA	NA	NA	NA	NA	NA	NA	NA
06053	Monterey	2020-09-01	Kindergarten	6220	97.4437299	0.81993569	0.36977492	0.20900321999999996	1.1575562700000002	KG	NA	NA	NA	NA	NA	NA	NA	NA	NA	NA	NA	NA
06055	Napa	2020-09-01	Kindergarten	1596	95.73934837	1.06516291	0.9398496199999997	1.6917293199999999	0.56390977	KG	NA	NA	NA	NA	NA	NA	NA	NA	NA	NA	NA	NA
06057	Nevada	2020-09-01	Kindergarten	834	81.89448441000002	2.9976019199999997	8.992805759999998	3.83693046	2.27817746	KG	NA	NA	NA	NA	NA	NA	NA	NA	NA	NA	NA	NA
06059	Orange	2020-09-01	Kindergarten	36305	94.68668228	0.8924390599999998	0.7657347499999999	0.8290869000000001	2.8260570200000004	KG	NA	NA	NA	NA	NA	NA	NA	NA	NA	NA	NA	NA
06061	Placer	2020-09-01	Kindergarten	5628	92.67945984	1.7945984400000004	2.22103767	0.65742715	2.6474769	KG	NA	NA	NA	NA	NA	NA	NA	NA	NA	NA	NA	NA
06063	Plumas	2020-09-01	Kindergarten	191	91.09947644	0.5235602099999999	1.5706806299999998	5.759162300000001	1.04712042	KG	NA	NA	NA	NA	NA	NA	NA	NA	NA	NA	NA	NA
06065	Riverside	2020-09-01	Kindergarten	31555	92.20725716999999	0.66867374	0.5387418800000001	2.766598	3.8187292	KG	NA	NA	NA	NA	NA	NA	NA	NA	NA	NA	NA	NA
06067	Sacramento	2020-09-01	Kindergarten	19509	91.53723922	1.0815521	0.8713926899999999	1.98369983	4.52611615	KG	NA	NA	NA	NA	NA	NA	NA	NA	NA	NA	NA	NA
06069	San Benito	2020-09-01	Kindergarten	991	91.2209889	1.4127144299999999	0.10090816999999998	0	7.2653885	KG	NA	NA	NA	NA	NA	NA	NA	NA	NA	NA	NA	NA
06071	San Bernardino	2020-09-01	Kindergarten	30438	90.39687233	0.5979367899999999	0.25625862	2.11249097	6.6364412900000005	KG	NA	NA	NA	NA	NA	NA	NA	NA	NA	NA	NA	NA
06073	San Diego	2020-09-01	Kindergarten	40748	93.86963777	1.01845489	0.73132424	3.2909590700000004	1.0896240300000002	KG	NA	NA	NA	NA	NA	NA	NA	NA	NA	NA	NA	NA
06075	San Francisco	2020-09-01	Kindergarten	6325	91.96837945	0.33201581	0.4901185800000001	0.07905138	7.13043478	KG	NA	NA	NA	NA	NA	NA	NA	NA	NA	NA	NA	NA
06077	San Joaquin	2020-09-01	Kindergarten	10791	95.11630062	1.0842368599999999	0.26874246999999996	1.81632842	1.7143916200000002	KG	NA	NA	NA	NA	NA	NA	NA	NA	NA	NA	NA	NA
06079	San Luis Obispo	2020-09-01	Kindergarten	2466	95.17437145000002	1.29764801	0.85158151	0.8110300099999999	1.8653690200000004	KG	NA	NA	NA	NA	NA	NA	NA	NA	NA	NA	NA	NA
06081	San Mateo	2020-09-01	Kindergarten	8140	97.05159705	0.5528255499999999	0.46683046999999994	0.29484028999999995	1.63390663	KG	NA	NA	NA	NA	NA	NA	NA	NA	NA	NA	NA	NA
06083	Santa Barbara	2020-09-01	Kindergarten	5473	95.45039283999999	0.69431756	0.6395030099999999	0.9318472499999998	2.2839393399999994	KG	NA	NA	NA	NA	NA	NA	NA	NA	NA	NA	NA	NA
06085	Santa Clara	2020-09-01	Kindergarten	21759	95.95110069	0.61583712	0.3446849600000001	0.44579254999999995	2.64258468	KG	NA	NA	NA	NA	NA	NA	NA	NA	NA	NA	NA	NA
06087	Santa Cruz	2020-09-01	Kindergarten	3097	88.82789797	1.0655473	1.7113335500000004	6.3287052	2.06651598	KG	NA	NA	NA	NA	NA	NA	NA	NA	NA	NA	NA	NA
06089	Shasta	2020-09-01	Kindergarten	2189	88.62494290000001	2.1470991300000004	2.5125628100000004	3.5632709000000005	3.15212426	KG	NA	NA	NA	NA	NA	NA	NA	NA	NA	NA	NA	NA
06091	Sierra	2020-09-01	Kindergarten	23	9500	0	0	0	500	KG	NA	NA	NA	NA	NA	NA	NA	NA	NA	NA	NA	NA
06093	Siskiyou	2020-09-01	Kindergarten	463	88.98488121000003	1.5118790499999997	0.4319654399999999	6.69546436	2.37580994	KG	NA	NA	NA	NA	NA	NA	NA	NA	NA	NA	NA	NA
06095	Solano	2020-09-01	Kindergarten	5036	94.65845909	1.0127085	0.49642572999999984	0.49642572999999984	3.335980940000001	KG	NA	NA	NA	NA	NA	NA	NA	NA	NA	NA	NA	NA
06097	Sonoma	2020-09-01	Kindergarten	5566	91.62773985	1.0779734099999998	1.90441969	0.8264462800000001	4.5634207700000005	KG	NA	NA	NA	NA	NA	NA	NA	NA	NA	NA	NA	NA
06099	Stanislaus	2020-09-01	Kindergarten	8619	94.47731755000001	1.05580694	0.46409095999999994	0.37127277	3.6315117800000003	KG	NA	NA	NA	NA	NA	NA	NA	NA	NA	NA	NA	NA
06101	Sutter	2020-09-01	Kindergarten	1764	81.74603175	0.56689342	0.9070294799999999	15.13605442	1.64399093	KG	NA	NA	NA	NA	NA	NA	NA	NA	NA	NA	NA	NA
06103	Tehama	2020-09-01	Kindergarten	838	95.10739856999999	1.5513126499999998	0.23866347999999998	0.8353222	2.2673031	KG	NA	NA	NA	NA	NA	NA	NA	NA	NA	NA	NA	NA
06	Total	2020-09-01	Kindergarten	485538	92.8485515	0.8468956099999998	0.5900671	1.72180138	3.9926843999999995	KG	NA	NA	NA	NA	NA	NA	NA	NA	NA	NA	NA	NA
06105	Trinity	2020-09-01	Kindergarten	134	85.82089552000001	2.9850746299999997	4.47761194	1.49253731	5.2238806	KG	NA	NA	NA	NA	NA	NA	NA	NA	NA	NA	NA	NA
06107	Tulare	2020-09-01	Kindergarten	8344	96.6442953	0.43144774999999985	0.20373920999999998	1.3063279	1.41418984	KG	NA	NA	NA	NA	NA	NA	NA	NA	NA	NA	NA	NA
06109	Tuolumne	2020-09-01	Kindergarten	474	81.85654008	8.649789029999999	2.32067511	3.586497889999999	3.586497889999999	KG	NA	NA	NA	NA	NA	NA	NA	NA	NA	NA	NA	NA
06111	Ventura	2020-09-01	Kindergarten	10410	94.87992315000002	1.08549472	0.71085495	1.2584053800000001	2.0653218100000004	KG	NA	NA	NA	NA	NA	NA	NA	NA	NA	NA	NA	NA
06113	Yolo	2020-09-01	Kindergarten	2535	92.58382643	0.8678501	0.6311637099999999	2.36686391	3.5502958600000003	KG	NA	NA	NA	NA	NA	NA	NA	NA	NA	NA	NA	NA
06115	Yuba	2020-09-01	Kindergarten	1154	88.82149046999999	0.86655113	0.08665511000000001	3.0329289399999992	7.192374350000002	KG	NA	NA	NA	NA	NA	NA	NA	NA	NA	NA	NA	NA
06001	Alameda	2021-09-01	Kindergarten	19422	95.11893729	0.69508804	0.37071361999999997	0.26258882	3.5526722299999993	KG	NA	NA	NA	NA	NA	NA	NA	NA	NA	NA	NA	NA
06003	Alpine	2021-09-01	Kindergarten	NA	NA	NA	NA	NA	NA	KG	NA	NA	NA	NA	NA	NA	NA	NA	NA	NA	NA	NA
06005	Amador	2021-09-01	Kindergarten	355	90.98591549	0.28169014	0	1.4084507000000002	7.32394366	KG	NA	NA	NA	NA	NA	NA	NA	NA	NA	NA	NA	NA
06007	Butte	2021-09-01	Kindergarten	2590	94.20849421	2.00772201	0.23166022999999997	1.96911197	1.58301158	KG	NA	NA	NA	NA	NA	NA	NA	NA	NA	NA	NA	NA
06009	Calaveras	2021-09-01	Kindergarten	417	92.8057554	1.1990407699999999	0	4.07673861	1.91846523	KG	NA	NA	NA	NA	NA	NA	NA	NA	NA	NA	NA	NA
06011	Colusa	2021-09-01	Kindergarten	392	97.95918367	1.02040816	0.25510204000000003	0.5102040800000001	0.25510204000000003	KG	NA	NA	NA	NA	NA	NA	NA	NA	NA	NA	NA	NA
06013	Contra Costa	2021-09-01	Kindergarten	14248	95.12212240000001	0.9615384599999997	0.20353734	0.84222347	2.87057833	KG	NA	NA	NA	NA	NA	NA	NA	NA	NA	NA	NA	NA
06015	Del Norte	2021-09-01	Kindergarten	351	88.60398860000001	2.2792022799999994	1.42450142	4.558404559999999	3.13390313	KG	NA	NA	NA	NA	NA	NA	NA	NA	NA	NA	NA	NA
06017	El Dorado	2021-09-01	Kindergarten	2721	78.24329290999998	1.6905549400000002	0.4042631400000001	17.199558990000003	2.46233003	KG	NA	NA	NA	NA	NA	NA	NA	NA	NA	NA	NA	NA
06019	Fresno	2021-09-01	Kindergarten	16906	95.61102567	0.8576836600000002	0.08872590000000002	1.95788477	1.4846800000000002	KG	NA	NA	NA	NA	NA	NA	NA	NA	NA	NA	NA	NA
06021	Glenn	2021-09-01	Kindergarten	572	85.13986014000001	0.52447552	0	13.111888110000002	1.22377622	KG	NA	NA	NA	NA	NA	NA	NA	NA	NA	NA	NA	NA
06023	Humboldt	2021-09-01	Kindergarten	1526	85.45216252	2.49017038	3.6697247700000006	3.0144167799999995	5.37352556	KG	NA	NA	NA	NA	NA	NA	NA	NA	NA	NA	NA	NA
06025	Imperial	2021-09-01	Kindergarten	2754	95.17066086000001	1.08932462	0.8351488699999998	0.9803921599999997	1.92447349	KG	NA	NA	NA	NA	NA	NA	NA	NA	NA	NA	NA	NA
06027	Inyo	2021-09-01	Kindergarten	151	91.39072847999999	0.66225166	0.66225166	0	7.284768209999999	KG	NA	NA	NA	NA	NA	NA	NA	NA	NA	NA	NA	NA
06029	Kern	2021-09-01	Kindergarten	16369	88.19720203	1.80829617	0.61701998	6.6955831099999985	2.6818987100000005	KG	NA	NA	NA	NA	NA	NA	NA	NA	NA	NA	NA	NA
06031	Kings	2021-09-01	Kindergarten	2458	96.09438568	1.7493897500000002	0.12205045000000002	1.1391375099999999	0.8950366199999998	KG	NA	NA	NA	NA	NA	NA	NA	NA	NA	NA	NA	NA
06033	Lake	2021-09-01	Kindergarten	886	93.90519187000001	3.38600451	0	1.0158013499999998	1.69300226	KG	NA	NA	NA	NA	NA	NA	NA	NA	NA	NA	NA	NA
06035	Lassen	2021-09-01	Kindergarten	315	89.52380952	0.63492063	0	3.1746031699999997	6.6666666700000015	KG	NA	NA	NA	NA	NA	NA	NA	NA	NA	NA	NA	NA
06037	Los Angeles	2021-09-01	Kindergarten	116937	94.27640524000002	1.24682521	0.2189213	1.23998392	3.0178643199999997	KG	NA	NA	NA	NA	NA	NA	NA	NA	NA	NA	NA	NA
06039	Madera	2021-09-01	Kindergarten	2636	95.33383915	1.4795144199999997	0.07587253000000001	0.8345978799999999	2.27617602	KG	NA	NA	NA	NA	NA	NA	NA	NA	NA	NA	NA	NA
06041	Marin	2021-09-01	Kindergarten	2847	96.6280295	1.82648402	0.4917456999999999	0.14049877000000002	0.9132420099999998	KG	NA	NA	NA	NA	NA	NA	NA	NA	NA	NA	NA	NA
06043	Mariposa	2021-09-01	Kindergarten	171	91.8128655	4.0935672499999995	0.58479532	0	3.5087719299999995	KG	NA	NA	NA	NA	NA	NA	NA	NA	NA	NA	NA	NA
06045	Mendocino	2021-09-01	Kindergarten	1183	88.75739644999999	2.62045647	0.6762468300000001	0.6762468300000001	7.269653420000003	KG	NA	NA	NA	NA	NA	NA	NA	NA	NA	NA	NA	NA
06047	Merced	2021-09-01	Kindergarten	5007	95.406431	1.5578190499999998	0.03994408	1.29818254	1.69762333	KG	NA	NA	NA	NA	NA	NA	NA	NA	NA	NA	NA	NA
06049	Modoc	2021-09-01	Kindergarten	102	94.11764706000001	1.9607843099999998	0	0	3.9215686299999994	KG	NA	NA	NA	NA	NA	NA	NA	NA	NA	NA	NA	NA
06051	Mono	2021-09-01	Kindergarten	148	96.62162162	2.7027026999999997	0	0.67567568	0	KG	NA	NA	NA	NA	NA	NA	NA	NA	NA	NA	NA	NA
06053	Monterey	2021-09-01	Kindergarten	6357	97.45162812999997	0.81799591	0.14157622000000003	0.1730376	1.41576215	KG	NA	NA	NA	NA	NA	NA	NA	NA	NA	NA	NA	NA
06055	Napa	2021-09-01	Kindergarten	1581	96.52118911999999	1.1385199199999998	0.31625553	0.8855155	1.1385199199999998	KG	NA	NA	NA	NA	NA	NA	NA	NA	NA	NA	NA	NA
06057	Nevada	2021-09-01	Kindergarten	927	82.41639697999999	4.207119740000001	2.696871630000001	7.8748651600000015	2.8047464900000003	KG	NA	NA	NA	NA	NA	NA	NA	NA	NA	NA	NA	NA
06059	Orange	2021-09-01	Kindergarten	38034	96.03249724	1.02539833	0.29184414000000003	1.22784877	1.4224115300000002	KG	NA	NA	NA	NA	NA	NA	NA	NA	NA	NA	NA	NA
06061	Placer	2021-09-01	Kindergarten	6549	92.94548786000001	2.0308444000000003	0.76347534	2.4583905900000005	1.8018018000000005	KG	NA	NA	NA	NA	NA	NA	NA	NA	NA	NA	NA	NA
06063	Plumas	2021-09-01	Kindergarten	202	91.08910891000001	2.97029703	0.49504950000000003	3.4653465300000006	1.98019802	KG	NA	NA	NA	NA	NA	NA	NA	NA	NA	NA	NA	NA
06065	Riverside	2021-09-01	Kindergarten	33796	93.78920582	1.55935614	0.18641259000000002	2.35234939	2.11267606	KG	NA	NA	NA	NA	NA	NA	NA	NA	NA	NA	NA	NA
06067	Sacramento	2021-09-01	Kindergarten	19897	92.73257275	1.90480977	0.29150122999999994	2.06061215	3.0105041	KG	NA	NA	NA	NA	NA	NA	NA	NA	NA	NA	NA	NA
06069	San Benito	2021-09-01	Kindergarten	983	97.04984741	0.508647	0.20345880000000005	0.1017294	2.1363174000000007	KG	NA	NA	NA	NA	NA	NA	NA	NA	NA	NA	NA	NA
06071	San Bernardino	2021-09-01	Kindergarten	32198	92.14547486999999	1.45971799	0.16150071	3.8449593099999997	2.3883471	KG	NA	NA	NA	NA	NA	NA	NA	NA	NA	NA	NA	NA
06073	San Diego	2021-09-01	Kindergarten	41632	93.33445427	1.44360108	0.21377786000000004	3.9056494999999996	1.1025172899999998	KG	NA	NA	NA	NA	NA	NA	NA	NA	NA	NA	NA	NA
06075	San Francisco	2021-09-01	Kindergarten	6068	94.46275544000001	0.67567568	0.4284772599999999	0.04943968000000001	4.383651940000001	KG	NA	NA	NA	NA	NA	NA	NA	NA	NA	NA	NA	NA
06077	San Joaquin	2021-09-01	Kindergarten	11902	94.90841875	1.3359099300000001	0.14283313999999997	2.3189379900000002	1.29390018	KG	NA	NA	NA	NA	NA	NA	NA	NA	NA	NA	NA	NA
06079	San Luis Obispo	2021-09-01	Kindergarten	2846	94.13211525000001	2.037948	0.59732959	1.0189739999999998	2.2136331699999996	KG	NA	NA	NA	NA	NA	NA	NA	NA	NA	NA	NA	NA
06081	San Mateo	2021-09-01	Kindergarten	8028	96.35027403999999	0.59790732	0.17438964	0.5854509199999999	2.29197808	KG	NA	NA	NA	NA	NA	NA	NA	NA	NA	NA	NA	NA
06083	Santa Barbara	2021-09-01	Kindergarten	6066	96.32377183999999	1.1045169799999999	0.28025057999999997	1.1045169799999999	1.1869436199999999	KG	NA	NA	NA	NA	NA	NA	NA	NA	NA	NA	NA	NA
06085	Santa Clara	2021-09-01	Kindergarten	21901	96.50700880999999	0.8127482799999999	0.22830008000000002	0.41550613999999997	2.036436690000001	KG	NA	NA	NA	NA	NA	NA	NA	NA	NA	NA	NA	NA
06087	Santa Cruz	2021-09-01	Kindergarten	3307	91.07952827000001	1.9655276700000002	0.33262776	5.866344120000001	0.75597218	KG	NA	NA	NA	NA	NA	NA	NA	NA	NA	NA	NA	NA
06089	Shasta	2021-09-01	Kindergarten	2511	89.48626045	3.14615691	0.9956192799999999	3.7037037	2.6682596600000004	KG	NA	NA	NA	NA	NA	NA	NA	NA	NA	NA	NA	NA
06091	Sierra	2021-09-01	Kindergarten	32	9500	0	0	0	500	KG	NA	NA	NA	NA	NA	NA	NA	NA	NA	NA	NA	NA
06093	Siskiyou	2021-09-01	Kindergarten	500	87.60000000000001	5.2	0	4.6	2.6	KG	NA	NA	NA	NA	NA	NA	NA	NA	NA	NA	NA	NA
06095	Solano	2021-09-01	Kindergarten	5236	96.48586707	1.9480519500000002	0.13368983999999998	0.4774637099999999	0.95492743	KG	NA	NA	NA	NA	NA	NA	NA	NA	NA	NA	NA	NA
06097	Sonoma	2021-09-01	Kindergarten	5931	92.64879446999998	1.5848929399999996	0.37093239	2.647108410000001	2.74827179	KG	NA	NA	NA	NA	NA	NA	NA	NA	NA	NA	NA	NA
06099	Stanislaus	2021-09-01	Kindergarten	8707	94.02779373000001	1.55047663	0.09188009999999999	1.9179970100000003	2.4118525300000004	KG	NA	NA	NA	NA	NA	NA	NA	NA	NA	NA	NA	NA
06101	Sutter	2021-09-01	Kindergarten	2222	77.54275428	1.5301530199999998	0.18001799999999998	19.7119712	1.03510351	KG	NA	NA	NA	NA	NA	NA	NA	NA	NA	NA	NA	NA
06103	Tehama	2021-09-01	Kindergarten	962	94.59459459	1.9750519800000002	0.10395009999999999	1.03950104	2.2869022899999996	KG	NA	NA	NA	NA	NA	NA	NA	NA	NA	NA	NA	NA
06	Total	2021-09-01	Kindergarten	503722	93.98676254	1.3332751	0.27118133000000005	2.132724	2.27605703	KG	NA	NA	NA	NA	NA	NA	NA	NA	NA	NA	NA	NA
06105	Trinity	2021-09-01	Kindergarten	117	89.74358974	5.1282051299999996	0	0.85470085	4.27350427	KG	NA	NA	NA	NA	NA	NA	NA	NA	NA	NA	NA	NA
06107	Tulare	2021-09-01	Kindergarten	8542	96.08990869	0.9716693999999998	0.0585343	1.6623741499999998	1.2175134599999997	KG	NA	NA	NA	NA	NA	NA	NA	NA	NA	NA	NA	NA
06109	Tuolumne	2021-09-01	Kindergarten	566	86.92579505	2.12014134	6.18374558	2.12014134	2.6501766800000004	KG	NA	NA	NA	NA	NA	NA	NA	NA	NA	NA	NA	NA
06111	Ventura	2021-09-01	Kindergarten	10540	95.07590133000002	1.44212524	0.22770398	1.5654649	1.68880455	KG	NA	NA	NA	NA	NA	NA	NA	NA	NA	NA	NA	NA
06113	Yolo	2021-09-01	Kindergarten	2746	94.06409323000003	0.9468317599999996	0.29133285	2.40349599	2.2942461799999996	KG	NA	NA	NA	NA	NA	NA	NA	NA	NA	NA	NA	NA
06115	Yuba	2021-09-01	Kindergarten	1372	90.30612245	4.73760933	0.29154518999999995	2.33236152	2.33236152	KG	NA	NA	NA	NA	NA	NA	NA	NA	NA	NA	NA	NA
06001	Alameda	2022-09-01	1st Grade	17071	97.076914059999993	0.32218382	0.31632593000000003	0.39833636000000006	1.8862398200000001	KG	NA	NA	NA	NA	NA	NA	NA	NA	NA	NA	NA	NA
06001	Alameda	2022-09-01	Kindergarten	20352	95.10121854999998	0.7665094299999999	0.2702437099999999	0.5650550299999999	3.2969732699999996	KG	NA	NA	NA	NA	NA	NA	NA	NA	NA	NA	NA	NA
06003	Alpine	2022-09-01	1st Grade	9	NA	NA	NA	NA	NA	KG	NA	NA	NA	NA	NA	NA	NA	NA	NA	NA	NA	NA
06003	Alpine	2022-09-01	Kindergarten	8	NA	NA	NA	NA	NA	KG	NA	NA	NA	NA	NA	NA	NA	NA	NA	NA	NA	NA
06005	Amador	2022-09-01	1st Grade	325	93.53846154	1.8461538500000005	0.61538462	1.5384615400000001	2.4615384600000003	KG	NA	NA	NA	NA	NA	NA	NA	NA	NA	NA	NA	NA
06005	Amador	2022-09-01	Kindergarten	418	90.90909091	3.11004785	0.4784689	2.15311005	3.3492823000000005	KG	NA	NA	NA	NA	NA	NA	NA	NA	NA	NA	NA	NA
06007	Butte	2022-09-01	1st Grade	2144	97.10820895999998	0.9328358199999995	0.23320896000000002	1.21268657	0.5130597	KG	NA	NA	NA	NA	NA	NA	NA	NA	NA	NA	NA	NA
06007	Butte	2022-09-01	Kindergarten	2623	94.54822722	3.0118185299999998	0.11437286	1.4868471199999997	0.8387342700000001	KG	NA	NA	NA	NA	NA	NA	NA	NA	NA	NA	NA	NA
06009	Calaveras	2022-09-01	1st Grade	355	94.92957746000002	0	0.28169014	3.6619718300000006	1.12676056	KG	NA	NA	NA	NA	NA	NA	NA	NA	NA	NA	NA	NA
06009	Calaveras	2022-09-01	Kindergarten	517	89.16827853	2.51450677	0.19342360000000003	3.86847195	4.255319150000001	KG	NA	NA	NA	NA	NA	NA	NA	NA	NA	NA	NA	NA
06011	Colusa	2022-09-01	1st Grade	332	9900	100	0	0	0	KG	NA	NA	NA	NA	NA	NA	NA	NA	NA	NA	NA	NA
06011	Colusa	2022-09-01	Kindergarten	414	97.58454106000002	1.6908212600000003	0.24154588999999999	0	0.48309178999999997	KG	NA	NA	NA	NA	NA	NA	NA	NA	NA	NA	NA	NA
06013	Contra Costa	2022-09-01	1st Grade	12893	97.16900644	0.83766385	0.19390367	0.4421003600000001	1.3573256800000002	KG	NA	NA	NA	NA	NA	NA	NA	NA	NA	NA	NA	NA
06013	Contra Costa	2022-09-01	Kindergarten	15268	95.92611998999999	1.0872412900000001	0.18993973999999997	0.59601782	2.20068116	KG	NA	NA	NA	NA	NA	NA	NA	NA	NA	NA	NA	NA
06015	Del Norte	2022-09-01	1st Grade	301	92.6910299	1.3289036500000002	1.3289036500000002	2.6578073100000004	1.9933554800000004	KG	NA	NA	NA	NA	NA	NA	NA	NA	NA	NA	NA	NA
06015	Del Norte	2022-09-01	Kindergarten	319	84.63949843	5.956112850000001	0.9404388699999998	6.896551720000001	1.56739812	KG	NA	NA	NA	NA	NA	NA	NA	NA	NA	NA	NA	NA
06017	El Dorado	2022-09-01	1st Grade	2351	82.13526159	0.63802637	0.29774564	16.33347512	0.59549128	KG	NA	NA	NA	NA	NA	NA	NA	NA	NA	NA	NA	NA
06017	El Dorado	2022-09-01	Kindergarten	2799	80.38585209	1.50053591	0.10718113999999997	16.470167919999998	1.5362629499999998	KG	NA	NA	NA	NA	NA	NA	NA	NA	NA	NA	NA	NA
06019	Fresno	2022-09-01	1st Grade	15094	97.60832119	0.43725984	0.07287664	1.4111567499999997	0.47038558	KG	NA	NA	NA	NA	NA	NA	NA	NA	NA	NA	NA	NA
06019	Fresno	2022-09-01	Kindergarten	18033	96.40104253	0.66544668	0.09427160999999998	1.8687961000000004	0.9704430799999999	KG	NA	NA	NA	NA	NA	NA	NA	NA	NA	NA	NA	NA
06021	Glenn	2022-09-01	1st Grade	489	85.88957055000002	0.20449898	0	12.883435580000002	1.02249489	KG	NA	NA	NA	NA	NA	NA	NA	NA	NA	NA	NA	NA
06021	Glenn	2022-09-01	Kindergarten	632	81.80379746999999	0.47468353999999996	0	16.613924050000005	1.10759494	KG	NA	NA	NA	NA	NA	NA	NA	NA	NA	NA	NA	NA
06023	Humboldt	2022-09-01	1st Grade	1320	89.16666667	1.8939393900000003	1.28787879	3.1818181800000005	4.46969697	KG	NA	NA	NA	NA	NA	NA	NA	NA	NA	NA	NA	NA
06023	Humboldt	2022-09-01	Kindergarten	1646	86.26974484000002	2.8554070500000006	0.54678007	3.2806804400000003	7.0473876099999995	KG	NA	NA	NA	NA	NA	NA	NA	NA	NA	NA	NA	NA
06025	Imperial	2022-09-01	1st Grade	2561	96.91526746999999	0.7418976999999999	0.42951972	0.58570871	1.3276064000000003	KG	NA	NA	NA	NA	NA	NA	NA	NA	NA	NA	NA	NA
06025	Imperial	2022-09-01	Kindergarten	3010	96.27906977	1.5946843899999996	0.16611295999999998	0.39867110000000006	1.5614617899999998	KG	NA	NA	NA	NA	NA	NA	NA	NA	NA	NA	NA	NA
06027	Inyo	2022-09-01	1st Grade	184	95.10869565	2.1739130399999995	0	0.54347826	2.1739130399999995	KG	NA	NA	NA	NA	NA	NA	NA	NA	NA	NA	NA	NA
06027	Inyo	2022-09-01	Kindergarten	258	96.12403101	0.3875969	0	0	3.4883720900000004	KG	NA	NA	NA	NA	NA	NA	NA	NA	NA	NA	NA	NA
06029	Kern	2022-09-01	1st Grade	15064	91.27721721	0.75677111	0.27217207000000004	6.698088159999998	0.9957514599999998	KG	NA	NA	NA	NA	NA	NA	NA	NA	NA	NA	NA	NA
06029	Kern	2022-09-01	Kindergarten	18181	88.52648369	1.80408118	0.2695121299999999	7.700346520000001	1.6995764800000004	KG	NA	NA	NA	NA	NA	NA	NA	NA	NA	NA	NA	NA
06031	Kings	2022-09-01	1st Grade	2171	97.42054353	0.50667895	0.04606172	1.7964071900000007	0.23030860999999997	KG	NA	NA	NA	NA	NA	NA	NA	NA	NA	NA	NA	NA
06031	Kings	2022-09-01	Kindergarten	2726	96.40498898999999	2.0176082199999996	0	0.99046222	0.5869405700000001	KG	NA	NA	NA	NA	NA	NA	NA	NA	NA	NA	NA	NA
06033	Lake	2022-09-01	1st Grade	784	95.66326531000001	1.78571429	0.12755102000000001	1.02040816	1.40306122	KG	NA	NA	NA	NA	NA	NA	NA	NA	NA	NA	NA	NA
06033	Lake	2022-09-01	Kindergarten	960	92.39583333000002	3.9583333299999994	0	1.25	2.3958333300000008	KG	NA	NA	NA	NA	NA	NA	NA	NA	NA	NA	NA	NA
06035	Lassen	2022-09-01	1st Grade	274	95.62043796	1.45985401	0	2.18978102	0.7299270099999999	KG	NA	NA	NA	NA	NA	NA	NA	NA	NA	NA	NA	NA
06035	Lassen	2022-09-01	Kindergarten	350	89.42857143	4.571428569999999	0.8571428599999998	3.1428571399999994	2	KG	NA	NA	NA	NA	NA	NA	NA	NA	NA	NA	NA	NA
06037	Los Angeles	2022-09-01	1st Grade	98270	96.43736643999999	0.6889182900000002	0.22387300000000004	1.13462908	1.5152131899999997	KG	NA	NA	NA	NA	NA	NA	NA	NA	NA	NA	NA	NA
06037	Los Angeles	2022-09-01	Kindergarten	125282	94.26334190000001	1.7288996000000005	0.22668859	1.37689373	2.40417618	KG	NA	NA	NA	NA	NA	NA	NA	NA	NA	NA	NA	NA
06039	Madera	2022-09-01	1st Grade	2509	96.85133518999997	0.35870865	0.15942607	0.55799123	2.0725388600000003	KG	NA	NA	NA	NA	NA	NA	NA	NA	NA	NA	NA	NA
06039	Madera	2022-09-01	Kindergarten	2790	95.62724014	1.3978494599999998	0.035842290000000006	0.75268817	2.18637993	KG	NA	NA	NA	NA	NA	NA	NA	NA	NA	NA	NA	NA
06041	Marin	2022-09-01	1st Grade	2506	98.16440543000002	0.63846768	0.39904229999999996	0.23942538000000002	0.55865922	KG	NA	NA	NA	NA	NA	NA	NA	NA	NA	NA	NA	NA
06041	Marin	2022-09-01	Kindergarten	3114	97.14193963	1.2845215200000002	0.28901734	0.12845215000000001	1.1560693599999998	KG	NA	NA	NA	NA	NA	NA	NA	NA	NA	NA	NA	NA
06043	Mariposa	2022-09-01	1st Grade	140	94.28571429	0.71428571	0	0.71428571	4.2857142900000005	KG	NA	NA	NA	NA	NA	NA	NA	NA	NA	NA	NA	NA
06043	Mariposa	2022-09-01	Kindergarten	179	86.03351955000001	5.586592179999999	0.55865922	0.55865922	7.262569830000001	KG	NA	NA	NA	NA	NA	NA	NA	NA	NA	NA	NA	NA
06045	Mendocino	2022-09-01	1st Grade	977	93.34698055	1.02354145	0.61412487	0.30706244000000005	4.708290689999999	KG	NA	NA	NA	NA	NA	NA	NA	NA	NA	NA	NA	NA
06045	Mendocino	2022-09-01	Kindergarten	1265	88.45849802	3.0039525699999996	0.4743083000000001	0.9486165999999999	7.114624510000002	KG	NA	NA	NA	NA	NA	NA	NA	NA	NA	NA	NA	NA
06047	Merced	2022-09-01	1st Grade	4409	96.55250624	0.6804263999999999	0.09072352000000002	0.72578816	1.9505556800000003	KG	NA	NA	NA	NA	NA	NA	NA	NA	NA	NA	NA	NA
06047	Merced	2022-09-01	Kindergarten	5458	93.97215097	1.9054598800000002	0.01832173	1.2458776099999997	2.8581898100000003	KG	NA	NA	NA	NA	NA	NA	NA	NA	NA	NA	NA	NA
06049	Modoc	2022-09-01	1st Grade	114	9900	100	0	0	0	KG	NA	NA	NA	NA	NA	NA	NA	NA	NA	NA	NA	NA
06049	Modoc	2022-09-01	Kindergarten	115	94.7826087	4.34782609	0	0	0.8695652199999999	KG	NA	NA	NA	NA	NA	NA	NA	NA	NA	NA	NA	NA
06051	Mono	2022-09-01	1st Grade	117	9900	100	0	0	0	KG	NA	NA	NA	NA	NA	NA	NA	NA	NA	NA	NA	NA
06051	Mono	2022-09-01	Kindergarten	162	97.5308642	2.4691358000000005	0	0	0	KG	NA	NA	NA	NA	NA	NA	NA	NA	NA	NA	NA	NA
06053	Monterey	2022-09-01	1st Grade	5489	98.67006741	0.38258335	0.05465476	0.07287302000000001	0.8198214599999998	KG	NA	NA	NA	NA	NA	NA	NA	NA	NA	NA	NA	NA
06053	Monterey	2022-09-01	Kindergarten	6236	96.84092367	1.2347658799999999	0.04810776	0.24053881000000002	1.6356638900000005	KG	NA	NA	NA	NA	NA	NA	NA	NA	NA	NA	NA	NA
06055	Napa	2022-09-01	1st Grade	1428	96.98879552	0.21008403000000003	0.21008403000000003	1.6806722699999994	0.9103641499999997	KG	NA	NA	NA	NA	NA	NA	NA	NA	NA	NA	NA	NA
06055	Napa	2022-09-01	Kindergarten	1624	96.36699507	0.7389162600000001	0.30788177	0.8620689699999999	1.7241379300000002	KG	NA	NA	NA	NA	NA	NA	NA	NA	NA	NA	NA	NA
06057	Nevada	2022-09-01	1st Grade	771	87.41893645	1.8158236100000007	2.0752269799999996	7.133592740000001	1.55642023	KG	NA	NA	NA	NA	NA	NA	NA	NA	NA	NA	NA	NA
06057	Nevada	2022-09-01	Kindergarten	981	83.07849134000001	4.17940877	0.30581040000000004	9.17431193	3.2619775700000004	KG	NA	NA	NA	NA	NA	NA	NA	NA	NA	NA	NA	NA
06059	Orange	2022-09-01	1st Grade	32202	97.30140985	0.6241848299999999	0.24532638000000004	1.1893671199999998	0.63971182	KG	NA	NA	NA	NA	NA	NA	NA	NA	NA	NA	NA	NA
06059	Orange	2022-09-01	Kindergarten	41162	96.22953208999999	1.18798892	0.23808366999999997	1.38477236	0.9596229500000001	KG	NA	NA	NA	NA	NA	NA	NA	NA	NA	NA	NA	NA
06061	Placer	2022-09-01	1st Grade	5305	95.15551367	0.6974552299999998	0.9048067899999999	2.5259189399999995	0.71630537	KG	NA	NA	NA	NA	NA	NA	NA	NA	NA	NA	NA	NA
06061	Placer	2022-09-01	Kindergarten	6609	92.84309275	2.66303525	0.33287941000000004	2.66303525	1.4979573300000002	KG	NA	NA	NA	NA	NA	NA	NA	NA	NA	NA	NA	NA
06063	Plumas	2022-09-01	1st Grade	174	93.10344828	1.14942529	0	4.59770115	1.14942529	KG	NA	NA	NA	NA	NA	NA	NA	NA	NA	NA	NA	NA
06063	Plumas	2022-09-01	Kindergarten	206	91.26213592	4.368932040000001	0.48543688999999995	2.42718447	1.4563106799999999	KG	NA	NA	NA	NA	NA	NA	NA	NA	NA	NA	NA	NA
06065	Riverside	2022-09-01	1st Grade	31192	96.0951526	0.76942806	0.25327007	1.9588356000000005	0.92331367	KG	NA	NA	NA	NA	NA	NA	NA	NA	NA	NA	NA	NA
06065	Riverside	2022-09-01	Kindergarten	37410	94.15664260999999	1.8337343000000002	0.08019246000000001	2.5287356300000003	1.400695	KG	NA	NA	NA	NA	NA	NA	NA	NA	NA	NA	NA	NA
06067	Sacramento	2022-09-01	1st Grade	18587	95.30316888	1.7431538200000003	0.4088879299999999	1.50642922	1.03836014	KG	NA	NA	NA	NA	NA	NA	NA	NA	NA	NA	NA	NA
06067	Sacramento	2022-09-01	Kindergarten	21018	92.65867352	3.22104862	0.32829004	2.02683414	1.7651536800000005	KG	NA	NA	NA	NA	NA	NA	NA	NA	NA	NA	NA	NA
06069	San Benito	2022-09-01	1st Grade	880	98.29545454999999	0.56818182	0.34090908999999997	0.22727273	0.56818182	KG	NA	NA	NA	NA	NA	NA	NA	NA	NA	NA	NA	NA
06069	San Benito	2022-09-01	Kindergarten	1071	97.38562092	1.6806722699999994	0.09337068	0.37348273	0.4668534099999999	KG	NA	NA	NA	NA	NA	NA	NA	NA	NA	NA	NA	NA
06071	San Bernardino	2022-09-01	1st Grade	29355	94.73684211	0.6540623400000001	0.05791177	3.2123999300000006	1.33878385	KG	NA	NA	NA	NA	NA	NA	NA	NA	NA	NA	NA	NA
06071	San Bernardino	2022-09-01	Kindergarten	34094	92.06605268	1.8302340600000004	0.07919282000000001	3.63113744	2.393383	KG	NA	NA	NA	NA	NA	NA	NA	NA	NA	NA	NA	NA
06073	San Diego	2022-09-01	1st Grade	37321	95.41277029	0.80115753	0.12861392000000002	3.38147424	0.27598403000000005	KG	NA	NA	NA	NA	NA	NA	NA	NA	NA	NA	NA	NA
06073	San Diego	2022-09-01	Kindergarten	45295	93.3767524	1.6182801599999999	0.1346727	4.3249806799999995	0.54531405	KG	NA	NA	NA	NA	NA	NA	NA	NA	NA	NA	NA	NA
06075	San Francisco	2022-09-01	1st Grade	5626	97.60042658999998	0.2666192699999999	0.23107003000000004	0.017774619999999998	1.8841094900000004	KG	NA	NA	NA	NA	NA	NA	NA	NA	NA	NA	NA	NA
06075	San Francisco	2022-09-01	Kindergarten	6394	96.85642789999999	0.6099468299999999	0.20331561	0.07819831000000001	2.25211135	KG	NA	NA	NA	NA	NA	NA	NA	NA	NA	NA	NA	NA
06077	San Joaquin	2022-09-01	1st Grade	11475	96.40087146	0.54030501	0.13943355	2.1176470600000004	0.8017429199999999	KG	NA	NA	NA	NA	NA	NA	NA	NA	NA	NA	NA	NA
06077	San Joaquin	2022-09-01	Kindergarten	12246	94.52065981	1.47803364	0.06532745000000001	2.95606729	0.9799118099999997	KG	NA	NA	NA	NA	NA	NA	NA	NA	NA	NA	NA	NA
06079	San Luis Obispo	2022-09-01	1st Grade	2455	96.86354379000001	0.8553971499999998	0.4887983700000001	0.9775967399999999	0.81466395	KG	NA	NA	NA	NA	NA	NA	NA	NA	NA	NA	NA	NA
06079	San Luis Obispo	2022-09-01	Kindergarten	3072	95.08463542000001	1.5624999999999998	0.390625	1.66015625	1.30208333	KG	NA	NA	NA	NA	NA	NA	NA	NA	NA	NA	NA	NA
06081	San Mateo	2022-09-01	1st Grade	7223	98.03405787	0.17998062000000004	0.16613594999999995	0.6783884800000001	0.9414370799999998	KG	NA	NA	NA	NA	NA	NA	NA	NA	NA	NA	NA	NA
06081	San Mateo	2022-09-01	Kindergarten	8281	96.63084169	0.5796401400000001	0.09660669000000001	0.8573843700000002	1.8355271100000008	KG	NA	NA	NA	NA	NA	NA	NA	NA	NA	NA	NA	NA
06083	Santa Barbara	2022-09-01	1st Grade	5107	98.23771294	0.56784805	0.21539064	0.7244957899999999	0.25455257	KG	NA	NA	NA	NA	NA	NA	NA	NA	NA	NA	NA	NA
06083	Santa Barbara	2022-09-01	Kindergarten	6531	97.42765272999999	1.20961568	0.21436226999999994	0.87276068	0.27560864	KG	NA	NA	NA	NA	NA	NA	NA	NA	NA	NA	NA	NA
06085	Santa Clara	2022-09-01	1st Grade	19266	98.52071006	0.43081075	0.19204817	0.15571473000000002	0.70071629	KG	NA	NA	NA	NA	NA	NA	NA	NA	NA	NA	NA	NA
06085	Santa Clara	2022-09-01	Kindergarten	23575	97.26829267999999	0.88229056	0.30965005	0.28419936	1.25556734	KG	NA	NA	NA	NA	NA	NA	NA	NA	NA	NA	NA	NA
06087	Santa Cruz	2022-09-01	1st Grade	2922	92.4366872	0.75290897	0.34223135000000005	5.7837097900000005	0.6844627	KG	NA	NA	NA	NA	NA	NA	NA	NA	NA	NA	NA	NA
06087	Santa Cruz	2022-09-01	Kindergarten	3345	89.32735426	1.6442451399999998	0.2690583	7.862481320000001	0.8968609899999999	KG	NA	NA	NA	NA	NA	NA	NA	NA	NA	NA	NA	NA
06089	Shasta	2022-09-01	1st Grade	2139	92.84712482	0.9350163599999998	1.028518	4.25432445	0.9350163599999998	KG	NA	NA	NA	NA	NA	NA	NA	NA	NA	NA	NA	NA
06089	Shasta	2022-09-01	Kindergarten	2686	91.10201042	3.946388679999999	0.48399106000000003	3.0900968	1.37751303	KG	NA	NA	NA	NA	NA	NA	NA	NA	NA	NA	NA	NA
06091	Sierra	2022-09-01	1st Grade	30	9500	0	0	0	500	KG	NA	NA	NA	NA	NA	NA	NA	NA	NA	NA	NA	NA
06091	Sierra	2022-09-01	Kindergarten	43	9500	0	0	0	500	KG	NA	NA	NA	NA	NA	NA	NA	NA	NA	NA	NA	NA
06093	Siskiyou	2022-09-01	1st Grade	382	92.14659686	1.04712042	0	4.450261780000001	2.3560209399999996	KG	NA	NA	NA	NA	NA	NA	NA	NA	NA	NA	NA	NA
06093	Siskiyou	2022-09-01	Kindergarten	542	90.95940958999999	1.6605166100000002	0.18450185	3.50553506	3.6900369000000004	KG	NA	NA	NA	NA	NA	NA	NA	NA	NA	NA	NA	NA
06095	Solano	2022-09-01	1st Grade	4753	98.08541973	0.5470229299999999	0.04207869000000001	0.3997475299999999	0.9257311199999998	KG	NA	NA	NA	NA	NA	NA	NA	NA	NA	NA	NA	NA
06095	Solano	2022-09-01	Kindergarten	5565	95.63342318	2.3539982	0.10781671000000001	0.62893082	1.2758310899999998	KG	NA	NA	NA	NA	NA	NA	NA	NA	NA	NA	NA	NA
06097	Sonoma	2022-09-01	1st Grade	4945	94.51971689	0.8291203199999999	0.3033367	3.2760364	1.07178969	KG	NA	NA	NA	NA	NA	NA	NA	NA	NA	NA	NA	NA
06097	Sonoma	2022-09-01	Kindergarten	6485	93.13801079	1.8350038600000007	0.27756360999999996	2.80647648	1.9429452600000001	KG	NA	NA	NA	NA	NA	NA	NA	NA	NA	NA	NA	NA
06099	Stanislaus	2022-09-01	1st Grade	7828	95.87378641000001	1.07307103	0.14052120999999998	1.68625447	1.2263668899999998	KG	NA	NA	NA	NA	NA	NA	NA	NA	NA	NA	NA	NA
06099	Stanislaus	2022-09-01	Kindergarten	9509	94.2580713	1.77726364	0.14722893999999997	1.9770743499999996	1.8403617600000004	KG	NA	NA	NA	NA	NA	NA	NA	NA	NA	NA	NA	NA
06101	Sutter	2022-09-01	1st Grade	1802	77.74694784	0.6659267499999999	0.38845727	20.97669256	0.22197558	KG	NA	NA	NA	NA	NA	NA	NA	NA	NA	NA	NA	NA
06101	Sutter	2022-09-01	Kindergarten	2255	75.87583149	1.50776053	0.39911308	21.50776053	0.70953437	KG	NA	NA	NA	NA	NA	NA	NA	NA	NA	NA	NA	NA
06103	Tehama	2022-09-01	1st Grade	808	97.77227723	0.49504950000000003	0.24752475000000004	0.8663366299999999	0.6188118800000001	KG	NA	NA	NA	NA	NA	NA	NA	NA	NA	NA	NA	NA
06103	Tehama	2022-09-01	Kindergarten	929	93.00322928	4.09041981	0.10764263000000002	1.0764262599999999	1.7222820199999995	KG	NA	NA	NA	NA	NA	NA	NA	NA	NA	NA	NA	NA
06	Total	2022-09-01	1st Grade	443051	96.07494397	0.70623924	0.22593336000000003	1.9286718699999996	1.06421157	KG	NA	NA	NA	NA	NA	NA	NA	NA	NA	NA	NA	NA
06	Total	2022-09-01	Kindergarten	540864	94.14233523	1.6216645999999997	0.1911756	2.29318276	1.7516418200000001	KG	NA	NA	NA	NA	NA	NA	NA	NA	NA	NA	NA	NA
06105	Trinity	2022-09-01	1st Grade	106	88.67924528	7.54716981	0	0.94339623	2.83018868	KG	NA	NA	NA	NA	NA	NA	NA	NA	NA	NA	NA	NA
06105	Trinity	2022-09-01	Kindergarten	145	86.20689655	4.827586210000001	0	1.37931034	7.5862069000000005	KG	NA	NA	NA	NA	NA	NA	NA	NA	NA	NA	NA	NA
06107	Tulare	2022-09-01	1st Grade	7426	97.98007002	0.2827902	0.0269324	1.4004847800000002	0.30972259999999996	KG	NA	NA	NA	NA	NA	NA	NA	NA	NA	NA	NA	NA
06107	Tulare	2022-09-01	Kindergarten	9469	96.03970851999999	1.1405639499999998	0.04224310999999999	2.0065476800000006	0.77093674	KG	NA	NA	NA	NA	NA	NA	NA	NA	NA	NA	NA	NA
06109	Tuolumne	2022-09-01	1st Grade	439	88.61047836	3.6446469199999996	0.9111617299999998	3.8724373599999993	2.96127563	KG	NA	NA	NA	NA	NA	NA	NA	NA	NA	NA	NA	NA
06109	Tuolumne	2022-09-01	Kindergarten	616	85.55194805000001	5.3571428600000015	0.48701299	3.40909091	5.19480519	KG	NA	NA	NA	NA	NA	NA	NA	NA	NA	NA	NA	NA
06111	Ventura	2022-09-01	1st Grade	9221	96.60557423	0.53139573	0.23858584000000005	1.7134800999999997	0.9109640999999998	KG	NA	NA	NA	NA	NA	NA	NA	NA	NA	NA	NA	NA
06111	Ventura	2022-09-01	Kindergarten	12137	95.04819972	1.3677185500000002	0.16478537	1.77968196	1.6396144000000001	KG	NA	NA	NA	NA	NA	NA	NA	NA	NA	NA	NA	NA
06113	Yolo	2022-09-01	1st Grade	2375	95.45263157999999	1.7684210500000002	0.25263157999999997	2.02105263	0.50526316	KG	NA	NA	NA	NA	NA	NA	NA	NA	NA	NA	NA	NA
06113	Yolo	2022-09-01	Kindergarten	2893	94.43484272	2.2468026300000004	0.17283097000000003	2.2468026300000004	0.89872105	KG	NA	NA	NA	NA	NA	NA	NA	NA	NA	NA	NA	NA
06115	Yuba	2022-09-01	1st Grade	1255	95.61752988	0.55776892	0.07968127000000001	1.9123506	1.8326693200000002	KG	NA	NA	NA	NA	NA	NA	NA	NA	NA	NA	NA	NA
06115	Yuba	2022-09-01	Kindergarten	1561	91.86418962000002	1.8577834700000004	0.06406150000000001	2.6265214600000006	3.5874439499999995	KG	NA	NA	NA	NA	NA	NA	NA	NA	NA	NA	NA	NA
06001	Alameda	2019-09-01	7	NA	NA	NA	NA	NA	NA	7th	18849	18849	98.01580986	97.05024139	0.058358530000000006	0.27057138000000003	0.27587670000000003	0.71091305	0.16977028	0.13793834999999996	1.4801846300000001	1.8303358300000006
06003	Alpine	2019-09-01	7	NA	NA	NA	NA	NA	NA	7th	NA	NA	NA	NA	NA	NA	NA	NA	NA	NA	NA	NA
06005	Amador	2019-09-01	7	NA	NA	NA	NA	NA	NA	7th	325	325	94.15384614999999	92.30769231	0	1.8461538500000005	1.8461538500000005	2.15384615	3.38461538	3.692307689999999	0.61538462	0
06007	Butte	2019-09-01	7	NA	NA	NA	NA	NA	NA	7th	2396	2396	97.28714524000002	97.12020032999999	0.20868114000000001	0.4590985000000001	0.62604341	0.9599332199999999	1.29382304	0.6677796300000001	0.5843071800000001	0.79298831
06009	Calaveras	2019-09-01	7	NA	NA	NA	NA	NA	NA	7th	403	403	95.03722084	97.02233250999998	0	0	1.48883375	1.48883375	2.7295285399999996	0.9925558299999998	0.74441687	0.49627792
06011	Colusa	2019-09-01	7	NA	NA	NA	NA	NA	NA	7th	394	394	98.47715736	96.70050761	0	0	0	0.76142132	0	0	1.52284264	2.5380710700000004
06013	Contra Costa	2019-09-01	7	NA	NA	NA	NA	NA	NA	7th	14765	14765	98.32035217999999	97.87334914	0.04740941	0.31832035000000003	0.33186590000000005	0.9210971899999998	0.54859465	0.3995936299999999	0.7517778499999999	0.48763969000000007
06015	Del Norte	2019-09-01	7	NA	NA	NA	NA	NA	NA	7th	331	331	97.28096676999999	97.58308156999999	0	0.3021148	0	0	0.3021148	0.3021148	2.41691843	1.8126888199999995
06017	El Dorado	2019-09-01	7	NA	NA	NA	NA	NA	NA	7th	2644	2644	88.76701967	91.71709531	0.68078669	0.7942511300000001	1.5128592999999997	1.62632375	8.888048409999998	5.4084720100000006	0.15128593	0.45385778999999993
06019	Fresno	2019-09-01	7	NA	NA	NA	NA	NA	NA	7th	15839	15839	98.34585516999998	98.52263399999998	0.025254119999999998	0.20203296	0.13889766	0.4103794400000001	1.3069006900000002	0.71342888	0.18309237	0.15152472
06021	Glenn	2019-09-01	7	NA	NA	NA	NA	NA	NA	7th	442	442	94.3438914	94.79638009	0	0.22624434000000004	0	0.45248869	4.97737557	3.8461538499999994	0.67873303	0.67873303
06023	Humboldt	2019-09-01	7	NA	NA	NA	NA	NA	NA	7th	1380	1380	90.72463768	92.53623187999999	0.65217391	1.7391304300000008	3.1884058	3.4057971	1.5217391299999998	0.65217391	3.9130434799999994	1.66666667
06025	Imperial	2019-09-01	7	NA	NA	NA	NA	NA	NA	7th	2935	2935	99.14821124	98.19420784	0.1362862	0.5110732499999999	0.03407155	0.3407155	0.20442930000000004	0.0681431	0.4770017	0.8858603099999999
06027	Inyo	2019-09-01	7	NA	NA	NA	NA	NA	NA	7th	213	213	98.5915493	97.18309858999999	0	0.46948356999999985	0.9389671399999999	1.87793427	0.46948356999999985	0.46948356999999985	0	0
06029	Kern	2019-09-01	7	NA	NA	NA	NA	NA	NA	7th	15219	15219	93.99434917	95.43991064000001	0.0394244	0.20369274999999998	0.22997568999999998	0.3679611	5.210592020000001	3.5022012	0.5256587199999999	0.48623431000000006
06031	Kings	2019-09-01	7	NA	NA	NA	NA	NA	NA	7th	2294	2294	98.73583261	99.43330427	0.17436792	0.17436792	0	0	0.9590235400000001	0.30514385000000005	0.13077593999999998	0.08718395999999999
06033	Lake	2019-09-01	7	NA	NA	NA	NA	NA	NA	7th	736	736	95.38043478	94.83695651999999	0.13586956999999997	0.67934783	1.08695652	2.1739130399999995	2.1739130399999995	0.9510869599999999	1.2228260899999999	1.3586956500000003
06035	Lassen	2019-09-01	7	NA	NA	NA	NA	NA	NA	7th	288	288	95.13888888999999	95.13888888999999	0	0	3.8194444399999994	4.166666670000001	1.0416666700000001	0.6944444399999999	0	0
06037	Los Angeles	2019-09-01	7	NA	NA	NA	NA	NA	NA	7th	119392	119392	98.04174483999999	97.39932324000002	0.05695523999999999	0.28393862	0.26969980999999993	0.70691504	0.9087711099999998	0.73539266	0.722829	0.87443045
06039	Madera	2019-09-01	7	NA	NA	NA	NA	NA	NA	7th	2014	2014	96.92154916	97.36842105000001	0	0.1489573	0.19860972999999998	0.34756703	1.1420059599999997	0.69513406	1.7378351500000007	1.43992056
06041	Marin	2019-09-01	7	NA	NA	NA	NA	NA	NA	7th	3245	3245	97.65793529	94.88443760000001	0.40061632999999996	1.07858243	1.2634822800000003	3.328197229999999	0.27734976999999994	0.30816641000000006	0.40061632999999996	0.40061632999999996
06043	Mariposa	2019-09-01	7	NA	NA	NA	NA	NA	NA	7th	130	130	98.46153846	94.61538462000001	0	3.07692308	0.76923077	1.5384615400000001	0.76923077	0.76923077	0	0
06045	Mendocino	2019-09-01	7	NA	NA	NA	NA	NA	NA	7th	1039	1039	94.995187680000015	94.12897016000001	0.48123194999999996	1.0587103	1.0587103	1.63618864	1.63618864	1.25120308	1.8286814200000001	1.9249278199999993
06047	Merced	2019-09-01	7	NA	NA	NA	NA	NA	NA	7th	4597	4597	98.45551446999998	99.1298673	0.04350663000000001	0.28279313	0.10876659000000001	0.19577986000000003	0.91363933	0.21753316999999994	0.47857298000000004	0.17402654
06049	Modoc	2019-09-01	7	NA	NA	NA	NA	NA	NA	7th	102	102	96.07843136999999	96.07843136999999	0	0.9803921599999997	0.9803921599999997	0.9803921599999997	0	0	2.94117647	1.9607843099999998
06051	Mono	2019-09-01	7	NA	NA	NA	NA	NA	NA	7th	125	125	97.6	97.6	0	0	2.4	2.4	0	0	0	0
06053	Monterey	2019-09-01	7	NA	NA	NA	NA	NA	NA	7th	6397	6397	99.17148663	98.60872284	0.03126466	0.2813819	0.35954353999999994	0.65655776	0.17195560000000001	0.06252931	0.26574956999999994	0.39080819000000006
06055	Napa	2019-09-01	7	NA	NA	NA	NA	NA	NA	7th	1682	1682	98.45422116999998	97.32461355999999	0	0.23781213	0.29726516	1.18906064	0.8917954799999999	0.9512485099999999	0.35671819	0.29726516
06057	Nevada	2019-09-01	7	NA	NA	NA	NA	NA	NA	7th	842	842	89.19239905	88.59857482	0.71258907	1.54394299	5.463182900000002	6.294536819999999	4.2755344399999995	2.9691211399999995	0.35629454000000005	0.5938242299999998
06059	Orange	2019-09-01	7	NA	NA	NA	NA	NA	NA	7th	39699	39699	97.91430515	97.46593113	0.12846671	0.50127207	0.5163858	1.04032847	0.9572029500000001	0.70026953	0.48363939000000006	0.2921988
06061	Placer	2019-09-01	7	NA	NA	NA	NA	NA	NA	7th	5990	5990	95.94323872999999	95.00834725000001	0.11686143999999998	0.5843071800000001	1.35225376	1.8363939900000008	1.95325543	1.6527545900000002	0.6343906500000001	0.9181969899999998
06063	Plumas	2019-09-01	7	NA	NA	NA	NA	NA	NA	7th	197	197	97.96954315000002	96.44670050999999	0	1.52284264	1.01522843	2.03045685	1.01522843	0	0	0
06065	Riverside	2019-09-01	7	NA	NA	NA	NA	NA	NA	7th	35413	35413	97.59128004	97.34560755	0.045181149999999996	0.23155337999999998	0.34168243000000004	0.5562928899999999	1.5305113899999998	0.9205658899999999	0.4913449899999999	0.94598029
06067	Sacramento	2019-09-01	7	NA	NA	NA	NA	NA	NA	7th	19967	19967	96.86482696	96.49922372	0.11018179999999998	0.4307106700000001	0.550909	1.1418841099999997	2.0884459399999997	1.61266089	0.38563630000000004	0.31552061
06069	San Benito	2019-09-01	7	NA	NA	NA	NA	NA	NA	7th	955	955	99.68586387	99.47643978999999	0	0.10471204000000002	0.20942408	0.31413613	0.10471204000000002	0.10471204000000002	0	0
06071	San Bernardino	2019-09-01	7	NA	NA	NA	NA	NA	NA	7th	32605	32605	96.58334611	96.95752185	0.04600521	0.16561876999999997	0.22082503000000006	0.33737157	2.35546695	1.8126054300000003	0.7943566900000001	0.72688238
06073	San Diego	2019-09-01	7	NA	NA	NA	NA	NA	NA	7th	41159	41159	96.21953886	96.44306226999998	0.08017687999999999	0.36686994	0.6827182400000001	1.1613498899999997	2.8159090399999998	1.8513569300000001	0.20165699	0.17736097
06075	San Francisco	2019-09-01	7	NA	NA	NA	NA	NA	NA	7th	6118	6118	96.6819222	96.61654135	0.13076169	0.39228505999999996	0.27786858000000003	0.8989866000000001	0.53939196	0.19614252999999998	2.37005557	1.8960444600000008
06077	San Joaquin	2019-09-01	7	NA	NA	NA	NA	NA	NA	7th	12155	12155	97.63883176	97.69642123000001	0.008227069999999998	0.09049774	0.18922254	0.36199095	1.6454134100000006	1.06129165	0.51830522	0.78979844
06079	San Luis Obispo	2019-09-01	7	NA	NA	NA	NA	NA	NA	7th	3151	3151	97.33417963000001	96.66772453	0	0.28562360999999997	1.01555062	1.6185338000000005	0.9838146599999998	0.53951127	0.6664550899999999	0.8886067900000001
06081	San Mateo	2019-09-01	7	NA	NA	NA	NA	NA	NA	7th	8234	8234	97.75321835999998	97.97182414	0.09715812	0.4250667999999999	0.29147437000000004	0.9715812499999998	0.54651445	0.21860577999999997	1.31163469	0.41292203
06083	Santa Barbara	2019-09-01	7	NA	NA	NA	NA	NA	NA	7th	5670	5670	98.09523809999999	97.42504408999999	0.07054674	0.51146384	0.9347442699999999	1.18165785	0.65255732	0.51146384	0.24691357999999997	0.37037037
06085	Santa Clara	2019-09-01	7	NA	NA	NA	NA	NA	NA	7th	22852	22852	98.66094871000001	97.68072816	0.06563977	0.27131104	0.31069491	1.3565552200000002	0.32819884000000005	0.27131104	0.63451777	0.4200945199999999
06087	Santa Cruz	2019-09-01	7	NA	NA	NA	NA	NA	NA	7th	3539	3539	91.5230291	93.86832439	0.028256569999999998	0.45210511000000003	1.49759819	2.48657813	6.27295846	2.9104266699999997	0.67815767	0.2825657
06089	Shasta	2019-09-01	7	NA	NA	NA	NA	NA	NA	7th	2130	2130	93.33333333	92.76995305000003	0.37558685000000003	1.0328638499999998	1.7370892000000002	2.15962441	3.5211267600000005	2.58215962	1.0328638499999998	1.45539906
06091	Sierra	2019-09-01	7	NA	NA	NA	NA	NA	NA	7th	28	28	100	100	0	0	0	0	0	0	0	0
06093	Siskiyou	2019-09-01	7	NA	NA	NA	NA	NA	NA	7th	499	499	96.79358717	94.58917836000002	0.20040080000000002	1.60320641	0.6012023999999999	1.0020040099999998	1.60320641	1.60320641	0.8016032100000001	1.2024048099999998
06095	Solano	2019-09-01	7	NA	NA	NA	NA	NA	NA	7th	5130	5130	98.84990253	97.81676413	0.038986349999999996	0.23391812999999997	0.35087719	0.4483430800000001	0.11695905999999999	0.038986349999999996	0.64327485	1.4619883
06097	Sonoma	2019-09-01	7	NA	NA	NA	NA	NA	NA	7th	5422	5422	95.85023976	95.2969384	0.22132055000000003	0.7930652900000001	1.42014017	1.99188491	1.64146072	1.0328292099999998	0.8668387999999997	0.88528218
06099	Stanislaus	2019-09-01	7	NA	NA	NA	NA	NA	NA	7th	8837	8837	97.55573157999999	97.2049338	0.04526423	0.36211384	0.44132624	0.8034400800000001	0.32816567	0.35079777999999995	1.62951228	1.2787145
06101	Sutter	2019-09-01	7	NA	NA	NA	NA	NA	NA	7th	1927	1927	82.77114686000002	87.96056046000002	0	0.20757654000000003	0.36325895	0.5189413600000001	16.709911780000002	11.157239229999998	0.15568241000000002	0.15568241000000002
06103	Tehama	2019-09-01	7	NA	NA	NA	NA	NA	NA	7th	870	870	98.04597701	97.81609195	0	0.3448275900000001	0.68965517	1.37931034	0.22988506000000006	0.22988506000000006	1.03448276	0.22988506000000006
06	Total	2019-09-01	7	NA	NA	NA	NA	NA	NA	7th	505017	505017	97.30939751	97.07059366000001	0.07861122	0.33721637	0.44592558	0.8667035	1.4967813	1.0344206200000001	0.6692843999999999	0.6910658499999999
06105	Trinity	2019-09-01	7	NA	NA	NA	NA	NA	NA	7th	115	115	92.17391304000002	92.17391304000002	0	0	4.34782609	4.34782609	2.6086956500000005	2.6086956500000005	0.8695652199999999	0.8695652199999999
06107	Tulare	2019-09-01	7	NA	NA	NA	NA	NA	NA	7th	8232	8232	98.22643342999999	99.07677356999999	0	0.18221574	0.58309038	0.20651117999999996	0.94752187	0.46161321999999994	0.24295432000000006	0.0728863
06109	Tuolumne	2019-09-01	7	NA	NA	NA	NA	NA	NA	7th	481	481	93.76299376000003	93.97089397	0.20790021	1.03950104	1.4553014599999998	1.6632016600000001	3.326403329999999	2.07900208	1.24740125	1.24740125
06111	Ventura	2019-09-01	7	NA	NA	NA	NA	NA	NA	7th	11004	11004	96.9829153	96.60123590999999	0.19083969	0.5361686700000001	0.77244638	1.09051254	1.22682661	1.0087241	0.8269720099999999	0.76335878
06113	Yolo	2019-09-01	7	NA	NA	NA	NA	NA	NA	7th	2416	2416	96.85430464	95.98509934000002	0.08278146	0.41390728	0.7450331099999999	1.7384106000000004	0.6208609299999999	0.6208609299999999	1.69701987	1.2417218499999998
06115	Yuba	2019-09-01	7	NA	NA	NA	NA	NA	NA	7th	1194	1194	96.90117253	97.06867671999998	0	0.16750418999999997	0.16750418999999997	0.16750418999999997	1.5912897799999999	0.41876047	1.3400335	2.17755444
06001	Alameda	2020-09-01	7	NA	NA	NA	NA	NA	NA	7th	18393	18393	89.83308867999999	96.46604686999999	0.09786332	0.15223183	0.18485293000000003	0.63611156	1.1417386999999997	0.30990050999999996	8.742456370000001	2.4357092400000004
06003	Alpine	2020-09-01	7	NA	NA	NA	NA	NA	NA	7th	NA	NA	NA	NA	NA	NA	NA	NA	NA	NA	NA	NA
06005	Amador	2020-09-01	7	NA	NA	NA	NA	NA	NA	7th	328	328	78.35365853999997	92.68292683000001	0	0.6097560999999999	1.52439024	1.52439024	6.09756098	1.52439024	14.024390240000004	3.6585365899999993
06007	Butte	2020-09-01	7	NA	NA	NA	NA	NA	NA	7th	2172	2172	92.72559853	97.19152855	0	0.09208102999999998	0.5524861899999999	0.9208103099999998	2.99263352	1.10497238	3.729281770000001	0.6906077299999999
06009	Calaveras	2020-09-01	7	NA	NA	NA	NA	NA	NA	7th	368	368	83.96739130000002	94.56521739	0.27173913	0.54347826	0.8152173899999998	0.8152173899999998	14.130434780000003	3.260869570000001	0.8152173899999998	0.8152173899999998
06011	Colusa	2020-09-01	7	NA	NA	NA	NA	NA	NA	7th	406	406	92.36453202000001	96.30541871999999	0	0.24630542000000005	0	0.49261084000000005	0	0	7.6354679800000005	2.95566502
06013	Contra Costa	2020-09-01	7	NA	NA	NA	NA	NA	NA	7th	14209	14209	90.75234006999999	96.87521992999999	0.04222676	0.14075585999999998	0.16890702999999999	0.60525019	0.9712154299999998	0.4856077099999999	8.065310720000001	1.8931663
06015	Del Norte	2020-09-01	7	NA	NA	NA	NA	NA	NA	7th	305	305	93.1147541	95.73770492	0	0	0.6557377	1.96721311	3.2786885199999998	0.9836065600000001	2.95081967	1.31147541
06017	El Dorado	2020-09-01	7	NA	NA	NA	NA	NA	NA	7th	2161	2161	86.21008792	89.58815363000001	0.32392411000000004	0.5552984699999999	0.6015733499999999	0.8792225800000001	11.476168440000002	8.00555298	1.38824618	0.9717723299999999
06019	Fresno	2020-09-01	7	NA	NA	NA	NA	NA	NA	7th	16082	16082	96.89093396	98.61335654999999	0.03730879	0.08705385	0.11814451	0.30468847	1.2125357499999998	0.75861211	1.7410769799999999	0.23628902
06021	Glenn	2020-09-01	7	NA	NA	NA	NA	NA	NA	7th	484	484	87.19008264000003	93.38842975000001	0	0	0	0	9.50413223	5.785123970000001	3.305785120000001	0.8264462800000001
06023	Humboldt	2020-09-01	7	NA	NA	NA	NA	NA	NA	7th	1427	1427	86.89558514000002	90.88997898	0	1.12123336	2.17238963	2.52277505	2.80308339	2.3125438000000003	8.12894184	3.153468820000001
06025	Imperial	2020-09-01	7	NA	NA	NA	NA	NA	NA	7th	2905	2905	87.09122203	94.52667813999999	0	1.6179001699999997	0	0.51635112	0.51635112	0.44750429999999997	12.392426850000001	2.89156627
06027	Inyo	2020-09-01	7	NA	NA	NA	NA	NA	NA	7th	192	192	92.70833333	99.47916667000001	0	0	0	0	0	0	7.291666670000001	0.52083333
06029	Kern	2020-09-01	7	NA	NA	NA	NA	NA	NA	7th	15505	15505	87.18477910000001	95.37568526000003	0.02579813	0.09674299	0.20638504000000005	0.26443083	6.617220250000002	3.6762334699999997	5.96581748	0.58690745
06031	Kings	2020-09-01	7	NA	NA	NA	NA	NA	NA	7th	2364	2364	98.30795262000001	99.36548223000001	0.08460237000000001	0.12690355	0	0	0.9729272399999999	0.38071066	0.63451777	0.12690355
06033	Lake	2020-09-01	7	NA	NA	NA	NA	NA	NA	7th	755	755	86.35761588999999	96.29139072999999	0.13245033000000003	0.66225166	0.52980132	0.7947019900000001	2.5165562900000005	0.52980132	10.463576160000002	1.7218543
06035	Lassen	2020-09-01	7	NA	NA	NA	NA	NA	NA	7th	299	299	88.62876254	94.31438127000001	0	0.33444816	2.6755852800000004	2.3411371200000004	3.67892977	2.00668896	5.016722410000001	1.00334448
06037	Los Angeles	2020-09-01	7	NA	NA	NA	NA	NA	NA	7th	109967	109967	85.09370993	95.76054635000003	0.04728691000000001	0.11276109999999999	0.30918365999999997	0.4374039499999999	2.04243091	0.7665936099999999	12.50738858	2.9226949899999997
06039	Madera	2020-09-01	7	NA	NA	NA	NA	NA	NA	7th	2556	2556	94.52269171	96.87010955000001	0	0.23474177999999996	0.11737088999999999	0.15649452000000003	0.70422535	0.58685446	4.655712050000001	2.1517996900000007
06041	Marin	2020-09-01	7	NA	NA	NA	NA	NA	NA	7th	3075	3075	96.94308943	97.33333332999999	0.13008129999999998	0.13008129999999998	0.3902438999999999	1.5934959300000002	0.35772358	0.22764227999999995	2.1788617900000005	0.7154471499999999
06043	Mariposa	2020-09-01	7	NA	NA	NA	NA	NA	NA	7th	154	154	84.41558442000002	88.96103896	0	0.64935065	0.64935065	1.2987013	7.792207790000003	3.8961038999999995	7.142857140000001	5.19480519
06045	Mendocino	2020-09-01	7	NA	NA	NA	NA	NA	NA	7th	1003	1003	79.66101694999999	91.62512463000002	0.19940178999999997	0.59820538	0.59820538	0.7976071800000002	4.486540379999999	2.59222333	15.054835490000004	4.38683948
06047	Merced	2020-09-01	7	NA	NA	NA	NA	NA	NA	7th	4453	4453	86.18908601000001	97.2378172	0	0.04491354000000001	0.06737031	0.24702448000000007	2.44778801	0.67370312	11.295755669999998	1.796541660000001
06049	Modoc	2020-09-01	7	NA	NA	NA	NA	NA	NA	7th	123	123	99.18699187	99.18699187	0	0	0	0	0	0	0.8130081299999999	0.8130081299999999
06051	Mono	2020-09-01	7	NA	NA	NA	NA	NA	NA	7th	109	109	88.07339449999999	97.24770641999999	0	0	0	0	0	0	11.9266055	2.7522935800000004
06053	Monterey	2020-09-01	7	NA	NA	NA	NA	NA	NA	7th	6042	6042	95.08440914000002	98.84144323000001	0.09930487	0.08275405000000001	0.24826216	0.6454816299999999	0.51307514	0.08275405000000001	4.05494869	0.34756703
06055	Napa	2020-09-01	7	NA	NA	NA	NA	NA	NA	7th	1591	1591	97.2972973	97.2972973	0	0.06285355	0.2514142	0.6285355099999999	1.9484600900000002	1.9484600900000002	0.50282841	0.06285355
06057	Nevada	2020-09-01	7	NA	NA	NA	NA	NA	NA	7th	806	806	82.50620346999999	87.34491315000001	0	0.49627792	5.459057070000001	6.699751859999998	6.079404469999999	3.970223329999999	5.955334990000001	1.48883375
06059	Orange	2020-09-01	7	NA	NA	NA	NA	NA	NA	7th	38419	38419	94.18777168000001	97.39191546	0.07808636000000001	0.17699576	0.31755121	0.8173039400000001	1.6320050000000004	0.63510242	3.78458575	0.9786824199999998
06061	Placer	2020-09-01	7	NA	NA	NA	NA	NA	NA	7th	5618	5618	94.71342115000002	96.17301531	0.07119972	0.5517977899999998	1.10359559	1.7977928100000005	1.1747952999999998	0.5517977899999998	2.9369882499999997	0.9255962999999999
06063	Plumas	2020-09-01	7	NA	NA	NA	NA	NA	NA	7th	174	174	87.35632184	94.25287356000001	0.5747126400000001	2.2988505700000004	1.7241379300000002	2.87356322	9.770114940000003	0.5747126400000001	0.5747126400000001	0
06065	Riverside	2020-09-01	7	NA	NA	NA	NA	NA	NA	7th	33652	33652	80.45881374	96.09235706999999	0.020801140000000006	0.05646024	0.24069892	0.46951146999999993	5.663853560000001	1.5719719499999996	13.61583264	1.80969927
06067	Sacramento	2020-09-01	7	NA	NA	NA	NA	NA	NA	7th	19321	19321	89.26039025000001	94.83981160000002	0.31054292999999994	0.20702862000000002	0.23808291	0.6883701700000001	3.01744216	1.3663889	7.173541740000002	2.8984007000000003
06069	San Benito	2020-09-01	7	NA	NA	NA	NA	NA	NA	7th	900	900	78.22222221999999	97.77777778	0	0	0.5555555599999998	0.8888888899999999	0.22222222	0.22222222	21.000000000000004	1.1111111099999995
06071	San Bernardino	2020-09-01	7	NA	NA	NA	NA	NA	NA	7th	30092	30092	79.38654792	96.12521599999998	0.039877710000000004	0.05981656000000001	0.2758208200000001	0.29243653000000003	3.42283663	1.38907351	16.87491692	2.1334574000000006
06073	San Diego	2020-09-01	7	NA	NA	NA	NA	NA	NA	7th	38918	38918	93.11629579999999	95.91191736	0.06680713	0.26722853	0.34174418	0.70661391	3.4457063600000004	1.9605324000000004	3.02944653	1.1537077999999998
06075	San Francisco	2020-09-01	7	NA	NA	NA	NA	NA	NA	7th	5621	5621	90.39316848	94.80519481	0.01779043	0.05337129000000001	0.07116171	0.60487458	1.2987013	0.4803415800000001	8.219178080000002	4.05621775
06077	San Joaquin	2020-09-01	7	NA	NA	NA	NA	NA	NA	7th	11807	11807	93.71559245	97.6200559	0.042347760000000005	0.042347760000000005	0.13551283	0.38112984000000005	2.7695434900000007	1.15185907	3.3370034700000004	0.8046074400000001
06079	San Luis Obispo	2020-09-01	7	NA	NA	NA	NA	NA	NA	7th	2661	2661	92.03307027	97.59488914	0.11273957	0.18789929	0.4885381400000001	0.4885381400000001	3.4573468600000012	0.45095829000000004	3.90830515	1.27771514
06081	San Mateo	2020-09-01	7	NA	NA	NA	NA	NA	NA	7th	8047	8047	94.54455076	97.40275879	0.04970797000000001	0.16155089	0.11184292000000003	0.55921461	0.36038275	0.21125885	4.933515600000001	1.6652168499999997
06083	Santa Barbara	2020-09-01	7	NA	NA	NA	NA	NA	NA	7th	5582	5582	94.07022573000002	97.61734145000001	0.0716589	0.23289144000000003	0.4478681500000001	0.77033321	0.82407739	0.4299534199999999	4.58616983	0.94948047
06085	Santa Clara	2020-09-01	7	NA	NA	NA	NA	NA	NA	7th	22414	22414	92.7902204	97.01971981999999	0.05799946	0.07584545	0.15169091	1.0841438399999999	1.10198983	0.55768716	5.8980993999999995	1.26260373
06087	Santa Cruz	2020-09-01	7	NA	NA	NA	NA	NA	NA	7th	3278	3278	86.72971324000002	93.80719951	0.09151922	0.33557047	0.9762049999999998	1.70835876	7.748627210000001	3.14215985	4.45393533	1.0067114099999999
06089	Shasta	2020-09-01	7	NA	NA	NA	NA	NA	NA	7th	2080	2080	90.72115385000001	92.11538462	0.14423077	0.625	1.1538461499999997	1.4423076899999998	6.77884615	4.95192308	1.20192308	0.8653846199999999
06091	Sierra	2020-09-01	7	NA	NA	NA	NA	NA	NA	7th	33	33	96.96969696999999	96.96969696999999	0	0	0	0	3.0303030300000002	3.0303030300000002	0	0
06093	Siskiyou	2020-09-01	7	NA	NA	NA	NA	NA	NA	7th	467	467	93.36188437	92.71948608	0	0.42826552	0.64239829	0.85653105	4.92505353	4.710920770000001	1.0706638099999999	1.2847965700000001
06095	Solano	2020-09-01	7	NA	NA	NA	NA	NA	NA	7th	4610	4610	94.33839479	98.4164859	0.17353579000000002	0.21691973999999997	0.17353579000000002	0.28199566	0.60737527	0.28199566	4.70715835	0.80260304
06097	Sonoma	2020-09-01	7	NA	NA	NA	NA	NA	NA	7th	5452	5452	82.75862069	94.62582539	0.09170946	0.3484959600000001	0.56859868	1.06382979	1.9075568600000001	0.8804108599999999	14.673514310000005	3.081438
06099	Stanislaus	2020-09-01	7	NA	NA	NA	NA	NA	NA	7th	8565	8565	84.82194980000001	97.45475773	0.023350849999999996	0.22183304000000004	0.24518389000000004	0.38528896999999995	1.8447168699999998	0.44366607999999996	13.064798600000001	1.49445417
06101	Sutter	2020-09-01	7	NA	NA	NA	NA	NA	NA	7th	1899	1899	74.09162716999998	88.30963665	0	0	0.26329646999999995	0.31595576999999997	17.798841500000005	11.005792519999998	7.846234860000001	0.36861506
06103	Tehama	2020-09-01	7	NA	NA	NA	NA	NA	NA	7th	659	659	95.75113808999998	97.26858877	0	0.30349014	0.60698027	0.9104704099999997	1.36570561	0.7587253399999999	2.27617602	0.7587253399999999
06	Total	2020-09-01	7	NA	NA	NA	NA	NA	NA	7th	480713	480713	88.56989513	96.26908363000001	0.06427952	0.16225898	0.29872294000000005	0.5982779699999999	2.61091337	1.15370294	8.45618904	1.8166764800000001
06105	Trinity	2020-09-01	7	NA	NA	NA	NA	NA	NA	7th	103	103	93.2038835	95.14563107	0	0	2.9126213599999997	3.88349515	1.9417475700000002	0.9708737899999996	1.9417475700000002	0
06107	Tulare	2020-09-01	7	NA	NA	NA	NA	NA	NA	7th	7663	7663	92.00052199000001	97.76849797999999	0.013049720000000002	0.10439776000000002	0.05219888000000001	0.10439776000000002	1.8008612800000003	0.7568837299999999	6.133368130000001	1.26582278
06109	Tuolumne	2020-09-01	7	NA	NA	NA	NA	NA	NA	7th	398	398	94.97487437000001	95.72864322000001	0.25125628	1.7587939700000004	0.25125628	0.25125628	2.01005025	1.25628141	2.5125628100000004	1.00502513
06111	Ventura	2020-09-01	7	NA	NA	NA	NA	NA	NA	7th	10512	10512	91.78082192000001	96.82267883999998	0.047564690000000014	0.19977169	0.35197869	0.60882801	1.78843227	1.36986301	6.03120244	0.9988584499999998
06113	Yolo	2020-09-01	7	NA	NA	NA	NA	NA	NA	7th	2429	2429	89.33717579	95.59489502000001	0	0.16467682	0.37052285	0.6175380800000001	2.05846027	1.8526142399999996	8.233841089999999	1.7702758299999999
06115	Yuba	2020-09-01	7	NA	NA	NA	NA	NA	NA	7th	1105	1105	77.1040724	93.57466063000001	0.18099548	0.27149321	0.27149321	0.27149321	4.7963800899999995	3.1674208100000003	17.64705882	2.7149321299999998
06001	Alameda	2021-09-01	7	NA	NA	NA	NA	NA	NA	7th	17351	17351	95.90801683	97.53328337999999	0.04610684999999999	0.12679384000000002	0.023053429999999996	0.36309146000000003	0.8241599900000001	0.46683188000000003	3.1986629000000004	1.5099994199999998
06003	Alpine	2021-09-01	7	NA	NA	NA	NA	NA	NA	7th	NA	NA	NA	NA	NA	NA	NA	NA	NA	NA	NA	NA
06005	Amador	2021-09-01	7	NA	NA	NA	NA	NA	NA	7th	293	293	57.33788396000001	89.07849829	1.70648464	0	0	0	10.92150171	2.04778157	30.03412969	8.873720140000001
06007	Butte	2021-09-01	7	NA	NA	NA	NA	NA	NA	7th	2208	2208	96.24094203	97.73550725000001	0	0.22644927999999998	0.09057971	0.31702899	2.626811590000001	1.3134058	1.0416666700000001	0.4076087
06009	Calaveras	2021-09-01	7	NA	NA	NA	NA	NA	NA	7th	411	411	93.43065692999998	97.32360096999997	0	0	0.24330900000000003	0.24330900000000003	4.8661800500000005	1.94647202	1.45985401	0.4866180000000001
06011	Colusa	2021-09-01	7	NA	NA	NA	NA	NA	NA	7th	336	336	94.34523809999999	98.80952381000002	0	0	0	0.29761905	0.29761905	0	5.3571428600000015	0.8928571399999998
06013	Contra Costa	2021-09-01	7	NA	NA	NA	NA	NA	NA	7th	13353	13353	96.05332135	97.52864525	0.059911630000000014	0.54669363	0.12731221000000004	0.486782	0.66651689	0.35198083	3.09293792	1.0858983
06015	Del Norte	2021-09-01	7	NA	NA	NA	NA	NA	NA	7th	290	290	97.93103447999998	98.27586207	0	0.3448275900000001	0	0.3448275900000001	1.37931034	0.68965517	0.68965517	0.3448275900000001
06017	El Dorado	2021-09-01	7	NA	NA	NA	NA	NA	NA	7th	2253	2253	83.26675544000001	91.07856192000001	0.08877053	0.31069685	0.3994673799999999	0.44385264	12.827341319999999	6.702174880000002	3.4176653400000006	1.4647137199999998
06019	Fresno	2021-09-01	7	NA	NA	NA	NA	NA	NA	7th	15423	15423	98.13914284	98.65784866999999	0.00648382	0.06483823000000002	0.04538676000000001	0.21396615	1.4329248499999998	0.8688322599999999	0.37606173	0.19451469000000005
06021	Glenn	2021-09-01	7	NA	NA	NA	NA	NA	NA	7th	472	472	89.40677966	93.22033897999998	0	0	0	0	9.533898309999998	6.355932199999999	1.0593220300000001	0.4237288099999999
06023	Humboldt	2021-09-01	7	NA	NA	NA	NA	NA	NA	7th	1347	1347	89.30957684	92.35337787999998	0.22271715000000003	0.51967335	1.2620638499999999	1.7074981400000002	2.82108389	1.7074981400000002	6.384558279999999	3.7119524900000007
06025	Imperial	2021-09-01	7	NA	NA	NA	NA	NA	NA	7th	2830	2830	96.64310954	95.37102473000002	0	0.42402826999999993	0	0.07067137999999999	0.9893992899999999	0.24734982000000003	2.36749117	3.8869258
06027	Inyo	2021-09-01	7	NA	NA	NA	NA	NA	NA	7th	233	233	97.85407725	97.85407725	0	0.8583690999999999	0	0	0	0	2.14592275	1.2875536500000002
06029	Kern	2021-09-01	7	NA	NA	NA	NA	NA	NA	7th	15067	15067	91.8364638	95.39390721000002	0.01991106	0.04645914999999999	0.29202894	0.25884383000000005	6.90250216	3.88265746	0.9490940499999998	0.4181323400000001
06031	Kings	2021-09-01	7	NA	NA	NA	NA	NA	NA	7th	2274	2274	98.15303429999999	99.07651715	0.043975369999999986	0.08795075	0	0.08795075	1.40721196	0.6156552299999999	0.39577836000000005	0.13192611999999998
06033	Lake	2021-09-01	7	NA	NA	NA	NA	NA	NA	7th	768	768	95.83333333	97.00520832999999	0	0.26041666999999996	0.26041666999999996	0.26041666999999996	2.734375	2.08333333	1.1718749999999996	0.390625
06035	Lassen	2021-09-01	7	NA	NA	NA	NA	NA	NA	7th	275	275	92.36363636	93.09090909000001	0	0	0.7272727299999999	0.7272727299999999	4	3.27272727	2.9090909099999998	2.9090909099999998
06037	Los Angeles	2021-09-01	7	NA	NA	NA	NA	NA	NA	7th	106833	106833	95.63898795000001	97.27144234000001	0.03556953	0.23120196999999995	0.11419692000000004	0.34633493000000004	1.7344827900000002	0.85273277	2.4767628	1.2982879800000002
06039	Madera	2021-09-01	7	NA	NA	NA	NA	NA	NA	7th	2295	2295	98.08278867	98.08278867	0	0	0	0.08714597	0.52287582	0.39215685999999994	1.3943355100000001	1.4379085000000003
06041	Marin	2021-09-01	7	NA	NA	NA	NA	NA	NA	7th	2885	2885	98.71750433000001	98.09358752	0.13864817999999998	0.5199306800000001	0.20797227	0.86655113	0.13864817999999998	0.13864817999999998	0.7972270400000002	0.38128249999999997
06043	Mariposa	2021-09-01	7	NA	NA	NA	NA	NA	NA	7th	142	142	93.66197183000001	92.25352113000001	0	1.4084507000000002	1.4084507000000002	2.11267606	1.4084507000000002	0.70422535	3.5211267600000005	3.5211267600000005
06045	Mendocino	2021-09-01	7	NA	NA	NA	NA	NA	NA	7th	1030	1030	85.9223301	86.69902913000001	0	0.19417476	0.09708737999999999	0.19417476	2.42718447	1.16504854	11.553398060000001	11.747572820000002
06047	Merced	2021-09-01	7	NA	NA	NA	NA	NA	NA	7th	4483	4483	95.58331474	98.37162613999999	0	0.11153246000000003	0.022306489999999998	0.04461298000000001	2.14142315	1.11532456	2.25295561	0.35690386
06049	Modoc	2021-09-01	7	NA	NA	NA	NA	NA	NA	7th	102	102	90.19607843	96.07843136999999	0	0	0	0	3.9215686299999994	1.9607843099999998	5.882352940000001	1.9607843099999998
06051	Mono	2021-09-01	7	NA	NA	NA	NA	NA	NA	7th	100	100	100	97	0	1	0	2	0	0	0	0
06053	Monterey	2021-09-01	7	NA	NA	NA	NA	NA	NA	7th	5799	5799	98.5859631	98.77565096999999	0	0.13795481999999998	0.10346611000000001	0.48284187000000006	0.3621314	0.17244352000000004	0.9484393899999999	0.43110881
06055	Napa	2021-09-01	7	NA	NA	NA	NA	NA	NA	7th	1641	1641	97.37964656	97.50152346	0	0.30469226	0.12187690000000002	0.24375381000000004	1.2797075	1.34064595	1.21876904	0.60938452
06057	Nevada	2021-09-01	7	NA	NA	NA	NA	NA	NA	7th	843	843	90.15421115	90.27283511	0.23724792	1.3048635800000001	0.47449584999999994	1.1862396199999998	7.23606168	5.81257414	1.8979833900000003	1.4234875400000002
06059	Orange	2021-09-01	7	NA	NA	NA	NA	NA	NA	7th	36105	36105	97.271846	98.09444675	0.027696990000000005	0.24650325	0.13571527	0.5262429	1.5288741199999998	0.6591884800000001	1.03586761	0.47361861000000005
06061	Placer	2021-09-01	7	NA	NA	NA	NA	NA	NA	7th	5778	5778	95.93284874000001	97.09241951999999	0.017307029999999998	0.29421945	0.19037729	0.7442021500000001	2.5960540000000005	1.31533403	1.26341295	0.5538248499999999
06063	Plumas	2021-09-01	7	NA	NA	NA	NA	NA	NA	7th	171	171	94.15204677999999	98.24561403999998	0	0.58479532	0	0	4.678362570000001	1.16959064	1.16959064	0
06065	Riverside	2021-09-01	7	NA	NA	NA	NA	NA	NA	7th	32331	32331	96.53892549	97.56271071	0.018558039999999998	0.10206922	0.05876713000000001	0.17011537	2.2207788199999996	1.55887538	1.1629705199999998	0.6062293200000001
06067	Sacramento	2021-09-01	7	NA	NA	NA	NA	NA	NA	7th	18232	18232	95.57920140000002	97.1149627	0.049363760000000007	0.28521281	0.17003072000000002	0.44975867	2.5833698999999997	1.1024572199999998	1.6180342300000001	1.0476086
06069	San Benito	2021-09-01	7	NA	NA	NA	NA	NA	NA	7th	834	834	97.24220624	98.92086331	0	0	0.35971222999999997	0.35971222999999997	0.59952038	0.35971222999999997	1.7985611500000005	0.35971222999999997
06071	San Bernardino	2021-09-01	7	NA	NA	NA	NA	NA	NA	7th	30777	30777	95.99376158	97.3421711	0.022744260000000002	0.17220652000000003	0.10072457	0.20794748999999998	2.0177405200000003	1.6343373300000001	1.8650290800000004	0.64333756
06073	San Diego	2021-09-01	7	NA	NA	NA	NA	NA	NA	7th	37579	37579	95.28726150000001	96.52997685	0.03193273	0.31400516	0.08781499999999999	0.4204475899999999	3.56582134	2.3976156900000003	1.02716943	0.33795471
06075	San Francisco	2021-09-01	7	NA	NA	NA	NA	NA	NA	7th	5440	5440	92.68382353000001	94.04411765000002	0.018382350000000002	0.40441176	0.07352941	0.40441176	0.7904411800000001	0.23897059	6.433823529999999	4.90808824
06077	San Joaquin	2021-09-01	7	NA	NA	NA	NA	NA	NA	7th	11433	11433	96.65879471999999	97.83958716000001	0.01749322	0.04373305	0.14869238	0.27114493000000006	2.7027026999999997	1.47817721	0.47231698000000005	0.36735765000000004
06079	San Luis Obispo	2021-09-01	7	NA	NA	NA	NA	NA	NA	7th	2570	2570	98.09338521000001	98.44357976999999	0	0.31128405000000003	0.19455253000000003	0.31128405000000003	1.0116731499999998	0.50583658	0.70038911	0.42801556
06081	San Mateo	2021-09-01	7	NA	NA	NA	NA	NA	NA	7th	7486	7486	97.6489447	97.34170451999998	0.02671654	0.17365749000000003	0.09350788000000002	0.6411969	0.7213465099999999	0.38738978999999996	1.50948437	1.4560513000000002
06083	Santa Barbara	2021-09-01	7	NA	NA	NA	NA	NA	NA	7th	5298	5298	97.98036995	97.88599471	0.01887505	0.22650056999999998	0.16987542	0.3208758000000001	0.7927519800000001	0.88712722	1.0381276	0.6795017
06085	Santa Clara	2021-09-01	7	NA	NA	NA	NA	NA	NA	7th	20367	20367	97.9034713	98.08513772	0.04418913	0.12765749	0.01963961	0.5548190700000001	0.77576472	0.60882801	1.25693524	0.6235577199999999
06087	Santa Cruz	2021-09-01	7	NA	NA	NA	NA	NA	NA	7th	3224	3224	96.15384614999999	96.89826303	0	0.12406948000000001	0.15508685	0.74441687	3.0707196	1.8300248100000003	0.62034739	0.4032258099999999
06089	Shasta	2021-09-01	7	NA	NA	NA	NA	NA	NA	7th	1984	1984	92.28830645000001	94.40524194000001	0.15120968	0.35282258	0.35282258	0.5544354799999999	4.838709679999999	3.42741935	2.3689516100000003	1.2600806500000001
06091	Sierra	2021-09-01	7	NA	NA	NA	NA	NA	NA	7th	40	40	100	95	0	0	0	0	0	0	0	5
06093	Siskiyou	2021-09-01	7	NA	NA	NA	NA	NA	NA	7th	446	446	93.04932735000001	95.73991031000001	0	0.67264574	0.22421525	0.44843048999999996	4.93273543	2.91479821	1.79372197	0.22421525
06095	Solano	2021-09-01	7	NA	NA	NA	NA	NA	NA	7th	4359	4359	98.57765543	98.89883001	0	0.25235146	0.022941040000000003	0.045882080000000006	0.73411333	0.5047029099999999	0.6652901999999999	0.29823353999999996
06097	Sonoma	2021-09-01	7	NA	NA	NA	NA	NA	NA	7th	5234	5234	94.36377532000002	95.66297287	0.01910585	0.24837600000000007	0.22927016	0.55406955	3.133358810000001	1.8532671	2.2544898699999996	1.68131448
06099	Stanislaus	2021-09-01	7	NA	NA	NA	NA	NA	NA	7th	8150	8150	94.72392638	98.06134969	0	0.13496932999999997	0.12269939	0.24539876999999996	2.5030674800000003	0.83435583	2.65030675	0.72392638
06101	Sutter	2021-09-01	7	NA	NA	NA	NA	NA	NA	7th	1703	1703	79.85907223	86.02466236000001	0	0.05871991000000001	0.35231944	0.29359952999999994	18.67293012	12.918379329999999	1.1156782099999998	0.70463887
06103	Tehama	2021-09-01	7	NA	NA	NA	NA	NA	NA	7th	798	798	93.48370927	97.49373433999999	0	0.25062657	0	0.12531328000000003	1.5037593999999999	0.87719298	5.01253133	1.25313283
06	Total	2021-09-01	7	NA	NA	NA	NA	NA	NA	7th	463512	463512	95.87216728000001	97.23782772	0.03085141	0.21035054	0.11779630000000002	0.36396037	2.17664268	1.27396917	1.8025423300000003	0.9138921999999999
06105	Trinity	2021-09-01	7	NA	NA	NA	NA	NA	NA	7th	100	100	93	94	0	0	0	0	0	0	7.000000000000001	6
06107	Tulare	2021-09-01	7	NA	NA	NA	NA	NA	NA	7th	7529	7529	98.0873954	98.96400584000001	0	0.10625580999999999	0.01328198	0.09297382999999998	1.3281976400000002	0.51799708	0.5711249799999999	0.31876743
06109	Tuolumne	2021-09-01	7	NA	NA	NA	NA	NA	NA	7th	466	466	91.20171674	94.84978541000001	0	0.64377682	0	0.21459226999999992	4.29184549	3.00429185	4.50643777	1.2875536500000002
06111	Ventura	2021-09-01	7	NA	NA	NA	NA	NA	NA	7th	10229	10229	96.06022094	97.18447551	0.029328379999999998	0.12708965	0.23462704000000004	0.4203734499999999	2.5613452000000003	1.8574640700000002	1.1144784399999998	0.41059732
06113	Yolo	2021-09-01	7	NA	NA	NA	NA	NA	NA	7th	2405	2405	92.43243243	95.25987526000002	0	0.12474012000000002	0.29106028999999994	0.29106028999999994	2.7858627900000004	2.7027026999999997	4.490644489999998	1.6216216199999998
06115	Yuba	2021-09-01	7	NA	NA	NA	NA	NA	NA	7th	1107	1107	95.03161697999998	98.01264678999999	0.09033424000000001	0.09033424000000001	0	0.18066846999999997	2.25835592	0.7226738899999999	2.6196928600000002	0.9936765999999999
