time	state	geography	county	grade	N_dtap	N_polio	N_mmr	N_hep_b	N_varicella	N_religious_exempt	N_medical_exempt	N_full_exempt	pct_dtap	pct_polio	pct_mmr	pct_hep_b	pct_varicella	pct_religious_exempt	pct_medical_exempt	pct_full_exempt	N_enrolled	N_tdap	pct_tdap	N_menacwy	pct_menacwy
2013-09-01	Massachusetts	25001	Barnstable	7th grade	NA	NA	NA	NA	NA	NA	NA	NA	NA	NA	0.983	0.984	0.963	0.017	0.005000000000000001	0.022000000000000002	1863	NA	0.947	NA	NA
2013-09-01	Massachusetts	25003	Berkshire	7th grade	NA	NA	NA	NA	NA	NA	NA	NA	NA	NA	0.983	0.973	0.767	0.027000000000000007	0.0020000000000000005	0.029000000000000005	1320	NA	0.7949999999999999	NA	NA
2013-09-01	Massachusetts	25005	Bristol	7th grade	NA	NA	NA	NA	NA	NA	NA	NA	NA	NA	0.994	0.996	0.9580000000000001	0.005000000000000001	0.003000000000000001	0.007000000000000002	6604	NA	0.9500000000000001	NA	NA
2013-09-01	Massachusetts	25007	Dukes	7th grade	NA	NA	NA	NA	NA	NA	NA	NA	NA	NA	0.92	0.927	0.905	0.09500000000000001	0.014999999999999998	0.109	137	NA	0.891	NA	NA
2013-09-01	Massachusetts	25009	Essex	7th grade	NA	NA	NA	NA	NA	NA	NA	NA	NA	NA	0.987	0.987	0.902	0.004000000000000001	0.003000000000000001	0.007000000000000002	9704	NA	0.8510000000000001	NA	NA
2013-09-01	Massachusetts	25011	Franklin	7th grade	NA	NA	NA	NA	NA	NA	NA	NA	NA	NA	0.963	0.961	0.912	0.025000000000000005	0.0010000000000000002	0.027000000000000007	788	NA	0.904	NA	NA
2013-09-01	Massachusetts	25013	Hampden	7th grade	NA	NA	NA	NA	NA	NA	NA	NA	NA	NA	0.99	0.985	0.923	0.003000000000000001	0.005000000000000001	0.008000000000000002	5794	NA	0.913	NA	NA
2013-09-01	Massachusetts	25015	Hampshire	7th grade	NA	NA	NA	NA	NA	NA	NA	NA	NA	NA	0.978	0.976	0.946	0.024000000000000004	0.006000000000000002	0.03	1524	NA	0.943	NA	NA
2013-09-01	Massachusetts	25017	Middlesex	7th grade	NA	NA	NA	NA	NA	NA	NA	NA	NA	NA	0.987	0.986	0.939	0.006000000000000002	0.004000000000000001	0.01	17759	NA	0.933	NA	NA
2013-09-01	Massachusetts	25019	Nantucket	7th grade	NA	NA	NA	NA	NA	NA	NA	NA	NA	NA	0.9530000000000001	0.945	0.8500000000000001	0.031000000000000007	0	0.031000000000000007	127	NA	0.8270000000000001	NA	NA
2013-09-01	Massachusetts	25021	Norfolk	7th grade	NA	NA	NA	NA	NA	NA	NA	NA	NA	NA	0.992	0.99	0.961	0.005000000000000001	0.003000000000000001	0.008000000000000002	9091	NA	0.941	NA	NA
2013-09-01	Massachusetts	25023	Plymouth	7th grade	NA	NA	NA	NA	NA	NA	NA	NA	NA	NA	0.994	0.992	0.964	0.005000000000000001	0.004000000000000001	0.009000000000000005	6961	NA	0.933	NA	NA
2013-09-01	Massachusetts	25025	Suffolk	7th grade	NA	NA	NA	NA	NA	NA	NA	NA	NA	NA	0.9530000000000001	0.947	0.813	0.0020000000000000005	0.0020000000000000005	0.004000000000000001	5949	NA	0.751	NA	NA
2013-09-01	Massachusetts	25027	Worcester	7th grade	NA	NA	NA	NA	NA	NA	NA	NA	NA	NA	0.989	0.988	0.925	0.006000000000000002	0.003000000000000001	0.009000000000000005	10333	NA	0.889	NA	NA
2014-09-01	Massachusetts	25001	Barnstable	7th grade	NA	NA	NA	NA	NA	NA	NA	NA	NA	NA	0.984	0.98	0.939	0.022000000000000002	0.003000000000000001	0.025000000000000005	2103	NA	0.923	NA	NA
2014-09-01	Massachusetts	25003	Berkshire	7th grade	NA	NA	NA	NA	NA	NA	NA	NA	NA	NA	0.977	0.98	0.935	0.024000000000000004	0.003000000000000001	0.027000000000000007	1318	NA	0.744	NA	NA
2014-09-01	Massachusetts	25005	Bristol	7th grade	NA	NA	NA	NA	NA	NA	NA	NA	NA	NA	0.986	0.986	0.98	0.005000000000000001	0.0020000000000000005	0.007000000000000002	6293	NA	0.966	NA	NA
2014-09-01	Massachusetts	25007	Dukes	7th grade	NA	NA	NA	NA	NA	NA	NA	NA	NA	NA	0.9520000000000001	0.9520000000000001	0.909	0.09100000000000003	0	0.09100000000000003	165	NA	0.909	NA	NA
2014-09-01	Massachusetts	25009	Essex	7th grade	NA	NA	NA	NA	NA	NA	NA	NA	NA	NA	0.987	0.987	0.945	0.005000000000000001	0.0020000000000000005	0.007000000000000002	9732	NA	0.8680000000000001	NA	NA
2014-09-01	Massachusetts	25011	Franklin	7th grade	NA	NA	NA	NA	NA	NA	NA	NA	NA	NA	0.978	0.975	0.924	0.027000000000000007	0.006000000000000002	0.03200000000000001	714	NA	0.912	NA	NA
2014-09-01	Massachusetts	25013	Hampden	7th grade	NA	NA	NA	NA	NA	NA	NA	NA	NA	NA	0.989	0.988	0.924	0.005000000000000001	0.007000000000000002	0.012999999999999998	5625	NA	0.8430000000000001	NA	NA
2014-09-01	Massachusetts	25015	Hampshire	7th grade	NA	NA	NA	NA	NA	NA	NA	NA	NA	NA	0.969	0.961	0.9520000000000001	0.026000000000000002	0.0010000000000000002	0.027000000000000007	1363	NA	0.927	NA	NA
2014-09-01	Massachusetts	25017	Middlesex	7th grade	NA	NA	NA	NA	NA	NA	NA	NA	NA	NA	0.988	0.988	0.9590000000000001	0.007000000000000002	0.003000000000000001	0.009000000000000005	17571	NA	0.918	NA	NA
2014-09-01	Massachusetts	25019	Nantucket	7th grade	NA	NA	NA	NA	NA	NA	NA	NA	NA	NA	0.974	0.98	0.921	0.02	0	0.02	152	NA	0.8420000000000001	NA	NA
2014-09-01	Massachusetts	25021	Norfolk	7th grade	NA	NA	NA	NA	NA	NA	NA	NA	NA	NA	0.985	0.984	0.97	0.007000000000000002	0.003000000000000001	0.01	8816	NA	0.931	NA	NA
2014-09-01	Massachusetts	25023	Plymouth	7th grade	NA	NA	NA	NA	NA	NA	NA	NA	NA	NA	0.99	0.99	0.972	0.007000000000000002	0.004000000000000001	0.01	6799	NA	0.931	NA	NA
2014-09-01	Massachusetts	25025	Suffolk	7th grade	NA	NA	NA	NA	NA	NA	NA	NA	NA	NA	0.933	0.934	0.8540000000000001	0.003000000000000001	0.0010000000000000002	0.005000000000000001	6068	NA	0.774	NA	NA
2014-09-01	Massachusetts	25027	Worcester	7th grade	NA	NA	NA	NA	NA	NA	NA	NA	NA	NA	0.981	0.984	0.941	0.006000000000000002	0.003000000000000001	0.01	10426	NA	0.8640000000000001	NA	NA
2015-09-01	Massachusetts	25001	Barnstable	7th grade	NA	NA	NA	NA	NA	NA	NA	NA	NA	NA	0.984	0.978	0.985	0.024000000000000004	0.003000000000000001	0.028000000000000004	1800	NA	0.925	NA	NA
2015-09-01	Massachusetts	25003	Berkshire	7th grade	NA	NA	NA	NA	NA	NA	NA	NA	NA	NA	0.946	0.9560000000000001	0.895	0.03200000000000001	0.005000000000000001	0.037000000000000005	1133	NA	0.904	NA	NA
2015-09-01	Massachusetts	25005	Bristol	7th grade	NA	NA	NA	NA	NA	NA	NA	NA	NA	NA	0.993	0.995	0.993	0.004000000000000001	0.0020000000000000005	0.006000000000000002	6405	NA	0.97	NA	NA
2015-09-01	Massachusetts	25007	Dukes	7th grade	NA	NA	NA	NA	NA	NA	NA	NA	NA	NA	0.962	0.9370000000000002	0.943	0.07000000000000002	0	0.07000000000000002	158	NA	0.975	NA	NA
2015-09-01	Massachusetts	25009	Essex	7th grade	NA	NA	NA	NA	NA	NA	NA	NA	NA	NA	0.988	0.986	0.975	0.006000000000000002	0.0020000000000000005	0.008000000000000002	9085	NA	0.914	NA	NA
2015-09-01	Massachusetts	25011	Franklin	7th grade	NA	NA	NA	NA	NA	NA	NA	NA	NA	NA	0.984	0.97	0.946	0.016000000000000004	0.007000000000000002	0.023000000000000003	728	NA	0.923	NA	NA
2015-09-01	Massachusetts	25013	Hampden	7th grade	NA	NA	NA	NA	NA	NA	NA	NA	NA	NA	0.985	0.988	0.973	0.005000000000000001	0.003000000000000001	0.008000000000000002	4997	NA	0.915	NA	NA
2015-09-01	Massachusetts	25015	Hampshire	7th grade	NA	NA	NA	NA	NA	NA	NA	NA	NA	NA	0.982	0.971	0.976	0.02	0.007000000000000002	0.027000000000000007	1594	NA	0.9570000000000001	NA	NA
2015-09-01	Massachusetts	25017	Middlesex	7th grade	NA	NA	NA	NA	NA	NA	NA	NA	NA	NA	0.99	0.989	0.975	0.007000000000000002	0.003000000000000001	0.01	17433	NA	0.9510000000000001	NA	NA
2015-09-01	Massachusetts	25019	Nantucket	7th grade	NA	NA	NA	NA	NA	NA	NA	NA	NA	NA	0.975	0.975	0.9510000000000001	0.025000000000000005	0	0.025000000000000005	122	NA	0.7949999999999999	NA	NA
2015-09-01	Massachusetts	25021	Norfolk	7th grade	NA	NA	NA	NA	NA	NA	NA	NA	NA	NA	0.989	0.986	0.979	0.007000000000000002	0.003000000000000001	0.01	9043	NA	0.949	NA	NA
2015-09-01	Massachusetts	25023	Plymouth	7th grade	NA	NA	NA	NA	NA	NA	NA	NA	NA	NA	0.992	0.994	0.98	0.004000000000000001	0.005000000000000001	0.009000000000000005	6792	NA	0.946	NA	NA
2015-09-01	Massachusetts	25025	Suffolk	7th grade	NA	NA	NA	NA	NA	NA	NA	NA	NA	NA	0.942	0.919	0.8780000000000001	0.003000000000000001	0.0010000000000000002	0.004000000000000001	5078	NA	0.753	NA	NA
2015-09-01	Massachusetts	25027	Worcester	7th grade	NA	NA	NA	NA	NA	NA	NA	NA	NA	NA	0.987	0.987	0.973	0.006000000000000002	0.003000000000000001	0.009000000000000005	10280	NA	0.901	NA	NA
2016-09-01	Massachusetts	25001	Barnstable	7th grade	NA	NA	NA	NA	NA	NA	NA	NA	NA	NA	0.982	0.982	0.974	0.02	0.003000000000000001	0.023000000000000003	1967	NA	0.912	NA	NA
2016-09-01	Massachusetts	25003	Berkshire	7th grade	NA	NA	NA	NA	NA	NA	NA	NA	NA	NA	0.968	0.965	0.9400000000000001	0.017	0.003000000000000001	0.02	1326	NA	0.813	NA	NA
2016-09-01	Massachusetts	25005	Bristol	7th grade	NA	NA	NA	NA	NA	NA	NA	NA	NA	NA	0.995	0.996	0.993	0.007000000000000002	0.0010000000000000002	0.008000000000000002	6499	NA	0.966	NA	NA
2016-09-01	Massachusetts	25007	Dukes	7th grade	NA	NA	NA	NA	NA	NA	NA	NA	NA	NA	0.967	0.98	0.967	0.059000000000000004	0	0.059000000000000004	152	NA	0.947	NA	NA
2016-09-01	Massachusetts	25009	Essex	7th grade	NA	NA	NA	NA	NA	NA	NA	NA	NA	NA	0.989	0.989	0.979	0.006000000000000002	0.0010000000000000002	0.007000000000000002	9656	NA	0.909	NA	NA
2016-09-01	Massachusetts	25011	Franklin	7th grade	NA	NA	NA	NA	NA	NA	NA	NA	NA	NA	0.969	0.96	0.933	0.036000000000000004	0.004000000000000001	0.04	796	NA	0.8660000000000001	NA	NA
2016-09-01	Massachusetts	25013	Hampden	7th grade	NA	NA	NA	NA	NA	NA	NA	NA	NA	NA	0.995	0.993	0.982	0.006000000000000002	0.0020000000000000005	0.008000000000000002	5240	NA	0.907	NA	NA
2016-09-01	Massachusetts	25015	Hampshire	7th grade	NA	NA	NA	NA	NA	NA	NA	NA	NA	NA	0.979	0.976	0.983	0.027000000000000007	0.003000000000000001	0.03	1260	NA	0.965	NA	NA
2016-09-01	Massachusetts	25017	Middlesex	7th grade	NA	NA	NA	NA	NA	NA	NA	NA	NA	NA	0.993	0.991	0.982	0.005000000000000001	0.003000000000000001	0.008000000000000002	17474	NA	0.925	NA	NA
2016-09-01	Massachusetts	25019	Nantucket	7th grade	NA	NA	NA	NA	NA	NA	NA	NA	NA	NA	0.962	0.962	0.947	0.03	0	0.03	132	NA	0.9550000000000001	NA	NA
2016-09-01	Massachusetts	25021	Norfolk	7th grade	NA	NA	NA	NA	NA	NA	NA	NA	NA	NA	0.99	0.99	0.984	0.004000000000000001	0.003000000000000001	0.007000000000000002	8763	NA	0.939	NA	NA
2016-09-01	Massachusetts	25023	Plymouth	7th grade	NA	NA	NA	NA	NA	NA	NA	NA	NA	NA	0.99	0.989	0.982	0.007000000000000002	0.003000000000000001	0.01	6787	NA	0.941	NA	NA
2016-09-01	Massachusetts	25025	Suffolk	7th grade	NA	NA	NA	NA	NA	NA	NA	NA	NA	NA	0.945	0.936	0.917	0.0020000000000000005	0	0.0020000000000000005	5889	NA	0.776	NA	NA
2016-09-01	Massachusetts	25027	Worcester	7th grade	NA	NA	NA	NA	NA	NA	NA	NA	NA	NA	0.987	0.99	0.974	0.008000000000000002	0.003000000000000001	0.011	9346	NA	0.8620000000000001	NA	NA
2017-09-01	Massachusetts	25001	Barnstable	7th grade	NA	NA	NA	NA	NA	NA	NA	NA	NA	NA	0.984	0.985	0.974	0.018	0.0020000000000000005	0.02	1310	NA	0.935	NA	NA
2017-09-01	Massachusetts	25003	Berkshire	7th grade	NA	NA	NA	NA	NA	NA	NA	NA	NA	NA	0.986	0.987	0.979	0.012000000000000002	0	0.012000000000000002	1117	NA	0.805	NA	NA
2017-09-01	Massachusetts	25005	Bristol	7th grade	NA	NA	NA	NA	NA	NA	NA	NA	NA	NA	0.993	0.994	0.992	0.007000000000000002	0.0020000000000000005	0.009000000000000005	5467	NA	0.986	NA	NA
2017-09-01	Massachusetts	25007	Dukes	7th grade	NA	NA	NA	NA	NA	NA	NA	NA	NA	NA	0.978	0.978	0.944	0.051000000000000004	0.011	0.06200000000000001	178	NA	0.966	NA	NA
2017-09-01	Massachusetts	25009	Essex	7th grade	NA	NA	NA	NA	NA	NA	NA	NA	NA	NA	0.993	0.987	0.985	0.006000000000000002	0.0010000000000000002	0.007000000000000002	7081	NA	0.9580000000000001	NA	NA
2017-09-01	Massachusetts	25011	Franklin	7th grade	NA	NA	NA	NA	NA	NA	NA	NA	NA	NA	0.978	0.978	0.9560000000000001	0.029000000000000005	0.003000000000000001	0.03200000000000001	587	NA	0.927	NA	NA
2017-09-01	Massachusetts	25013	Hampden	7th grade	NA	NA	NA	NA	NA	NA	NA	NA	NA	NA	0.986	0.984	0.979	0.006000000000000002	0.005000000000000001	0.011	4117	NA	0.932	NA	NA
2017-09-01	Massachusetts	25015	Hampshire	7th grade	NA	NA	NA	NA	NA	NA	NA	NA	NA	NA	0.982	0.978	0.978	0.024000000000000004	0.003000000000000001	0.027000000000000007	1529	NA	0.973	NA	NA
2017-09-01	Massachusetts	25017	Middlesex	7th grade	NA	NA	NA	NA	NA	NA	NA	NA	NA	NA	0.993	0.993	0.987	0.006000000000000002	0.0020000000000000005	0.008000000000000002	15653	NA	0.946	NA	NA
2017-09-01	Massachusetts	25019	Nantucket	7th grade	NA	NA	NA	NA	NA	NA	NA	NA	NA	NA	1	1	0.977	0.014999999999999998	0	0.014999999999999998	131	NA	0.969	NA	NA
2017-09-01	Massachusetts	25021	Norfolk	7th grade	NA	NA	NA	NA	NA	NA	NA	NA	NA	NA	0.996	0.996	0.992	0.005000000000000001	0.0020000000000000005	0.007000000000000002	6252	NA	0.967	NA	NA
2017-09-01	Massachusetts	25023	Plymouth	7th grade	NA	NA	NA	NA	NA	NA	NA	NA	NA	NA	0.991	0.992	0.985	0.007000000000000002	0.0020000000000000005	0.008000000000000002	6242	NA	0.949	NA	NA
2017-09-01	Massachusetts	25025	Suffolk	7th grade	NA	NA	NA	NA	NA	NA	NA	NA	NA	NA	0.961	0.9560000000000001	0.947	0.0010000000000000002	0.0020000000000000005	0.0020000000000000005	3478	NA	0.8290000000000001	NA	NA
2017-09-01	Massachusetts	25027	Worcester	7th grade	NA	NA	NA	NA	NA	NA	NA	NA	NA	NA	0.99	0.99	0.986	0.007000000000000002	0.003000000000000001	0.01	6821	NA	0.936	NA	NA
2018-09-01	Massachusetts	25001	Barnstable	7th grade	NA	NA	NA	NA	NA	NA	NA	NA	NA	NA	0.977	0.98	0.966	0.028000000000000004	0.0010000000000000002	0.028000000000000004	1379	NA	0.925	NA	NA
2018-09-01	Massachusetts	25003	Berkshire	7th grade	NA	NA	NA	NA	NA	NA	NA	NA	NA	NA	0.963	0.962	0.961	0.014999999999999998	0.0020000000000000005	0.016000000000000004	1273	NA	0.7839999999999999	NA	NA
2018-09-01	Massachusetts	25005	Bristol	7th grade	NA	NA	NA	NA	NA	NA	NA	NA	NA	NA	0.99	0.992	0.99	0.011	0.0020000000000000005	0.012999999999999998	5767	NA	0.973	NA	NA
2018-09-01	Massachusetts	25007	Dukes	7th grade	NA	NA	NA	NA	NA	NA	NA	NA	NA	NA	0.947	0.947	0.93	0.06400000000000002	0.005000000000000001	0.07000000000000002	187	NA	0.941	NA	NA
2018-09-01	Massachusetts	25009	Essex	7th grade	NA	NA	NA	NA	NA	NA	NA	NA	NA	NA	0.991	0.99	0.987	0.007000000000000002	0.0010000000000000002	0.008000000000000002	9197	NA	0.917	NA	NA
2018-09-01	Massachusetts	25011	Franklin	7th grade	NA	NA	NA	NA	NA	NA	NA	NA	NA	NA	0.972	0.97	0.973	0.024000000000000004	0.006000000000000002	0.03	709	NA	0.904	NA	NA
2018-09-01	Massachusetts	25013	Hampden	7th grade	NA	NA	NA	NA	NA	NA	NA	NA	NA	NA	0.982	0.983	0.979	0.011	0.005000000000000001	0.016000000000000004	4851	NA	0.893	NA	NA
2018-09-01	Massachusetts	25015	Hampshire	7th grade	NA	NA	NA	NA	NA	NA	NA	NA	NA	NA	0.993	0.994	0.993	0.009000000000000005	0.004000000000000001	0.012999999999999998	1113	NA	0.974	NA	NA
2018-09-01	Massachusetts	25017	Middlesex	7th grade	NA	NA	NA	NA	NA	NA	NA	NA	NA	NA	0.991	0.991	0.988	0.007000000000000002	0.0020000000000000005	0.009000000000000005	16226	NA	0.949	NA	NA
2018-09-01	Massachusetts	25019	Nantucket	7th grade	NA	NA	NA	NA	NA	NA	NA	NA	NA	NA	0.986	0.986	0.978	0.029000000000000005	0	0.029000000000000005	138	NA	0.971	NA	NA
2018-09-01	Massachusetts	25021	Norfolk	7th grade	NA	NA	NA	NA	NA	NA	NA	NA	NA	NA	0.988	0.988	0.985	0.008000000000000002	0.0020000000000000005	0.01	8341	NA	0.974	NA	NA
2018-09-01	Massachusetts	25023	Plymouth	7th grade	NA	NA	NA	NA	NA	NA	NA	NA	NA	NA	0.991	0.993	0.991	0.007000000000000002	0.0020000000000000005	0.009000000000000005	6114	NA	0.942	NA	NA
2018-09-01	Massachusetts	25025	Suffolk	7th grade	NA	NA	NA	NA	NA	NA	NA	NA	NA	NA	0.968	0.941	0.96	0.0020000000000000005	0.0010000000000000002	0.004000000000000001	5359	NA	0.8630000000000001	NA	NA
2018-09-01	Massachusetts	25027	Worcester	7th grade	NA	NA	NA	NA	NA	NA	NA	NA	NA	NA	0.989	0.99	0.986	0.009000000000000005	0.004000000000000001	0.012999999999999998	8532	NA	0.923	NA	NA
2019-09-01	Massachusetts	25001	Barnstable	7th grade	NA	NA	NA	NA	NA	NA	NA	NA	NA	NA	0.983	0.983	0.98	0.023	0.3	0.026000000000000002	1910	NA	0.945	NA	NA
2019-09-01	Massachusetts	25003	Berkshire	7th grade	NA	NA	NA	NA	NA	NA	NA	NA	NA	NA	0.981	0.978	0.977	0.023	0.2	0.025	1207	NA	0.898	NA	NA
2019-09-01	Massachusetts	25005	Bristol	7th grade	NA	NA	NA	NA	NA	NA	NA	NA	NA	NA	0.9940000000000001	0.9940000000000001	0.993	0.008	0.2	0.01	5942	NA	0.983	NA	NA
2019-09-01	Massachusetts	25007	Dukes	7th grade	NA	NA	NA	NA	NA	NA	NA	NA	NA	NA	0.9470000000000001	0.915	0.9259999999999999	0.106	0.5	0.111	189	NA	0.9259999999999999	NA	NA
2019-09-01	Massachusetts	25009	Essex	7th grade	NA	NA	NA	NA	NA	NA	NA	NA	NA	NA	0.988	0.9890000000000001	0.985	0.006	0.2	0.008	9287	NA	0.943	NA	NA
2019-09-01	Massachusetts	25011	Franklin	7th grade	NA	NA	NA	NA	NA	NA	NA	NA	NA	NA	0.97	0.961	0.971	0.027999999999999997	0.3	0.03	787	NA	0.929	NA	NA
2019-09-01	Massachusetts	25013	Hampden	7th grade	NA	NA	NA	NA	NA	NA	NA	NA	NA	NA	0.987	0.9890000000000001	0.985	0.011000000000000001	0.2	0.013000000000000001	5451	NA	0.9059999999999999	NA	NA
2019-09-01	Massachusetts	25015	Hampshire	7th grade	NA	NA	NA	NA	NA	NA	NA	NA	NA	NA	0.978	0.977	0.976	0.023	0.2	0.025	1495	NA	0.963	NA	NA
2019-09-01	Massachusetts	25017	Middlesex	7th grade	NA	NA	NA	NA	NA	NA	NA	NA	NA	NA	0.993	0.992	0.99	0.006	0.2	0.008	17201	NA	0.9640000000000001	NA	NA
2019-09-01	Massachusetts	25019	Nantucket	7th grade	NA	NA	NA	NA	NA	NA	NA	NA	NA	NA	1	1	0.992	0	0	0	125	NA	0.968	NA	NA
2019-09-01	Massachusetts	25021	Norfolk	7th grade	NA	NA	NA	NA	NA	NA	NA	NA	NA	NA	0.993	0.9940000000000001	0.993	0.006	0.2	0.008	8362	NA	0.958	NA	NA
2019-09-01	Massachusetts	25023	Plymouth	7th grade	NA	NA	NA	NA	NA	NA	NA	NA	NA	NA	0.987	0.987	0.9890000000000001	0.006	0.2	0.009000000000000001	6168	NA	0.948	NA	NA
2019-09-01	Massachusetts	25025	Suffolk	7th grade	NA	NA	NA	NA	NA	NA	NA	NA	NA	NA	0.973	0.965	0.9670000000000001	0.003	0.1	0.003	6293	NA	0.878	NA	NA
2019-09-01	Massachusetts	25027	Worcester	7th grade	NA	NA	NA	NA	NA	NA	NA	NA	NA	NA	0.991	0.986	0.987	0.01	0.3	0.012	9364	NA	0.951	NA	NA
2020-09-01	Massachusetts	25001	Barnstable	7th grade	NA	NA	NA	NA	NA	NA	NA	NA	NA	NA	0.9825056433408578	0.9847629796839729	0.9847629796839729	0.02031602708803612	0.002257336343115125	0.02257336343115125	1772	NA	0.9401805869074491	NA	0.9181715575620769
2020-09-01	Massachusetts	25003	Berkshire	7th grade	NA	NA	NA	NA	NA	NA	NA	NA	NA	NA	0.9791666666666664	0.9774999999999999	0.9766666666666666	0.025000000000000005	0.0016666666666666674	0.026666666666666675	1200	NA	0.915	NA	0.8824999999999998
2020-09-01	Massachusetts	25005	Bristol	7th grade	NA	NA	NA	NA	NA	NA	NA	NA	NA	NA	0.9878834355828221	0.9886503067484662	0.9877300613496932	0.008588957055214725	0.0030674846625766885	0.011656441717791413	6520	NA	0.9033742331288346	NA	0.9199386503067486
2020-09-01	Massachusetts	25007	Dukes	7th grade	NA	NA	NA	NA	NA	NA	NA	NA	NA	NA	0.9038461538461537	0.8910256410256411	0.8974358974358977	0.11538461538461539	0.012820512820512822	0.1282051282051282	156	NA	0.8269230769230771	NA	0.814102564102564
2020-09-01	Massachusetts	25009	Essex	7th grade	NA	NA	NA	NA	NA	NA	NA	NA	NA	NA	0.9874494788342907	0.986492235694533	0.9829823441820889	0.007232503722612212	6.381620931716661e-4	0.007870665815783879	9402	NA	0.9149117209104446	NA	0.9004467134652202
2020-09-01	Massachusetts	25011	Franklin	7th grade	NA	NA	NA	NA	NA	NA	NA	NA	NA	NA	0.9605597964376589	0.9173027989821881	0.9262086513994912	0.03435114503816795	0.0038167938931297713	0.03816793893129771	786	NA	0.8295165394402034	NA	0.8676844783715015
2020-09-01	Massachusetts	25013	Hampden	7th grade	NA	NA	NA	NA	NA	NA	NA	NA	NA	NA	0.9827483640690067	0.9845330160618678	0.9829466587348802	0.014277215942891136	0.004560777315090226	0.018837993257981363	5043	NA	0.8605988498909378	NA	0.848502875272655
2020-09-01	Massachusetts	25015	Hampshire	7th grade	NA	NA	NA	NA	NA	NA	NA	NA	NA	NA	0.9883211678832116	0.9817518248175182	0.9846715328467155	0.023357664233576637	0.0021897810218978117	0.02554744525547446	1370	NA	0.9423357664233577	NA	0.9335766423357664
2020-09-01	Massachusetts	25017	Middlesex	7th grade	NA	NA	NA	NA	NA	NA	NA	NA	NA	NA	0.9890424011434017	0.9893997141495952	0.98695807527394	0.010004764173415915	0.0022629823725583615	0.012267746545974274	16792	NA	0.9477131967603619	NA	0.9348499285373989
2020-09-01	Massachusetts	25019	Nantucket	7th grade	NA	NA	NA	NA	NA	NA	NA	NA	NA	NA	0.9733333333333334	0.96	0.9533333333333335	0.046666666666666676	0	0.046666666666666676	150	NA	0.9	NA	0.8466666666666667
2020-09-01	Massachusetts	25021	Norfolk	7th grade	NA	NA	NA	NA	NA	NA	NA	NA	NA	NA	0.9921419518377692	0.9908745247148288	0.9913814955640051	0.006844106463878328	0.0022813688212927766	0.009125475285171105	7890	NA	0.9531051964512042	NA	0.9623574144486692
2020-09-01	Massachusetts	25023	Plymouth	7th grade	NA	NA	NA	NA	NA	NA	NA	NA	NA	NA	0.9853154752299499	0.9872518960787477	0.9820881071486203	0.007261578182991774	0.0027432628691302246	0.010004841052121995	6197	NA	0.9228659028562206	NA	0.9005970630950458
2020-09-01	Massachusetts	25025	Suffolk	7th grade	NA	NA	NA	NA	NA	NA	NA	NA	NA	NA	0.9578847371754275	0.955668144395187	0.9528182393920204	0.003799873337555416	0.0017416086130462322	0.005541481950601649	6316	NA	0.8266307789740343	NA	0.8066814439518682
2020-09-01	Massachusetts	25027	Worcester	7th grade	NA	NA	NA	NA	NA	NA	NA	NA	NA	NA	0.9799552191065146	0.9804883249813411	0.9763300991576925	0.012581298645911083	0.002558908199168355	0.015140206845079435	9379	NA	0.9030813519564985	NA	0.8865550698368694
2021-09-01	Massachusetts	25001	Barnstable	7th grade	NA	NA	NA	NA	NA	NA	NA	NA	NA	NA	0.975	0.9520000000000001	0.969	0.03	0.003000000000000001	0.03200000000000001	1758	NA	0.944	NA	0.915
2021-09-01	Massachusetts	25003	Berkshire	7th grade	NA	NA	NA	NA	NA	NA	NA	NA	NA	NA	0.96	0.965	0.961	0.018	0.0020000000000000005	0.019000000000000003	1079	NA	0.904	NA	0.8700000000000001
2021-09-01	Massachusetts	25005	Bristol	7th grade	NA	NA	NA	NA	NA	NA	NA	NA	NA	NA	0.99	0.99	0.989	0.012000000000000002	0.0020000000000000005	0.012999999999999998	5752	NA	0.9550000000000001	NA	0.9500000000000001
2021-09-01	Massachusetts	25007	Dukes	7th grade	NA	NA	NA	NA	NA	NA	NA	NA	NA	NA	0.948	0.928	0.907	0.113	0.01	0.12400000000000001	97	NA	0.907	NA	0.8760000000000001
2021-09-01	Massachusetts	25009	Essex	7th grade	NA	NA	NA	NA	NA	NA	NA	NA	NA	NA	0.987	0.987	0.981	0.007000000000000002	0.0010000000000000002	0.008000000000000002	9298	NA	0.918	NA	0.91
2021-09-01	Massachusetts	25011	Franklin	7th grade	NA	NA	NA	NA	NA	NA	NA	NA	NA	NA	0.915	0.915	0.914	0.022000000000000002	0.003000000000000001	0.025000000000000005	686	NA	0.806	NA	0.7869999999999999
2021-09-01	Massachusetts	25013	Hampden	7th grade	NA	NA	NA	NA	NA	NA	NA	NA	NA	NA	0.9570000000000001	0.9530000000000001	0.9570000000000001	0.02	0.008000000000000002	0.028000000000000004	5293	NA	0.8440000000000001	NA	0.8270000000000001
2021-09-01	Massachusetts	25015	Hampshire	7th grade	NA	NA	NA	NA	NA	NA	NA	NA	NA	NA	0.979	0.975	0.979	0.023000000000000003	0.0010000000000000002	0.025000000000000005	1453	NA	0.9540000000000001	NA	0.9540000000000001
2021-09-01	Massachusetts	25017	Middlesex	7th grade	NA	NA	NA	NA	NA	NA	NA	NA	NA	NA	0.99	0.989	0.987	0.008000000000000002	0.0020000000000000005	0.01	16546	NA	0.9550000000000001	NA	0.946
2021-09-01	Massachusetts	25019	Nantucket	7th grade	NA	NA	NA	NA	NA	NA	NA	NA	NA	NA	0.993	0.967	0.973	0.012999999999999998	0	0.012999999999999998	150	NA	0.8530000000000001	NA	0.8330000000000001
2021-09-01	Massachusetts	25021	Norfolk	7th grade	NA	NA	NA	NA	NA	NA	NA	NA	NA	NA	0.989	0.985	0.989	0.007000000000000002	0.003000000000000001	0.01	7424	NA	0.97	NA	0.964
2021-09-01	Massachusetts	25023	Plymouth	7th grade	NA	NA	NA	NA	NA	NA	NA	NA	NA	NA	0.987	0.987	0.986	0.009000000000000005	0.0010000000000000002	0.01	6058	NA	0.918	NA	0.906
2021-09-01	Massachusetts	25025	Suffolk	7th grade	NA	NA	NA	NA	NA	NA	NA	NA	NA	NA	0.9540000000000001	0.946	0.939	0.0020000000000000005	0.0010000000000000002	0.003000000000000001	5836	NA	0.8630000000000001	NA	0.821
2021-09-01	Massachusetts	25027	Worcester	7th grade	NA	NA	NA	NA	NA	NA	NA	NA	NA	NA	0.98	0.98	0.974	0.008000000000000002	0.0020000000000000005	0.011	8464	NA	0.914	NA	0.897
2022-09-01	Massachusetts	25001	Barnstable	7th grade	NA	NA	NA	NA	NA	NA	NA	NA	NA	NA	0.98	0.98	0.98	0.033	0.0010000000000000002	0.034	1787	NA	0.939	NA	0.929
2022-09-01	Massachusetts	25003	Berkshire	7th grade	NA	NA	NA	NA	NA	NA	NA	NA	NA	NA	0.944	0.945	0.9370000000000002	0.019000000000000003	0.0010000000000000002	0.02	1022	NA	0.8790000000000001	NA	0.8500000000000001
2022-09-01	Massachusetts	25005	Bristol	7th grade	NA	NA	NA	NA	NA	NA	NA	NA	NA	NA	0.989	0.99	0.987	0.011	0.0020000000000000005	0.012999999999999998	5775	NA	0.949	NA	0.941
2022-09-01	Massachusetts	25007	Dukes	7th grade	NA	NA	NA	NA	NA	NA	NA	NA	NA	NA	0.973	0.9510000000000001	0.9510000000000001	0.049000000000000016	0	0.049000000000000016	183	NA	0.929	NA	0.923
2022-09-01	Massachusetts	25009	Essex	7th grade	NA	NA	NA	NA	NA	NA	NA	NA	NA	NA	0.979	0.976	0.974	0.009000000000000005	0.0010000000000000002	0.01	8548	NA	0.923	NA	0.915
2022-09-01	Massachusetts	25011	Franklin	7th grade	NA	NA	NA	NA	NA	NA	NA	NA	NA	NA	0.92	0.919	0.919	0.02	0.004000000000000001	0.024000000000000004	801	NA	0.8760000000000001	NA	0.904
2022-09-01	Massachusetts	25013	Hampden	7th grade	NA	NA	NA	NA	NA	NA	NA	NA	NA	NA	0.979	0.972	0.975	0.016000000000000004	0.0010000000000000002	0.018	4536	NA	0.903	NA	0.897
2022-09-01	Massachusetts	25015	Hampshire	7th grade	NA	NA	NA	NA	NA	NA	NA	NA	NA	NA	0.977	0.973	0.971	0.026000000000000002	0.004000000000000001	0.03	1239	NA	0.944	NA	0.944
2022-09-01	Massachusetts	25017	Middlesex	7th grade	NA	NA	NA	NA	NA	NA	NA	NA	NA	NA	0.99	0.99	0.987	0.009000000000000005	0.0010000000000000002	0.01	17363	NA	0.945	NA	0.9400000000000001
2022-09-01	Massachusetts	25019	Nantucket	7th grade	NA	NA	NA	NA	NA	NA	NA	NA	NA	NA	0.984	0.992	0.936	0.008000000000000002	0	0.008000000000000002	125	NA	0.656	NA	0.608
2022-09-01	Massachusetts	25021	Norfolk	7th grade	NA	NA	NA	NA	NA	NA	NA	NA	NA	NA	0.99	0.988	0.988	0.009000000000000005	0.0010000000000000002	0.01	8093	NA	0.964	NA	0.9580000000000001
2022-09-01	Massachusetts	25023	Plymouth	7th grade	NA	NA	NA	NA	NA	NA	NA	NA	NA	NA	0.982	0.982	0.977	0.01	0.0020000000000000005	0.012000000000000002	6109	NA	0.9370000000000002	NA	0.924
2022-09-01	Massachusetts	25025	Suffolk	7th grade	NA	NA	NA	NA	NA	NA	NA	NA	NA	NA	0.9590000000000001	0.9570000000000001	0.9520000000000001	0.0020000000000000005	0.0010000000000000002	0.0020000000000000005	5651	NA	0.906	NA	0.887
2022-09-01	Massachusetts	25027	Worcester	7th grade	NA	NA	NA	NA	NA	NA	NA	NA	NA	NA	0.983	0.986	0.979	0.011	0.0020000000000000005	0.012999999999999998	9477	NA	0.918	NA	0.907
2023-09-01	Massachusetts	25001	Barnstable	7th grade	NA	NA	NA	NA	NA	NA	NA	NA	NA	NA	0.971	0.9530000000000001	0.9590000000000001	0.036000000000000004	0.005000000000000001	0.041	1698	NA	0.903	NA	0.899
2023-09-01	Massachusetts	25003	Berkshire	7th grade	NA	NA	NA	NA	NA	NA	NA	NA	NA	NA	0.9570000000000001	0.961	0.9510000000000001	0.019000000000000003	0.0020000000000000005	0.021000000000000005	1030	NA	0.8640000000000001	NA	0.8300000000000001
2023-09-01	Massachusetts	25005	Bristol	7th grade	NA	NA	NA	NA	NA	NA	NA	NA	NA	NA	0.99	0.989	0.987	0.011	0.0010000000000000002	0.012000000000000002	6050	NA	0.9370000000000002	NA	0.929
2023-09-01	Massachusetts	25007	Dukes	7th grade	NA	NA	NA	NA	NA	NA	NA	NA	NA	NA	0.943	0.914	0.949	0.06900000000000002	0.006000000000000002	0.07400000000000001	175	NA	0.9370000000000002	NA	0.903
2023-09-01	Massachusetts	25009	Essex	7th grade	NA	NA	NA	NA	NA	NA	NA	NA	NA	NA	0.982	0.983	0.976	0.008000000000000002	0.0020000000000000005	0.01	8914	NA	0.919	NA	0.913
2023-09-01	Massachusetts	25011	Franklin	7th grade	NA	NA	NA	NA	NA	NA	NA	NA	NA	NA	0.9540000000000001	0.9570000000000001	0.9530000000000001	0.018	0.0010000000000000002	0.02	762	NA	0.896	NA	0.904
2023-09-01	Massachusetts	25013	Hampden	7th grade	NA	NA	NA	NA	NA	NA	NA	NA	NA	NA	0.971	0.972	0.967	0.011	0.0010000000000000002	0.012000000000000002	5103	NA	0.905	NA	0.89
2023-09-01	Massachusetts	25015	Hampshire	7th grade	NA	NA	NA	NA	NA	NA	NA	NA	NA	NA	0.9530000000000001	0.9530000000000001	0.948	0.03900000000000001	0.0020000000000000005	0.041	1416	NA	0.933	NA	0.921
2023-09-01	Massachusetts	25017	Middlesex	7th grade	NA	NA	NA	NA	NA	NA	NA	NA	NA	NA	0.991	0.991	0.987	0.008000000000000002	0.0010000000000000002	0.009000000000000005	17648	NA	0.964	NA	0.9580000000000001
2023-09-01	Massachusetts	25019	Nantucket	7th grade	NA	NA	NA	NA	NA	NA	NA	NA	NA	NA	0.942	0.962	0.904	0	0	0	104	NA	0.7979999999999999	NA	0.721
2023-09-01	Massachusetts	25021	Norfolk	7th grade	NA	NA	NA	NA	NA	NA	NA	NA	NA	NA	0.985	0.983	0.985	0.009000000000000005	0.0020000000000000005	0.011	8110	NA	0.971	NA	0.9560000000000001
2023-09-01	Massachusetts	25023	Plymouth	7th grade	NA	NA	NA	NA	NA	NA	NA	NA	NA	NA	0.981	0.984	0.975	0.01	0.0020000000000000005	0.012000000000000002	6070	NA	0.915	NA	0.903
2023-09-01	Massachusetts	25025	Suffolk	7th grade	NA	NA	NA	NA	NA	NA	NA	NA	NA	NA	0.927	0.935	0.921	0.0020000000000000005	0.0010000000000000002	0.003000000000000001	5093	NA	0.8780000000000001	NA	0.8680000000000001
2023-09-01	Massachusetts	25027	Worcester	7th grade	NA	NA	NA	NA	NA	NA	NA	NA	NA	NA	0.983	0.976	0.979	0.012000000000000002	0.0010000000000000002	0.012999999999999998	9104	NA	0.929	NA	0.922
2024-09-01	Massachusetts	25001	Barnstable	7th grade	NA	NA	NA	NA	NA	NA	NA	NA	NA	NA	0.973	0.978	0.974	0.028000000000000004	0.0020000000000000005	0.03	1680	NA	0.93	NA	0.918
2024-09-01	Massachusetts	25003	Berkshire	7th grade	NA	NA	NA	NA	NA	NA	NA	NA	NA	NA	0.969	0.967	0.939	0.016000000000000004	0.0010000000000000002	0.017	1144	NA	0.895	NA	0.8650000000000001
2024-09-01	Massachusetts	25005	Bristol	7th grade	NA	NA	NA	NA	NA	NA	NA	NA	NA	NA	0.989	0.99	0.986	0.011	0.0010000000000000002	0.012999999999999998	5916	NA	0.961	NA	0.9560000000000001
2024-09-01	Massachusetts	25007	Dukes	7th grade	NA	NA	NA	NA	NA	NA	NA	NA	NA	NA	0.963	0.945	0.963	0.05500000000000001	0	0.05500000000000001	163	NA	0.9570000000000001	NA	0.926
2024-09-01	Massachusetts	25009	Essex	7th grade	NA	NA	NA	NA	NA	NA	NA	NA	NA	NA	0.983	0.974	0.972	0.01	0.0020000000000000005	0.012000000000000002	8861	NA	0.931	NA	0.917
2024-09-01	Massachusetts	25011	Franklin	7th grade	NA	NA	NA	NA	NA	NA	NA	NA	NA	NA	0.932	0.935	0.935	0.026000000000000002	0.003000000000000001	0.029000000000000005	858	NA	0.913	NA	0.9
2024-09-01	Massachusetts	25013	Hampden	7th grade	NA	NA	NA	NA	NA	NA	NA	NA	NA	NA	0.968	0.962	0.9580000000000001	0.021000000000000005	0.0020000000000000005	0.023000000000000003	5002	NA	0.898	NA	0.886
2024-09-01	Massachusetts	25015	Hampshire	7th grade	NA	NA	NA	NA	NA	NA	NA	NA	NA	NA	0.981	0.976	0.979	0.031000000000000007	0	0.031000000000000007	1227	NA	0.9530000000000001	NA	0.947
2024-09-01	Massachusetts	25017	Middlesex	7th grade	NA	NA	NA	NA	NA	NA	NA	NA	NA	NA	0.991	0.991	0.988	0.01	0.0020000000000000005	0.012000000000000002	16926	NA	0.966	NA	0.96
2024-09-01	Massachusetts	25019	Nantucket	7th grade	NA	NA	NA	NA	NA	NA	NA	NA	NA	NA	0.931	0.969	0.931	0.023000000000000003	0	0.023000000000000003	131	NA	0.771	NA	0.939
2024-09-01	Massachusetts	25021	Norfolk	7th grade	NA	NA	NA	NA	NA	NA	NA	NA	NA	NA	0.99	0.989	0.987	0.008000000000000002	0.0020000000000000005	0.01	8254	NA	0.967	NA	0.962
2024-09-01	Massachusetts	25023	Plymouth	7th grade	NA	NA	NA	NA	NA	NA	NA	NA	NA	NA	0.978	0.978	0.973	0.011	0.003000000000000001	0.014000000000000002	5590	NA	0.903	NA	0.8780000000000001
2024-09-01	Massachusetts	25025	Suffolk	7th grade	NA	NA	NA	NA	NA	NA	NA	NA	NA	NA	0.9510000000000001	0.9510000000000001	0.935	0.0020000000000000005	0.0010000000000000002	0.003000000000000001	5600	NA	0.898	NA	0.885
2024-09-01	Massachusetts	25027	Worcester	7th grade	NA	NA	NA	NA	NA	NA	NA	NA	NA	NA	0.987	0.984	0.981	0.011	0.0010000000000000002	0.012000000000000002	9485	NA	0.936	NA	0.927
2025-09-01	Massachusetts	25001	Barnstable	7th grade	NA	NA	NA	NA	NA	NA	NA	NA	NA	NA	0.97	0.975	0.967	0.03	0.0020000000000000005	0.03200000000000001	1614	NA	0.911	NA	0.88
2025-09-01	Massachusetts	25003	Berkshire	7th grade	NA	NA	NA	NA	NA	NA	NA	NA	NA	NA	0.9400000000000001	0.9370000000000002	0.936	0.019000000000000003	0.0010000000000000002	0.02	1115	NA	0.8440000000000001	NA	0.8420000000000001
2025-09-01	Massachusetts	25005	Bristol	7th grade	NA	NA	NA	NA	NA	NA	NA	NA	NA	NA	0.985	0.986	0.982	0.012999999999999998	0.0020000000000000005	0.014000000000000002	5427	NA	0.949	NA	0.945
2025-09-01	Massachusetts	25007	Dukes	7th grade	NA	NA	NA	NA	NA	NA	NA	NA	NA	NA	0.965	0.9510000000000001	0.9510000000000001	0.06300000000000001	0.007000000000000002	0.07000000000000002	142	NA	0.9580000000000001	NA	0.9370000000000002
2025-09-01	Massachusetts	25009	Essex	7th grade	NA	NA	NA	NA	NA	NA	NA	NA	NA	NA	0.986	0.984	0.983	0.009000000000000005	0.0010000000000000002	0.01	9437	NA	0.948	NA	0.938
2025-09-01	Massachusetts	25011	Franklin	7th grade	NA	NA	NA	NA	NA	NA	NA	NA	NA	NA	0.945	0.965	0.9540000000000001	0.025000000000000005	0.006000000000000002	0.031000000000000007	714	NA	0.881	NA	0.8780000000000001
2025-09-01	Massachusetts	25013	Hampden	7th grade	NA	NA	NA	NA	NA	NA	NA	NA	NA	NA	0.971	0.97	0.971	0.016000000000000004	0.0010000000000000002	0.017	4908	NA	0.898	NA	0.889
2025-09-01	Massachusetts	25015	Hampshire	7th grade	NA	NA	NA	NA	NA	NA	NA	NA	NA	NA	0.983	0.983	0.984	0.021000000000000005	0	0.021000000000000005	1358	NA	0.9510000000000001	NA	0.945
2025-09-01	Massachusetts	25017	Middlesex	7th grade	NA	NA	NA	NA	NA	NA	NA	NA	NA	NA	0.989	0.989	0.988	0.009000000000000005	0.0020000000000000005	0.011	17757	NA	0.965	NA	0.961
2025-09-01	Massachusetts	25019	Nantucket	7th grade	NA	NA	NA	NA	NA	NA	NA	NA	NA	NA	0.9560000000000001	0.978	0.941	0	0	0	135	NA	0.8300000000000001	NA	0.8
2025-09-01	Massachusetts	25021	Norfolk	7th grade	NA	NA	NA	NA	NA	NA	NA	NA	NA	NA	0.989	0.991	0.99	0.008000000000000002	0.003000000000000001	0.011	8346	NA	0.9580000000000001	NA	0.9500000000000001
2025-09-01	Massachusetts	25023	Plymouth	7th grade	NA	NA	NA	NA	NA	NA	NA	NA	NA	NA	0.978	0.979	0.977	0.012999999999999998	0.0010000000000000002	0.014000000000000002	5548	NA	0.92	NA	0.905
2025-09-01	Massachusetts	25025	Suffolk	7th grade	NA	NA	NA	NA	NA	NA	NA	NA	NA	NA	0.966	0.966	0.96	0.003000000000000001	0.0010000000000000002	0.004000000000000001	5100	NA	0.904	NA	0.892
2025-09-01	Massachusetts	25027	Worcester	7th grade	NA	NA	NA	NA	NA	NA	NA	NA	NA	NA	0.979	0.984	0.981	0.014000000000000002	0.0020000000000000005	0.016000000000000004	9048	NA	0.935	NA	0.923
2013-09-01	Massachusetts	25001	Barnstable	Kindergarten	NA	NA	NA	NA	NA	NA	NA	NA	0.949	0.9580000000000001	0.9510000000000001	0.968	0.9520000000000001	0.026000000000000002	0.007000000000000002	0.033	1896	NA	NA	NA	NA
2013-09-01	Massachusetts	25003	Berkshire	Kindergarten	NA	NA	NA	NA	NA	NA	NA	NA	0.931	0.947	0.9520000000000001	0.965	0.931	0.029000000000000005	0.007000000000000002	0.036000000000000004	1210	NA	NA	NA	NA
2013-09-01	Massachusetts	25005	Bristol	Kindergarten	NA	NA	NA	NA	NA	NA	NA	NA	0.9540000000000001	0.928	0.973	0.988	0.971	0.008000000000000002	0.004000000000000001	0.012000000000000002	6300	NA	NA	NA	NA
2013-09-01	Massachusetts	25007	Dukes	Kindergarten	NA	NA	NA	NA	NA	NA	NA	NA	0.8250000000000001	0.8520000000000001	0.8420000000000001	0.8690000000000001	0.8360000000000001	0.18	0.005000000000000001	0.186	183	NA	NA	NA	NA
2013-09-01	Massachusetts	25009	Essex	Kindergarten	NA	NA	NA	NA	NA	NA	NA	NA	0.923	0.948	0.9530000000000001	0.984	0.9400000000000001	0.009000000000000005	0.0020000000000000005	0.012000000000000002	9584	NA	NA	NA	NA
2013-09-01	Massachusetts	25011	Franklin	Kindergarten	NA	NA	NA	NA	NA	NA	NA	NA	0.924	0.922	0.929	0.939	0.924	0.038000000000000006	0.017	0.05500000000000001	658	NA	NA	NA	NA
2013-09-01	Massachusetts	25013	Hampden	Kindergarten	NA	NA	NA	NA	NA	NA	NA	NA	0.929	0.945	0.96	0.974	0.9540000000000001	0.009000000000000005	0.003000000000000001	0.011	5995	NA	NA	NA	NA
2013-09-01	Massachusetts	25015	Hampshire	Kindergarten	NA	NA	NA	NA	NA	NA	NA	NA	0.922	0.929	0.9370000000000002	0.945	0.927	0.036000000000000004	0.004000000000000001	0.03900000000000001	1374	NA	NA	NA	NA
2013-09-01	Massachusetts	25017	Middlesex	Kindergarten	NA	NA	NA	NA	NA	NA	NA	NA	0.9560000000000001	0.967	0.971	0.977	0.969	0.01	0.005000000000000001	0.014999999999999998	18285	NA	NA	NA	NA
2013-09-01	Massachusetts	25019	Nantucket	Kindergarten	NA	NA	NA	NA	NA	NA	NA	NA	0.8710000000000001	0.902	0.896	0.926	0.89	0.061000000000000006	0.018	0.08	163	NA	NA	NA	NA
2013-09-01	Massachusetts	25021	Norfolk	Kindergarten	NA	NA	NA	NA	NA	NA	NA	NA	0.9520000000000001	0.962	0.978	0.983	0.974	0.01	0.004000000000000001	0.014000000000000002	8262	NA	NA	NA	NA
2013-09-01	Massachusetts	25023	Plymouth	Kindergarten	NA	NA	NA	NA	NA	NA	NA	NA	0.947	0.961	0.9590000000000001	0.98	0.9540000000000001	0.008000000000000002	0.005000000000000001	0.012999999999999998	6323	NA	NA	NA	NA
2013-09-01	Massachusetts	25025	Suffolk	Kindergarten	NA	NA	NA	NA	NA	NA	NA	NA	0.8200000000000001	0.8620000000000001	0.8620000000000001	0.919	0.8440000000000001	0.003000000000000001	0.0010000000000000002	0.004000000000000001	8354	NA	NA	NA	NA
2013-09-01	Massachusetts	25027	Worcester	Kindergarten	NA	NA	NA	NA	NA	NA	NA	NA	0.942	0.9530000000000001	0.9520000000000001	0.983	0.948	0.011	0.005000000000000001	0.016000000000000004	9643	NA	NA	NA	NA
2014-09-01	Massachusetts	25001	Barnstable	Kindergarten	NA	NA	NA	NA	NA	NA	NA	NA	0.943	0.964	0.9540000000000001	0.968	0.943	0.026000000000000002	0.006000000000000002	0.031000000000000007	1760	NA	NA	NA	NA
2014-09-01	Massachusetts	25003	Berkshire	Kindergarten	NA	NA	NA	NA	NA	NA	NA	NA	0.909	0.934	0.933	0.9560000000000001	0.928	0.027000000000000007	0.0020000000000000005	0.029000000000000005	1236	NA	NA	NA	NA
2014-09-01	Massachusetts	25005	Bristol	Kindergarten	NA	NA	NA	NA	NA	NA	NA	NA	0.963	0.975	0.977	0.988	0.978	0.012000000000000002	0.003000000000000001	0.014999999999999998	6080	NA	NA	NA	NA
2014-09-01	Massachusetts	25007	Dukes	Kindergarten	NA	NA	NA	NA	NA	NA	NA	NA	0.8520000000000001	0.889	0.894	0.889	0.8730000000000001	0.11600000000000002	0.021000000000000005	0.138	189	NA	NA	NA	NA
2014-09-01	Massachusetts	25009	Essex	Kindergarten	NA	NA	NA	NA	NA	NA	NA	NA	0.9400000000000001	0.967	0.962	0.973	0.9510000000000001	0.01	0.004000000000000001	0.012999999999999998	9084	NA	NA	NA	NA
2014-09-01	Massachusetts	25011	Franklin	Kindergarten	NA	NA	NA	NA	NA	NA	NA	NA	0.922	0.928	0.927	0.93	0.908	0.053000000000000005	0.012000000000000002	0.06500000000000002	600	NA	NA	NA	NA
2014-09-01	Massachusetts	25013	Hampden	Kindergarten	NA	NA	NA	NA	NA	NA	NA	NA	0.936	0.9580000000000001	0.9590000000000001	0.974	0.9500000000000001	0.011	0.003000000000000001	0.014000000000000002	5550	NA	NA	NA	NA
2014-09-01	Massachusetts	25015	Hampshire	Kindergarten	NA	NA	NA	NA	NA	NA	NA	NA	0.915	0.932	0.921	0.925	0.919	0.037000000000000005	0.004000000000000001	0.041	1259	NA	NA	NA	NA
2014-09-01	Massachusetts	25017	Middlesex	Kindergarten	NA	NA	NA	NA	NA	NA	NA	NA	0.9560000000000001	0.972	0.975	0.98	0.969	0.009000000000000005	0.003000000000000001	0.012999999999999998	17998	NA	NA	NA	NA
2014-09-01	Massachusetts	25019	Nantucket	Kindergarten	NA	NA	NA	NA	NA	NA	NA	NA	0.909	0.929	0.929	0.968	0.929	0.026000000000000002	0.006000000000000002	0.03200000000000001	154	NA	NA	NA	NA
2014-09-01	Massachusetts	25021	Norfolk	Kindergarten	NA	NA	NA	NA	NA	NA	NA	NA	0.9590000000000001	0.974	0.978	0.987	0.974	0.007000000000000002	0.003000000000000001	0.01	7811	NA	NA	NA	NA
2014-09-01	Massachusetts	25023	Plymouth	Kindergarten	NA	NA	NA	NA	NA	NA	NA	NA	0.9400000000000001	0.964	0.9570000000000001	0.975	0.9540000000000001	0.009000000000000005	0.004000000000000001	0.012999999999999998	5739	NA	NA	NA	NA
2014-09-01	Massachusetts	25025	Suffolk	Kindergarten	NA	NA	NA	NA	NA	NA	NA	NA	0.777	0.822	0.7949999999999999	0.899	0.7979999999999999	0.005000000000000001	0.0020000000000000005	0.007000000000000002	7747	NA	NA	NA	NA
2014-09-01	Massachusetts	25027	Worcester	Kindergarten	NA	NA	NA	NA	NA	NA	NA	NA	0.9370000000000002	0.9530000000000001	0.948	0.979	0.943	0.009000000000000005	0.004000000000000001	0.012999999999999998	9662	NA	NA	NA	NA
2015-09-01	Massachusetts	25001	Barnstable	Kindergarten	NA	NA	NA	NA	NA	NA	NA	NA	0.938	0.9590000000000001	0.9500000000000001	0.962	0.944	0.029000000000000005	0.005000000000000001	0.03500000000000001	1739	NA	NA	NA	NA
2015-09-01	Massachusetts	25003	Berkshire	Kindergarten	NA	NA	NA	NA	NA	NA	NA	NA	0.929	0.9590000000000001	0.9570000000000001	0.963	0.9530000000000001	0.026000000000000002	0.0010000000000000002	0.027000000000000007	1155	NA	NA	NA	NA
2015-09-01	Massachusetts	25005	Bristol	Kindergarten	NA	NA	NA	NA	NA	NA	NA	NA	0.969	0.982	0.982	0.987	0.98	0.011	0.003000000000000001	0.014000000000000002	6142	NA	NA	NA	NA
2015-09-01	Massachusetts	25007	Dukes	Kindergarten	NA	NA	NA	NA	NA	NA	NA	NA	0.8740000000000001	0.934	0.929	0.929	0.885	0.07700000000000001	0.005000000000000001	0.082	183	NA	NA	NA	NA
2015-09-01	Massachusetts	25009	Essex	Kindergarten	NA	NA	NA	NA	NA	NA	NA	NA	0.9560000000000001	0.974	0.97	0.98	0.965	0.011	0.0020000000000000005	0.012999999999999998	8884	NA	NA	NA	NA
2015-09-01	Massachusetts	25011	Franklin	Kindergarten	NA	NA	NA	NA	NA	NA	NA	NA	0.911	0.927	0.919	0.936	0.902	0.028000000000000004	0.003000000000000001	0.031000000000000007	644	NA	NA	NA	NA
2015-09-01	Massachusetts	25013	Hampden	Kindergarten	NA	NA	NA	NA	NA	NA	NA	NA	0.9550000000000001	0.977	0.97	0.982	0.967	0.014000000000000002	0.003000000000000001	0.016000000000000004	5365	NA	NA	NA	NA
2015-09-01	Massachusetts	25015	Hampshire	Kindergarten	NA	NA	NA	NA	NA	NA	NA	NA	0.9520000000000001	0.9580000000000001	0.9590000000000001	0.9510000000000001	0.949	0.03900000000000001	0.0020000000000000005	0.041	1279	NA	NA	NA	NA
2015-09-01	Massachusetts	25017	Middlesex	Kindergarten	NA	NA	NA	NA	NA	NA	NA	NA	0.963	0.978	0.979	0.982	0.971	0.009000000000000005	0.003000000000000001	0.012000000000000002	17564	NA	NA	NA	NA
2015-09-01	Massachusetts	25019	Nantucket	Kindergarten	NA	NA	NA	NA	NA	NA	NA	NA	0.9590000000000001	0.934	0.9510000000000001	0.934	0.918	0.033	0	0.033	122	NA	NA	NA	NA
2015-09-01	Massachusetts	25021	Norfolk	Kindergarten	NA	NA	NA	NA	NA	NA	NA	NA	0.972	0.981	0.984	0.987	0.982	0.006000000000000002	0.003000000000000001	0.009000000000000005	7830	NA	NA	NA	NA
2015-09-01	Massachusetts	25023	Plymouth	Kindergarten	NA	NA	NA	NA	NA	NA	NA	NA	0.9580000000000001	0.982	0.975	0.986	0.972	0.007000000000000002	0.003000000000000001	0.011	5792	NA	NA	NA	NA
2015-09-01	Massachusetts	25025	Suffolk	Kindergarten	NA	NA	NA	NA	NA	NA	NA	NA	0.8550000000000001	0.886	0.8700000000000001	0.926	0.8600000000000001	0.003000000000000001	0.0010000000000000002	0.005000000000000001	6455	NA	NA	NA	NA
2015-09-01	Massachusetts	25027	Worcester	Kindergarten	NA	NA	NA	NA	NA	NA	NA	NA	0.9510000000000001	0.969	0.967	0.981	0.962	0.01	0.004000000000000001	0.012999999999999998	9076	NA	NA	NA	NA
2016-09-01	Massachusetts	25001	Barnstable	Kindergarten	NA	NA	NA	NA	NA	NA	NA	NA	0.965	0.966	0.9560000000000001	0.966	0.946	0.028000000000000004	0.0020000000000000005	0.031000000000000007	1660	NA	NA	NA	NA
2016-09-01	Massachusetts	25003	Berkshire	Kindergarten	NA	NA	NA	NA	NA	NA	NA	NA	0.944	0.9540000000000001	0.9530000000000001	0.963	0.945	0.026000000000000002	0.003000000000000001	0.028000000000000004	1160	NA	NA	NA	NA
2016-09-01	Massachusetts	25005	Bristol	Kindergarten	NA	NA	NA	NA	NA	NA	NA	NA	0.982	0.985	0.981	0.985	0.98	0.01	0.0020000000000000005	0.012000000000000002	6033	NA	NA	NA	NA
2016-09-01	Massachusetts	25007	Dukes	Kindergarten	NA	NA	NA	NA	NA	NA	NA	NA	0.933	0.939	0.926	0.92	0.926	0.08600000000000003	0.006000000000000002	0.09200000000000003	163	NA	NA	NA	NA
2016-09-01	Massachusetts	25009	Essex	Kindergarten	NA	NA	NA	NA	NA	NA	NA	NA	0.9580000000000001	0.967	0.962	0.978	0.9570000000000001	0.008000000000000002	0.003000000000000001	0.011	8618	NA	NA	NA	NA
2016-09-01	Massachusetts	25011	Franklin	Kindergarten	NA	NA	NA	NA	NA	NA	NA	NA	0.935	0.9370000000000002	0.931	0.944	0.931	0.04	0.006000000000000002	0.04500000000000001	682	NA	NA	NA	NA
2016-09-01	Massachusetts	25013	Hampden	Kindergarten	NA	NA	NA	NA	NA	NA	NA	NA	0.964	0.969	0.968	0.983	0.964	0.012999999999999998	0.0020000000000000005	0.014999999999999998	5274	NA	NA	NA	NA
2016-09-01	Massachusetts	25015	Hampshire	Kindergarten	NA	NA	NA	NA	NA	NA	NA	NA	0.965	0.9590000000000001	0.9540000000000001	0.961	0.942	0.037000000000000005	0.003000000000000001	0.04	1244	NA	NA	NA	NA
2016-09-01	Massachusetts	25017	Middlesex	Kindergarten	NA	NA	NA	NA	NA	NA	NA	NA	0.976	0.98	0.98	0.983	0.974	0.007000000000000002	0.003000000000000001	0.01	17285	NA	NA	NA	NA
2016-09-01	Massachusetts	25019	Nantucket	Kindergarten	NA	NA	NA	NA	NA	NA	NA	NA	0.8750000000000001	0.884	0.8660000000000001	0.92	0.8300000000000001	0.04500000000000001	0	0.04500000000000001	112	NA	NA	NA	NA
2016-09-01	Massachusetts	25021	Norfolk	Kindergarten	NA	NA	NA	NA	NA	NA	NA	NA	0.986	0.988	0.988	0.987	0.986	0.008000000000000002	0.004000000000000001	0.011	7597	NA	NA	NA	NA
2016-09-01	Massachusetts	25023	Plymouth	Kindergarten	NA	NA	NA	NA	NA	NA	NA	NA	0.974	0.98	0.976	0.986	0.976	0.009000000000000005	0.0020000000000000005	0.011	5398	NA	NA	NA	NA
2016-09-01	Massachusetts	25025	Suffolk	Kindergarten	NA	NA	NA	NA	NA	NA	NA	NA	0.8580000000000001	0.8730000000000001	0.8480000000000001	0.919	0.8410000000000001	0.0020000000000000005	0.0010000000000000002	0.003000000000000001	6119	NA	NA	NA	NA
2016-09-01	Massachusetts	25027	Worcester	Kindergarten	NA	NA	NA	NA	NA	NA	NA	NA	0.96	0.964	0.9590000000000001	0.975	0.9550000000000001	0.01	0.004000000000000001	0.012999999999999998	8764	NA	NA	NA	NA
2017-09-01	Massachusetts	25001	Barnstable	Kindergarten	NA	NA	NA	NA	NA	NA	NA	NA	0.965	0.963	0.9540000000000001	0.969	0.9510000000000001	0.026000000000000002	0.005000000000000001	0.031000000000000007	1513	NA	NA	NA	NA
2017-09-01	Massachusetts	25003	Berkshire	Kindergarten	NA	NA	NA	NA	NA	NA	NA	NA	0.9530000000000001	0.945	0.944	0.966	0.944	0.027000000000000007	0.003000000000000001	0.03	1179	NA	NA	NA	NA
2017-09-01	Massachusetts	25005	Bristol	Kindergarten	NA	NA	NA	NA	NA	NA	NA	NA	0.988	0.988	0.987	0.992	0.986	0.009000000000000005	0.0020000000000000005	0.011	5519	NA	NA	NA	NA
2017-09-01	Massachusetts	25007	Dukes	Kindergarten	NA	NA	NA	NA	NA	NA	NA	NA	0.927	0.927	0.92	0.887	0.9	0.113	0.007000000000000002	0.12000000000000001	150	NA	NA	NA	NA
2017-09-01	Massachusetts	25009	Essex	Kindergarten	NA	NA	NA	NA	NA	NA	NA	NA	0.974	0.974	0.978	0.98	0.973	0.008000000000000002	0.0020000000000000005	0.01	7744	NA	NA	NA	NA
2017-09-01	Massachusetts	25011	Franklin	Kindergarten	NA	NA	NA	NA	NA	NA	NA	NA	0.946	0.935	0.931	0.933	0.928	0.049000000000000016	0.004000000000000001	0.053000000000000005	569	NA	NA	NA	NA
2017-09-01	Massachusetts	25013	Hampden	Kindergarten	NA	NA	NA	NA	NA	NA	NA	NA	0.961	0.9560000000000001	0.962	0.974	0.9540000000000001	0.014999999999999998	0.003000000000000001	0.018	4635	NA	NA	NA	NA
2017-09-01	Massachusetts	25015	Hampshire	Kindergarten	NA	NA	NA	NA	NA	NA	NA	NA	0.967	0.961	0.966	0.9580000000000001	0.9570000000000001	0.034	0.003000000000000001	0.037000000000000005	1228	NA	NA	NA	NA
2017-09-01	Massachusetts	25017	Middlesex	Kindergarten	NA	NA	NA	NA	NA	NA	NA	NA	0.983	0.981	0.982	0.984	0.979	0.009000000000000005	0.003000000000000001	0.012000000000000002	15530	NA	NA	NA	NA
2017-09-01	Massachusetts	25019	Nantucket	Kindergarten	NA	NA	NA	NA	NA	NA	NA	NA	0.8690000000000001	0.8690000000000001	0.885	0.962	0.8460000000000001	0.046000000000000006	0.023000000000000003	0.06900000000000002	130	NA	NA	NA	NA
2017-09-01	Massachusetts	25021	Norfolk	Kindergarten	NA	NA	NA	NA	NA	NA	NA	NA	0.988	0.986	0.987	0.988	0.986	0.008000000000000002	0.0020000000000000005	0.01	6865	NA	NA	NA	NA
2017-09-01	Massachusetts	25023	Plymouth	Kindergarten	NA	NA	NA	NA	NA	NA	NA	NA	0.967	0.978	0.969	0.977	0.967	0.01	0.004000000000000001	0.014000000000000002	5082	NA	NA	NA	NA
2017-09-01	Massachusetts	25025	Suffolk	Kindergarten	NA	NA	NA	NA	NA	NA	NA	NA	0.8460000000000001	0.8380000000000001	0.8370000000000001	0.88	0.8300000000000001	0.0020000000000000005	0.0010000000000000002	0.003000000000000001	5124	NA	NA	NA	NA
2017-09-01	Massachusetts	25027	Worcester	Kindergarten	NA	NA	NA	NA	NA	NA	NA	NA	0.964	0.962	0.963	0.981	0.963	0.01	0.0020000000000000005	0.012000000000000002	8109	NA	NA	NA	NA
2018-09-01	Massachusetts	25001	Barnstable	Kindergarten	NA	NA	NA	NA	NA	NA	NA	NA	0.963	0.965	0.9500000000000001	0.967	0.946	0.029000000000000005	0.005000000000000001	0.034	1544	NA	NA	NA	NA
2018-09-01	Massachusetts	25003	Berkshire	Kindergarten	NA	NA	NA	NA	NA	NA	NA	NA	0.942	0.93	0.934	0.943	0.928	0.052000000000000005	0.0020000000000000005	0.054000000000000006	961	NA	NA	NA	NA
2018-09-01	Massachusetts	25005	Bristol	Kindergarten	NA	NA	NA	NA	NA	NA	NA	NA	0.981	0.982	0.978	0.982	0.977	0.012000000000000002	0.003000000000000001	0.014999999999999998	5671	NA	NA	NA	NA
2018-09-01	Massachusetts	25007	Dukes	Kindergarten	NA	NA	NA	NA	NA	NA	NA	NA	0.9560000000000001	0.9370000000000002	0.931	0.925	0.918	0.06300000000000001	0.019000000000000003	0.082	159	NA	NA	NA	NA
2018-09-01	Massachusetts	25009	Essex	Kindergarten	NA	NA	NA	NA	NA	NA	NA	NA	0.974	0.972	0.976	0.983	0.971	0.01	0.0020000000000000005	0.012999999999999998	7940	NA	NA	NA	NA
2018-09-01	Massachusetts	25011	Franklin	Kindergarten	NA	NA	NA	NA	NA	NA	NA	NA	0.9550000000000001	0.9570000000000001	0.9570000000000001	0.945	0.9400000000000001	0.04	0.005000000000000001	0.04500000000000001	420	NA	NA	NA	NA
2018-09-01	Massachusetts	25013	Hampden	Kindergarten	NA	NA	NA	NA	NA	NA	NA	NA	0.9580000000000001	0.9560000000000001	0.9560000000000001	0.975	0.9510000000000001	0.017	0.0020000000000000005	0.019000000000000003	4826	NA	NA	NA	NA
2018-09-01	Massachusetts	25015	Hampshire	Kindergarten	NA	NA	NA	NA	NA	NA	NA	NA	0.978	0.984	0.977	0.977	0.974	0.014000000000000002	0.003000000000000001	0.017	1056	NA	NA	NA	NA
2018-09-01	Massachusetts	25017	Middlesex	Kindergarten	NA	NA	NA	NA	NA	NA	NA	NA	0.986	0.984	0.983	0.986	0.979	0.009000000000000005	0.003000000000000001	0.011	16313	NA	NA	NA	NA
2018-09-01	Massachusetts	25019	Nantucket	Kindergarten	NA	NA	NA	NA	NA	NA	NA	NA	0.975	0.975	0.975	0.983	0.975	0.017	0	0.017	121	NA	NA	NA	NA
2018-09-01	Massachusetts	25021	Norfolk	Kindergarten	NA	NA	NA	NA	NA	NA	NA	NA	0.986	0.986	0.984	0.987	0.984	0.009000000000000005	0.003000000000000001	0.012000000000000002	7165	NA	NA	NA	NA
2018-09-01	Massachusetts	25023	Plymouth	Kindergarten	NA	NA	NA	NA	NA	NA	NA	NA	0.973	0.97	0.973	0.979	0.965	0.012000000000000002	0.0020000000000000005	0.014000000000000002	5074	NA	NA	NA	NA
2018-09-01	Massachusetts	25025	Suffolk	Kindergarten	NA	NA	NA	NA	NA	NA	NA	NA	0.896	0.896	0.902	0.915	0.889	0.003000000000000001	0.0010000000000000002	0.004000000000000001	5496	NA	NA	NA	NA
2018-09-01	Massachusetts	25027	Worcester	Kindergarten	NA	NA	NA	NA	NA	NA	NA	NA	0.977	0.977	0.974	0.985	0.971	0.012000000000000002	0.0020000000000000005	0.014000000000000002	8533	NA	NA	NA	NA
2019-09-01	Massachusetts	25001	Barnstable	Kindergarten	NA	NA	NA	NA	NA	NA	NA	NA	0.968	0.966	0.961	0.969	0.962	0.027000000000000007	0.0010000000000000002	0.028000000000000004	1512	NA	NA	NA	NA
2019-09-01	Massachusetts	25003	Berkshire	Kindergarten	NA	NA	NA	NA	NA	NA	NA	NA	0.949	0.945	0.942	0.964	0.938	0.019000000000000003	0.003000000000000001	0.022000000000000002	1061	NA	NA	NA	NA
2019-09-01	Massachusetts	25005	Bristol	Kindergarten	NA	NA	NA	NA	NA	NA	NA	NA	0.981	0.981	0.981	0.987	0.981	0.012999999999999998	0.003000000000000001	0.016000000000000004	5455	NA	NA	NA	NA
2019-09-01	Massachusetts	25007	Dukes	Kindergarten	NA	NA	NA	NA	NA	NA	NA	NA	0.919	0.925	0.931	0.925	0.919	0.07500000000000001	0	0.07500000000000001	160	NA	NA	NA	NA
2019-09-01	Massachusetts	25009	Essex	Kindergarten	NA	NA	NA	NA	NA	NA	NA	NA	0.967	0.971	0.972	0.979	0.968	0.011	0.003000000000000001	0.014000000000000002	8123	NA	NA	NA	NA
2019-09-01	Massachusetts	25011	Franklin	Kindergarten	NA	NA	NA	NA	NA	NA	NA	NA	0.908	0.907	0.905	0.91	0.89	0.05800000000000001	0.0020000000000000005	0.06	599	NA	NA	NA	NA
2019-09-01	Massachusetts	25013	Hampden	Kindergarten	NA	NA	NA	NA	NA	NA	NA	NA	0.969	0.97	0.968	0.977	0.969	0.017	0.0020000000000000005	0.019000000000000003	5018	NA	NA	NA	NA
2019-09-01	Massachusetts	25015	Hampshire	Kindergarten	NA	NA	NA	NA	NA	NA	NA	NA	0.96	0.9580000000000001	0.96	0.9590000000000001	0.949	0.037000000000000005	0.003000000000000001	0.04	1178	NA	NA	NA	NA
2019-09-01	Massachusetts	25017	Middlesex	Kindergarten	NA	NA	NA	NA	NA	NA	NA	NA	0.983	0.983	0.983	0.987	0.981	0.008000000000000002	0.0020000000000000005	0.01	16104	NA	NA	NA	NA
2019-09-01	Massachusetts	25019	Nantucket	Kindergarten	NA	NA	NA	NA	NA	NA	NA	NA	0.913	0.922	0.932	0.971	0.922	0.019000000000000003	0.01	0.029000000000000005	103	NA	NA	NA	NA
2019-09-01	Massachusetts	25021	Norfolk	Kindergarten	NA	NA	NA	NA	NA	NA	NA	NA	0.988	0.988	0.988	0.991	0.987	0.005000000000000001	0.0020000000000000005	0.008000000000000002	7290	NA	NA	NA	NA
2019-09-01	Massachusetts	25023	Plymouth	Kindergarten	NA	NA	NA	NA	NA	NA	NA	NA	0.979	0.98	0.98	0.984	0.976	0.009000000000000005	0.0020000000000000005	0.012000000000000002	5368	NA	NA	NA	NA
2019-09-01	Massachusetts	25025	Suffolk	Kindergarten	NA	NA	NA	NA	NA	NA	NA	NA	0.93	0.932	0.939	0.9570000000000001	0.924	0.003000000000000001	0.0010000000000000002	0.004000000000000001	6204	NA	NA	NA	NA
2019-09-01	Massachusetts	25027	Worcester	Kindergarten	NA	NA	NA	NA	NA	NA	NA	NA	0.975	0.975	0.974	0.985	0.972	0.012000000000000002	0.003000000000000001	0.014000000000000002	8581	NA	NA	NA	NA
2020-09-01	Massachusetts	25001	Barnstable	Kindergarten	NA	NA	NA	NA	NA	NA	NA	NA	0.966715976331361	0.966715976331361	0.9644970414201184	0.9770710059171597	0.9652366863905325	0.023668639053254437	0.0022189349112426045	0.025887573964497045	1352	NA	NA	NA	NA
2020-09-01	Massachusetts	25003	Berkshire	Kindergarten	NA	NA	NA	NA	NA	NA	NA	NA	0.9562189054726367	0.9502487562189057	0.954228855721393	0.9631840796019899	0.945273631840796	0.016915422885572143	0.003980099502487563	0.02089552238805971	1005	NA	NA	NA	NA
2020-09-01	Massachusetts	25005	Bristol	Kindergarten	NA	NA	NA	NA	NA	NA	NA	NA	0.974815375875781	0.9734898693429274	0.9757621662563907	0.9823896989206589	0.9725430789623175	0.011361484567316803	0.0011361484567316803	0.012497633024048476	5281	NA	NA	NA	NA
2020-09-01	Massachusetts	25007	Dukes	Kindergarten	NA	NA	NA	NA	NA	NA	NA	NA	0.9007092198581561	0.9078014184397165	0.9290780141843974	0.9290780141843974	0.9148936170212768	0.07801418439716312	0.007092198581560285	0.08510638297872344	141	NA	NA	NA	NA
2020-09-01	Massachusetts	25009	Essex	Kindergarten	NA	NA	NA	NA	NA	NA	NA	NA	0.9549750590706223	0.9564190076135469	0.9568128117616171	0.9728275137831451	0.9514308217379889	0.010238907849829351	0.0018377526909950123	0.012076660540824362	7618	NA	NA	NA	NA
2020-09-01	Massachusetts	25011	Franklin	Kindergarten	NA	NA	NA	NA	NA	NA	NA	NA	0.8718411552346571	0.8664259927797836	0.8790613718411552	0.8971119133574007	0.8628158844765345	0.027075812274368245	0	0.027075812274368245	554	NA	NA	NA	NA
2020-09-01	Massachusetts	25013	Hampden	Kindergarten	NA	NA	NA	NA	NA	NA	NA	NA	0.9221789883268483	0.921950102998398	0.9244678416113526	0.9585717555504693	0.9194323643854426	0.013962005035477232	0.0027466239414053574	0.016708628976882585	4369	NA	NA	NA	NA
2020-09-01	Massachusetts	25015	Hampshire	Kindergarten	NA	NA	NA	NA	NA	NA	NA	NA	0.9639024390243902	0.9639024390243902	0.9560975609756096	0.9697560975609757	0.9492682926829268	0.013658536585365857	9.756097560975614e-4	0.014634146341463417	1025	NA	NA	NA	NA
2020-09-01	Massachusetts	25017	Middlesex	Kindergarten	NA	NA	NA	NA	NA	NA	NA	NA	0.9740453866014406	0.9738415545590434	0.9763554830819404	0.980500067944014	0.9748607147710284	0.006590569370838431	0.001698600353308874	0.008289169724147305	14718	NA	NA	NA	NA
2020-09-01	Massachusetts	25019	Nantucket	Kindergarten	NA	NA	NA	NA	NA	NA	NA	NA	0.8532110091743119	0.871559633027523	0.8623853211009175	0.8899082568807339	0.8073394495412844	0.07339449541284407	0	0.07339449541284407	109	NA	NA	NA	NA
2020-09-01	Massachusetts	25021	Norfolk	Kindergarten	NA	NA	NA	NA	NA	NA	NA	NA	0.9862195682131374	0.9848415250344511	0.9839228295819935	0.98897565457051	0.9845352932169651	0.006277752258459656	0.002449854539886695	0.008727606798346353	6531	NA	NA	NA	NA
2020-09-01	Massachusetts	25023	Plymouth	Kindergarten	NA	NA	NA	NA	NA	NA	NA	NA	0.971791815653556	0.9721891140246325	0.9757647993643226	0.9807310290027811	0.9715931664680175	0.0073500198649185545	0.0027810885975367516	0.010131108462455306	5034	NA	NA	NA	NA
2020-09-01	Massachusetts	25025	Suffolk	Kindergarten	NA	NA	NA	NA	NA	NA	NA	NA	0.8747216035634748	0.8702672605790647	0.882702301410542	0.9174090571640684	0.8685968819599108	0.005382331106161842	0.0012991833704528585	0.0066815144766147	5388	NA	NA	NA	NA
2020-09-01	Massachusetts	25027	Worcester	Kindergarten	NA	NA	NA	NA	NA	NA	NA	NA	0.9653901829188051	0.9634162389788129	0.9663113567574678	0.9794709830240821	0.9613106987761545	0.008685353335965264	0.003158310303987368	0.011843663639952628	7599	NA	NA	NA	NA
2021-09-01	Massachusetts	25001	Barnstable	Kindergarten	NA	NA	NA	NA	NA	NA	NA	NA	0.962	0.9550000000000001	0.962	0.965	0.9560000000000001	0.021000000000000005	0.0020000000000000005	0.023000000000000003	1568	NA	NA	NA	NA
2021-09-01	Massachusetts	25003	Berkshire	Kindergarten	NA	NA	NA	NA	NA	NA	NA	NA	0.925	0.9370000000000002	0.925	0.941	0.916	0.023000000000000003	0.003000000000000001	0.026000000000000002	1023	NA	NA	NA	NA
2021-09-01	Massachusetts	25005	Bristol	Kindergarten	NA	NA	NA	NA	NA	NA	NA	NA	0.981	0.983	0.982	0.989	0.979	0.01	0.0020000000000000005	0.012000000000000002	5743	NA	NA	NA	NA
2021-09-01	Massachusetts	25007	Dukes	Kindergarten	NA	NA	NA	NA	NA	NA	NA	NA	0.943	0.943	0.962	0.924	0.943	0.07600000000000001	0	0.07600000000000001	105	NA	NA	NA	NA
2021-09-01	Massachusetts	25009	Essex	Kindergarten	NA	NA	NA	NA	NA	NA	NA	NA	0.962	0.964	0.966	0.975	0.96	0.007000000000000002	0.0010000000000000002	0.008000000000000002	8032	NA	NA	NA	NA
2021-09-01	Massachusetts	25011	Franklin	Kindergarten	NA	NA	NA	NA	NA	NA	NA	NA	0.882	0.8320000000000001	0.889	0.914	0.882	0.014000000000000002	0	0.014000000000000002	440	NA	NA	NA	NA
2021-09-01	Massachusetts	25013	Hampden	Kindergarten	NA	NA	NA	NA	NA	NA	NA	NA	0.929	0.924	0.922	0.9510000000000001	0.919	0.012999999999999998	0.0010000000000000002	0.014999999999999998	4567	NA	NA	NA	NA
2021-09-01	Massachusetts	25015	Hampshire	Kindergarten	NA	NA	NA	NA	NA	NA	NA	NA	0.967	0.97	0.972	0.973	0.972	0.018	0.003000000000000001	0.02	1124	NA	NA	NA	NA
2021-09-01	Massachusetts	25017	Middlesex	Kindergarten	NA	NA	NA	NA	NA	NA	NA	NA	0.978	0.98	0.98	0.985	0.979	0.006000000000000002	0.0020000000000000005	0.008000000000000002	15866	NA	NA	NA	NA
2021-09-01	Massachusetts	25019	Nantucket	Kindergarten	NA	NA	NA	NA	NA	NA	NA	NA	0.976	0.96	0.968	0.976	0.96	0.024000000000000004	0	0.024000000000000004	124	NA	NA	NA	NA
2021-09-01	Massachusetts	25021	Norfolk	Kindergarten	NA	NA	NA	NA	NA	NA	NA	NA	0.988	0.987	0.987	0.987	0.984	0.009000000000000005	0.0020000000000000005	0.011	7045	NA	NA	NA	NA
2021-09-01	Massachusetts	25023	Plymouth	Kindergarten	NA	NA	NA	NA	NA	NA	NA	NA	0.967	0.969	0.971	0.979	0.967	0.01	0.003000000000000001	0.012999999999999998	5750	NA	NA	NA	NA
2021-09-01	Massachusetts	25025	Suffolk	Kindergarten	NA	NA	NA	NA	NA	NA	NA	NA	0.892	0.886	0.899	0.903	0.887	0.003000000000000001	0.0010000000000000002	0.004000000000000001	5812	NA	NA	NA	NA
2021-09-01	Massachusetts	25027	Worcester	Kindergarten	NA	NA	NA	NA	NA	NA	NA	NA	0.962	0.961	0.964	0.973	0.96	0.008000000000000002	0.0020000000000000005	0.01	8383	NA	NA	NA	NA
2022-09-01	Massachusetts	25001	Barnstable	Kindergarten	NA	NA	NA	NA	NA	NA	NA	NA	0.949	0.949	0.9510000000000001	0.9580000000000001	0.945	0.03	0.003000000000000001	0.03200000000000001	1518	NA	NA	NA	NA
2022-09-01	Massachusetts	25003	Berkshire	Kindergarten	NA	NA	NA	NA	NA	NA	NA	NA	0.925	0.924	0.921	0.933	0.913	0.027000000000000007	0.0020000000000000005	0.028000000000000004	1093	NA	NA	NA	NA
2022-09-01	Massachusetts	25005	Bristol	Kindergarten	NA	NA	NA	NA	NA	NA	NA	NA	0.964	0.966	0.967	0.978	0.961	0.012999999999999998	0.0020000000000000005	0.014000000000000002	5663	NA	NA	NA	NA
2022-09-01	Massachusetts	25007	Dukes	Kindergarten	NA	NA	NA	NA	NA	NA	NA	NA	0.938	0.943	0.932	0.943	0.92	0.06300000000000001	0	0.06300000000000001	176	NA	NA	NA	NA
2022-09-01	Massachusetts	25009	Essex	Kindergarten	NA	NA	NA	NA	NA	NA	NA	NA	0.963	0.963	0.969	0.974	0.965	0.012000000000000002	0.0010000000000000002	0.012999999999999998	8302	NA	NA	NA	NA
2022-09-01	Massachusetts	25011	Franklin	Kindergarten	NA	NA	NA	NA	NA	NA	NA	NA	0.887	0.891	0.899	0.919	0.901	0.038000000000000006	0.0020000000000000005	0.04	494	NA	NA	NA	NA
2022-09-01	Massachusetts	25013	Hampden	Kindergarten	NA	NA	NA	NA	NA	NA	NA	NA	0.931	0.9400000000000001	0.944	0.963	0.9400000000000001	0.021000000000000005	0.0010000000000000002	0.022000000000000002	4624	NA	NA	NA	NA
2022-09-01	Massachusetts	25015	Hampshire	Kindergarten	NA	NA	NA	NA	NA	NA	NA	NA	0.962	0.962	0.961	0.969	0.961	0.02	0.0020000000000000005	0.022000000000000002	1021	NA	NA	NA	NA
2022-09-01	Massachusetts	25017	Middlesex	Kindergarten	NA	NA	NA	NA	NA	NA	NA	NA	0.98	0.981	0.981	0.986	0.978	0.008000000000000002	0.0020000000000000005	0.01	16055	NA	NA	NA	NA
2022-09-01	Massachusetts	25019	Nantucket	Kindergarten	NA	NA	NA	NA	NA	NA	NA	NA	0.8770000000000001	0.91	0.926	0.934	0.893	0.008000000000000002	0	0.008000000000000002	122	NA	NA	NA	NA
2022-09-01	Massachusetts	25021	Norfolk	Kindergarten	NA	NA	NA	NA	NA	NA	NA	NA	0.982	0.98	0.979	0.983	0.977	0.009000000000000005	0.003000000000000001	0.012000000000000002	7230	NA	NA	NA	NA
2022-09-01	Massachusetts	25023	Plymouth	Kindergarten	NA	NA	NA	NA	NA	NA	NA	NA	0.963	0.967	0.966	0.979	0.9590000000000001	0.012999999999999998	0.0020000000000000005	0.014999999999999998	5587	NA	NA	NA	NA
2022-09-01	Massachusetts	25025	Suffolk	Kindergarten	NA	NA	NA	NA	NA	NA	NA	NA	0.926	0.928	0.938	0.931	0.928	0.005000000000000001	0.0010000000000000002	0.005000000000000001	5712	NA	NA	NA	NA
2022-09-01	Massachusetts	25027	Worcester	Kindergarten	NA	NA	NA	NA	NA	NA	NA	NA	0.96	0.9590000000000001	0.963	0.975	0.9580000000000001	0.014999999999999998	0.0020000000000000005	0.017	8444	NA	NA	NA	NA
2023-09-01	Massachusetts	25001	Barnstable	Kindergarten	NA	NA	NA	NA	NA	NA	NA	NA	0.939	0.938	0.939	0.9500000000000001	0.931	0.031000000000000007	0.005000000000000001	0.03500000000000001	1473	NA	NA	NA	NA
2023-09-01	Massachusetts	25003	Berkshire	Kindergarten	NA	NA	NA	NA	NA	NA	NA	NA	0.935	0.946	0.928	0.961	0.925	0.019000000000000003	0.0010000000000000002	0.02	964	NA	NA	NA	NA
2023-09-01	Massachusetts	25005	Bristol	Kindergarten	NA	NA	NA	NA	NA	NA	NA	NA	0.971	0.971	0.974	0.981	0.967	0.014999999999999998	0.0020000000000000005	0.017	5636	NA	NA	NA	NA
2023-09-01	Massachusetts	25007	Dukes	Kindergarten	NA	NA	NA	NA	NA	NA	NA	NA	0.9520000000000001	0.9580000000000001	0.9580000000000001	0.97	0.945	0.04200000000000001	0.006000000000000002	0.04800000000000001	165	NA	NA	NA	NA
2023-09-01	Massachusetts	25009	Essex	Kindergarten	NA	NA	NA	NA	NA	NA	NA	NA	0.968	0.971	0.97	0.979	0.964	0.012000000000000002	0.0010000000000000002	0.012999999999999998	8274	NA	NA	NA	NA
2023-09-01	Massachusetts	25011	Franklin	Kindergarten	NA	NA	NA	NA	NA	NA	NA	NA	0.923	0.918	0.925	0.923	0.923	0.025000000000000005	0	0.025000000000000005	441	NA	NA	NA	NA
2023-09-01	Massachusetts	25013	Hampden	Kindergarten	NA	NA	NA	NA	NA	NA	NA	NA	0.927	0.927	0.926	0.949	0.917	0.019000000000000003	0.0020000000000000005	0.021000000000000005	4573	NA	NA	NA	NA
2023-09-01	Massachusetts	25015	Hampshire	Kindergarten	NA	NA	NA	NA	NA	NA	NA	NA	0.961	0.9590000000000001	0.966	0.975	0.9590000000000001	0.019000000000000003	0.005000000000000001	0.024000000000000004	1045	NA	NA	NA	NA
2023-09-01	Massachusetts	25017	Middlesex	Kindergarten	NA	NA	NA	NA	NA	NA	NA	NA	0.975	0.976	0.978	0.983	0.974	0.009000000000000005	0.0020000000000000005	0.011	16242	NA	NA	NA	NA
2023-09-01	Massachusetts	25019	Nantucket	Kindergarten	NA	NA	NA	NA	NA	NA	NA	NA	0.916	0.916	0.933	0.933	0.916	0.025000000000000005	0	0.025000000000000005	119	NA	NA	NA	NA
2023-09-01	Massachusetts	25021	Norfolk	Kindergarten	NA	NA	NA	NA	NA	NA	NA	NA	0.977	0.978	0.977	0.983	0.976	0.008000000000000002	0.0020000000000000005	0.011	7009	NA	NA	NA	NA
2023-09-01	Massachusetts	25023	Plymouth	Kindergarten	NA	NA	NA	NA	NA	NA	NA	NA	0.9590000000000001	0.9590000000000001	0.9570000000000001	0.975	0.9560000000000001	0.014999999999999998	0.0010000000000000002	0.016000000000000004	5479	NA	NA	NA	NA
2023-09-01	Massachusetts	25025	Suffolk	Kindergarten	NA	NA	NA	NA	NA	NA	NA	NA	0.927	0.933	0.938	0.9530000000000001	0.929	0.005000000000000001	0.0010000000000000002	0.006000000000000002	5696	NA	NA	NA	NA
2023-09-01	Massachusetts	25027	Worcester	Kindergarten	NA	NA	NA	NA	NA	NA	NA	NA	0.9550000000000001	0.9570000000000001	0.9590000000000001	0.969	0.9550000000000001	0.016000000000000004	0.0020000000000000005	0.017	8308	NA	NA	NA	NA
2024-09-01	Massachusetts	25001	Barnstable	Kindergarten	NA	NA	NA	NA	NA	NA	NA	NA	0.9560000000000001	0.9570000000000001	0.9520000000000001	0.964	0.948	0.025000000000000005	0.0020000000000000005	0.027000000000000007	1453	NA	NA	NA	NA
2024-09-01	Massachusetts	25003	Berkshire	Kindergarten	NA	NA	NA	NA	NA	NA	NA	NA	0.949	0.9550000000000001	0.918	0.9520000000000001	0.908	0.022000000000000002	0.004000000000000001	0.026000000000000002	770	NA	NA	NA	NA
2024-09-01	Massachusetts	25005	Bristol	Kindergarten	NA	NA	NA	NA	NA	NA	NA	NA	0.975	0.977	0.976	0.985	0.972	0.012999999999999998	0.0010000000000000002	0.014000000000000002	5652	NA	NA	NA	NA
2024-09-01	Massachusetts	25007	Dukes	Kindergarten	NA	NA	NA	NA	NA	NA	NA	NA	0.9580000000000001	0.9510000000000001	0.9510000000000001	0.9510000000000001	0.9510000000000001	0.04200000000000001	0	0.04200000000000001	144	NA	NA	NA	NA
2024-09-01	Massachusetts	25009	Essex	Kindergarten	NA	NA	NA	NA	NA	NA	NA	NA	0.964	0.963	0.965	0.973	0.9590000000000001	0.011	0.0010000000000000002	0.012999999999999998	8230	NA	NA	NA	NA
2024-09-01	Massachusetts	25011	Franklin	Kindergarten	NA	NA	NA	NA	NA	NA	NA	NA	0.91	0.915	0.915	0.917	0.91	0.022000000000000002	0	0.022000000000000002	555	NA	NA	NA	NA
2024-09-01	Massachusetts	25013	Hampden	Kindergarten	NA	NA	NA	NA	NA	NA	NA	NA	0.936	0.9370000000000002	0.938	0.9530000000000001	0.933	0.026000000000000002	0.0010000000000000002	0.027000000000000007	4924	NA	NA	NA	NA
2024-09-01	Massachusetts	25015	Hampshire	Kindergarten	NA	NA	NA	NA	NA	NA	NA	NA	0.961	0.965	0.9570000000000001	0.97	0.9520000000000001	0.02	0.0010000000000000002	0.021000000000000005	1038	NA	NA	NA	NA
2024-09-01	Massachusetts	25017	Middlesex	Kindergarten	NA	NA	NA	NA	NA	NA	NA	NA	0.98	0.981	0.981	0.986	0.978	0.01	0.0020000000000000005	0.012000000000000002	15547	NA	NA	NA	NA
2024-09-01	Massachusetts	25019	Nantucket	Kindergarten	NA	NA	NA	NA	NA	NA	NA	NA	0.902	0.902	0.91	0.917	0.902	0.038000000000000006	0	0.038000000000000006	133	NA	NA	NA	NA
2024-09-01	Massachusetts	25021	Norfolk	Kindergarten	NA	NA	NA	NA	NA	NA	NA	NA	0.977	0.977	0.978	0.984	0.978	0.009000000000000005	0.0020000000000000005	0.011	7261	NA	NA	NA	NA
2024-09-01	Massachusetts	25023	Plymouth	Kindergarten	NA	NA	NA	NA	NA	NA	NA	NA	0.9570000000000001	0.9580000000000001	0.962	0.974	0.9570000000000001	0.016000000000000004	0.0020000000000000005	0.018	5483	NA	NA	NA	NA
2024-09-01	Massachusetts	25025	Suffolk	Kindergarten	NA	NA	NA	NA	NA	NA	NA	NA	0.922	0.935	0.941	0.9580000000000001	0.927	0.007000000000000002	0.0010000000000000002	0.008000000000000002	5669	NA	NA	NA	NA
2024-09-01	Massachusetts	25027	Worcester	Kindergarten	NA	NA	NA	NA	NA	NA	NA	NA	0.964	0.965	0.966	0.975	0.9580000000000001	0.014999999999999998	0.0020000000000000005	0.016000000000000004	8722	NA	NA	NA	NA
2025-09-01	Massachusetts	25001	Barnstable	Kindergarten	NA	NA	NA	NA	NA	NA	NA	NA	0.9500000000000001	0.9530000000000001	0.9520000000000001	0.968	0.948	0.028000000000000004	0.0010000000000000002	0.029000000000000005	1446	NA	NA	NA	NA
2025-09-01	Massachusetts	25003	Berkshire	Kindergarten	NA	NA	NA	NA	NA	NA	NA	NA	0.939	0.941	0.926	0.964	0.916	0.024000000000000004	0	0.024000000000000004	949	NA	NA	NA	NA
2025-09-01	Massachusetts	25005	Bristol	Kindergarten	NA	NA	NA	NA	NA	NA	NA	NA	0.974	0.979	0.978	0.987	0.976	0.014000000000000002	0.0010000000000000002	0.014999999999999998	5748	NA	NA	NA	NA
2025-09-01	Massachusetts	25007	Dukes	Kindergarten	NA	NA	NA	NA	NA	NA	NA	NA	0.92	0.904	0.912	0.912	0.92	0.08800000000000002	0.008000000000000002	0.09600000000000002	125	NA	NA	NA	NA
2025-09-01	Massachusetts	25009	Essex	Kindergarten	NA	NA	NA	NA	NA	NA	NA	NA	0.963	0.967	0.965	0.978	0.961	0.016000000000000004	0.0010000000000000002	0.017	8083	NA	NA	NA	NA
2025-09-01	Massachusetts	25011	Franklin	Kindergarten	NA	NA	NA	NA	NA	NA	NA	NA	0.893	0.889	0.897	0.925	0.887	0.044000000000000004	0.006000000000000002	0.051000000000000004	495	NA	NA	NA	NA
2025-09-01	Massachusetts	25013	Hampden	Kindergarten	NA	NA	NA	NA	NA	NA	NA	NA	0.9370000000000002	0.932	0.942	0.9570000000000001	0.936	0.03	0.0020000000000000005	0.03200000000000001	4552	NA	NA	NA	NA
2025-09-01	Massachusetts	25015	Hampshire	Kindergarten	NA	NA	NA	NA	NA	NA	NA	NA	0.941	0.942	0.948	0.967	0.939	0.025000000000000005	0.003000000000000001	0.028000000000000004	994	NA	NA	NA	NA
2025-09-01	Massachusetts	25017	Middlesex	Kindergarten	NA	NA	NA	NA	NA	NA	NA	NA	0.98	0.982	0.981	0.987	0.979	0.012999999999999998	0.0020000000000000005	0.014000000000000002	16569	NA	NA	NA	NA
2025-09-01	Massachusetts	25019	Nantucket	Kindergarten	NA	NA	NA	NA	NA	NA	NA	NA	0.9500000000000001	0.933	0.941	0.916	0.882	0.034	0	0.034	119	NA	NA	NA	NA
2025-09-01	Massachusetts	25021	Norfolk	Kindergarten	NA	NA	NA	NA	NA	NA	NA	NA	0.976	0.977	0.977	0.986	0.978	0.012999999999999998	0.0010000000000000002	0.014000000000000002	7119	NA	NA	NA	NA
2025-09-01	Massachusetts	25023	Plymouth	Kindergarten	NA	NA	NA	NA	NA	NA	NA	NA	0.9550000000000001	0.9570000000000001	0.9570000000000001	0.974	0.9550000000000001	0.018	0.0010000000000000002	0.019000000000000003	5546	NA	NA	NA	NA
2025-09-01	Massachusetts	25025	Suffolk	Kindergarten	NA	NA	NA	NA	NA	NA	NA	NA	0.948	0.935	0.942	0.9580000000000001	0.936	0.006000000000000002	0.0010000000000000002	0.007000000000000002	5159	NA	NA	NA	NA
2025-09-01	Massachusetts	25027	Worcester	Kindergarten	NA	NA	NA	NA	NA	NA	NA	NA	0.96	0.962	0.962	0.977	0.9580000000000001	0.019000000000000003	0.0020000000000000005	0.022000000000000002	8418	NA	NA	NA	NA
